# Blender 5.2.0 LTS
# www.blender.org
mtllib noz_pequena.mtl
o cabeca
v 0.012389 0.563596 -0.063073
v 0.023653 0.561246 -0.060999
v 0.035568 0.561089 -0.058305
v 0.047012 0.560916 -0.053342
v 0.056476 0.560799 -0.046050
v 0.062993 0.559919 -0.037123
v 0.067982 0.557756 -0.025727
v 0.071805 0.557569 -0.013051
v 0.072736 0.556774 -0.001263
v 0.189132 0.383924 0.031312
v 0.070938 0.557664 0.011576
v 0.066298 0.557686 0.023488
v 0.059846 0.560432 0.035295
v 0.052079 0.563869 0.045391
v 0.126318 0.400307 0.159069
v 0.042485 0.567720 0.052910
v 0.032801 0.569837 0.060047
v 0.022466 0.571543 0.064011
v 0.011125 0.570732 0.064756
v 0.000262 0.568175 0.062169
v -0.061374 0.383830 0.165037
v -0.011228 0.566220 0.057642
v -0.093115 0.383827 0.148061
v -0.021452 0.565801 0.051933
v -0.120939 0.383836 0.125230
v -0.030393 0.565223 0.043468
v -0.143783 0.383849 0.097410
v -0.038047 0.565944 0.033618
v -0.160759 0.383858 0.065668
v -0.043539 0.565964 0.023636
v -0.171212 0.383859 0.031214
v -0.046797 0.566749 0.012111
v -0.174713 0.383887 -0.004608
v -0.047821 0.567217 -0.000020
v -0.167304 0.387614 -0.038853
v -0.046960 0.567759 -0.012205
v -0.152512 0.392006 -0.071783
v -0.043801 0.567405 -0.024106
v -0.037356 0.567095 -0.035149
v -0.030208 0.567045 -0.045364
v -0.020240 0.565947 -0.053220
v -0.061354 0.383859 -0.174317
v -0.009632 0.562959 -0.058123
v -0.026897 0.383859 -0.184769
v 0.000721 0.565716 -0.062795
v 0.224659 0.448329 0.084946
v 0.202972 0.448466 0.125388
v 0.173830 0.448551 0.160908
v 0.138077 0.448670 0.189719
v 0.008440 0.447971 0.229257
v -0.123300 0.449550 0.186841
v -0.157983 0.449204 0.157807
v -0.186465 0.448420 0.123117
v -0.207188 0.447806 0.084901
v -0.220157 0.447909 0.040911
v -0.219808 0.448400 -0.004630
v -0.114957 0.446814 -0.196206
v 0.080745 0.511192 -0.168419
v 0.142664 0.516844 -0.130091
v 0.165921 0.515144 -0.096564
v 0.118021 0.519636 0.142573
v 0.084698 0.487687 0.202775
v 0.007310 0.519373 0.180384
v -0.026495 0.517901 0.175692
v -0.064654 0.516098 0.160686
v -0.116184 0.510705 0.119448
v -0.137925 0.513049 0.094447
v -0.152301 0.508975 0.062570
v -0.160866 0.511555 0.032551
v -0.112629 0.509139 -0.132897
v 0.027548 0.384823 -0.188236
v 0.022322 0.562974 -0.057646
v 0.020587 0.564879 -0.053898
v 0.019188 0.567340 -0.051311
v 0.017425 0.567747 -0.050208
v 0.015892 0.567730 -0.051749
v 0.014151 0.566471 -0.055044
v 0.013034 0.564865 -0.059048
v 0.027906 0.521122 -0.166580
v 0.013954 0.530999 -0.154406
v 0.021119 0.534771 -0.129224
v 0.009393 0.545361 -0.115938
v 0.010687 0.550869 -0.098951
v 0.011598 0.556043 -0.084186
v 0.012297 0.560318 -0.071573
v 0.050133 0.395697 -0.196563
v 0.139916 0.383859 -0.132423
v 0.049466 0.384290 -0.184122
v 0.062852 0.384223 -0.180052
v 0.075831 0.385111 -0.174726
v 0.033552 0.562924 -0.055236
v 0.031052 0.564843 -0.051521
v 0.028639 0.566267 -0.049130
v 0.026600 0.566749 -0.048124
v 0.025331 0.565856 -0.050105
v 0.024529 0.564418 -0.053189
v 0.023898 0.562395 -0.057203
v 0.087634 0.399842 -0.187474
v 0.091434 0.393028 -0.176416
v 0.044221 0.562381 -0.050392
v 0.041034 0.564392 -0.047418
v 0.038399 0.566206 -0.045237
v 0.036186 0.566490 -0.044784
v 0.035072 0.565622 -0.046753
v 0.034981 0.564187 -0.050232
v 0.035165 0.562578 -0.054635
v 0.125451 0.396466 -0.162131
v 0.113837 0.385181 -0.155579
v 0.128782 0.383952 -0.143801
v 0.053255 0.561705 -0.043207
v 0.049176 0.563421 -0.040717
v 0.046835 0.566523 -0.039759
v 0.044811 0.567009 -0.040052
v 0.044287 0.565531 -0.041795
v 0.044593 0.563631 -0.045020
v 0.045679 0.561914 -0.049393
v 0.170769 0.435512 -0.160998
v 0.149713 0.393456 -0.137572
v 0.141965 0.383859 -0.131274
v 0.150921 0.383859 -0.121144
v 0.059695 0.560408 -0.034852
v 0.055239 0.560916 -0.032430
v 0.051945 0.563214 -0.032080
v 0.051614 0.565061 -0.032550
v 0.051894 0.565112 -0.035011
v 0.052800 0.563632 -0.038402
v 0.054662 0.562278 -0.042487
v 0.175240 0.396208 -0.107503
v 0.164195 0.384100 -0.102912
v 0.171191 0.384812 -0.091577
v 0.064250 0.559153 -0.024887
v 0.060201 0.561370 -0.024157
v 0.057722 0.563559 -0.024145
v 0.056272 0.565251 -0.025034
v 0.056622 0.564903 -0.027371
v 0.058101 0.563546 -0.030900
v 0.060426 0.561882 -0.034202
v 0.189911 0.400958 -0.090374
v 0.201188 0.396736 -0.050012
v 0.183733 0.384936 -0.063614
v 0.188475 0.384354 -0.045849
v 0.068113 0.559106 -0.012755
v 0.064058 0.561236 -0.012782
v 0.060363 0.561034 -0.013238
v 0.058631 0.561097 -0.014796
v 0.059272 0.561123 -0.017024
v 0.061549 0.559955 -0.020058
v 0.064839 0.558834 -0.023103
v 0.237233 0.434430 -0.009843
v 0.203366 0.395081 -0.031087
v 0.190826 0.384050 -0.032052
v 0.192439 0.383887 -0.013674
v 0.069362 0.558803 -0.001147
v 0.065731 0.561859 -0.001345
v 0.062430 0.561724 -0.002278
v 0.061011 0.561535 -0.003967
v 0.061927 0.561116 -0.006110
v 0.064530 0.560044 -0.008547
v 0.068240 0.558682 -0.011045
v 0.233256 0.426574 0.007612
v 0.220652 0.411565 0.017715
v 0.192581 0.383885 -0.000083
v 0.191759 0.383890 0.013415
v 0.191262 0.383893 0.017903
v 0.190658 0.383900 0.022380
v 0.189951 0.383911 0.026856
v 0.067434 0.558446 0.010306
v 0.063509 0.559300 0.009271
v 0.061058 0.560795 0.007622
v 0.060319 0.561837 0.006157
v 0.061881 0.561070 0.003976
v 0.064826 0.559572 0.001915
v 0.069046 0.557989 0.000253
v 0.220519 0.414509 0.037507
v 0.213415 0.406697 0.036108
v 0.205674 0.399030 0.034577
v 0.197509 0.391453 0.032967
v 0.188202 0.383937 0.035749
v 0.187150 0.383955 0.040170
v 0.185992 0.383960 0.044550
v 0.063521 0.559719 0.022451
v 0.060569 0.562320 0.020586
v 0.058178 0.562805 0.018215
v 0.057410 0.562427 0.016367
v 0.058895 0.561862 0.014980
v 0.062342 0.560177 0.013527
v 0.067043 0.558833 0.012055
v 0.222619 0.439435 0.084076
v 0.219001 0.430904 0.082579
v 0.214117 0.422674 0.080585
v 0.203542 0.418858 0.095171
v 0.196914 0.401074 0.070532
v 0.175016 0.384055 0.074164
v 0.168762 0.384122 0.086162
v 0.056734 0.561647 0.032951
v 0.054650 0.565059 0.030460
v 0.052824 0.565818 0.028168
v 0.053008 0.565373 0.026309
v 0.054919 0.563854 0.025223
v 0.058067 0.561348 0.023928
v 0.062308 0.559236 0.023643
v 0.201054 0.439623 0.124045
v 0.178782 0.403189 0.109188
v 0.135008 0.384105 0.128101
v 0.156514 0.384102 0.105105
v 0.148060 0.384109 0.115669
v 0.050438 0.565929 0.042488
v 0.048756 0.569762 0.040389
v 0.048113 0.570777 0.037760
v 0.048034 0.570716 0.035227
v 0.048464 0.569675 0.034222
v 0.051603 0.565628 0.033832
v 0.055561 0.562463 0.034059
v 0.172173 0.439727 0.159182
v 0.148046 0.399257 0.140065
v 0.146495 0.391683 0.129923
v 0.102699 0.389990 0.160894
v 0.108615 0.403863 0.174339
v 0.121943 0.384123 0.140499
v 0.119433 0.390756 0.151381
v 0.083068 0.392205 0.172395
v 0.041339 0.570751 0.050890
v 0.040919 0.575415 0.049269
v 0.041560 0.577339 0.046910
v 0.042997 0.577433 0.044804
v 0.043580 0.575695 0.043859
v 0.045533 0.571164 0.042963
v 0.048593 0.566668 0.043750
v 0.136825 0.439831 0.187711
v 0.093987 0.384071 0.157139
v 0.135277 0.423027 0.177771
v 0.141519 0.422549 -0.176157
v 0.085302 0.414867 -0.204223
v 0.173831 0.393582 0.097709
v 0.107170 0.384117 0.150841
v 0.078369 0.435671 -0.219392
v 0.133954 0.423567 -0.181937
v 0.070931 0.435138 -0.222697
v 0.063266 0.419184 -0.214972
v 0.121114 0.437621 -0.198376
v 0.094802 0.473320 -0.210482
v 0.032961 0.574193 0.057654
v 0.033548 0.579122 0.055931
v 0.034745 0.582445 0.055079
v 0.036466 0.583160 0.053626
v 0.036710 0.580582 0.052109
v 0.038016 0.576363 0.051608
v 0.040111 0.571347 0.052133
v 0.086114 0.436256 0.210586
v 0.103828 0.427105 0.198820
v 0.072341 0.405165 0.191550
v 0.070233 0.390170 -0.183645
v 0.076596 0.394537 0.177544
v 0.062155 0.384041 0.171322
v 0.023208 0.575278 0.061730
v 0.023934 0.579899 0.059871
v 0.025639 0.584055 0.058944
v 0.027444 0.585570 0.058443
v 0.028887 0.583761 0.057944
v 0.030002 0.579572 0.057740
v 0.031576 0.574284 0.058350
v 0.066541 0.436912 0.217077
v 0.051595 0.418611 0.210051
v 0.052103 0.401535 0.192574
v 0.030379 0.391641 0.186180
v 0.035768 0.384050 0.177107
v 0.012497 0.573847 0.061906
v 0.013608 0.578363 0.059709
v 0.014816 0.582114 0.059030
v 0.016557 0.584092 0.059048
v 0.018520 0.583098 0.059469
v 0.019764 0.579619 0.059933
v 0.021670 0.575257 0.061678
v -0.005625 0.418434 0.213779
v 0.015098 0.407234 0.202982
v -0.003956 0.402809 0.199440
v 0.016526 0.394338 0.189637
v -0.000168 0.383890 0.178893
v -0.013618 0.383869 0.177703
v 0.001991 0.570925 0.059519
v 0.003933 0.573811 0.056995
v 0.004813 0.577595 0.055887
v 0.006674 0.579850 0.055796
v 0.008312 0.579123 0.056879
v 0.009576 0.576839 0.058879
v 0.010871 0.573753 0.061923
v -0.039258 0.439109 0.221717
v -0.035644 0.430586 0.218406
v -0.034567 0.422398 0.213176
v -0.033293 0.414412 0.206926
v 0.138643 0.393502 -0.148900
v -0.035753 0.383845 0.173541
v -0.040103 0.383841 0.172382
v -0.044422 0.383841 0.171121
v -0.048712 0.383838 0.169757
v -0.052969 0.383836 0.168286
v -0.057190 0.383832 0.166713
v -0.008751 0.568424 0.055278
v -0.006367 0.572210 0.052960
v -0.003402 0.573860 0.051306
v -0.001094 0.574324 0.050700
v -0.000007 0.574404 0.052427
v 0.000294 0.572793 0.055169
v 0.000302 0.570576 0.059028
v -0.077388 0.441706 0.208569
v -0.080841 0.431156 0.204119
v -0.078653 0.422329 0.199456
v -0.073673 0.414378 0.194607
v -0.070878 0.406589 0.187910
v -0.067845 0.398927 0.180618
v -0.064650 0.391356 0.172926
v -0.065516 0.383828 0.163260
v -0.069611 0.383829 0.161382
v -0.073661 0.383828 0.159405
v -0.077661 0.383828 0.157329
v -0.081608 0.383828 0.155154
v -0.085501 0.383827 0.152884
v -0.089337 0.383826 0.150519
v -0.018466 0.567508 0.049680
v -0.014805 0.569798 0.047360
v -0.012209 0.572546 0.046211
v -0.009887 0.573098 0.046084
v -0.008988 0.572350 0.047675
v -0.009323 0.570610 0.050885
v -0.010346 0.568343 0.054633
v -0.117274 0.439002 0.189408
v -0.119770 0.430496 0.182890
v -0.112200 0.422331 0.181497
v -0.110913 0.414375 0.174686
v -0.106879 0.406583 0.168655
v -0.102488 0.398925 0.162089
v -0.097860 0.391355 0.155163
v -0.096830 0.383828 0.145512
v -0.100482 0.383830 0.142873
v -0.104068 0.383832 0.140145
v -0.107587 0.383834 0.137330
v -0.111035 0.383833 0.134429
v -0.114410 0.383835 0.131443
v -0.117713 0.383834 0.128377
v -0.026847 0.567045 0.041837
v -0.022527 0.569175 0.040078
v -0.019692 0.571889 0.039510
v -0.017354 0.572443 0.039815
v -0.016965 0.571579 0.041735
v -0.017946 0.569663 0.044882
v -0.019637 0.567350 0.048633
v -0.156658 0.439410 0.156812
v -0.149895 0.430514 0.158133
v -0.148102 0.422349 0.152397
v -0.143578 0.414384 0.147874
v -0.138449 0.406592 0.142746
v -0.132865 0.398934 0.137161
v -0.126976 0.391364 0.131271
v -0.124088 0.383838 0.122006
v -0.127156 0.383840 0.118705
v -0.130142 0.383843 0.115330
v -0.133044 0.383844 0.111883
v -0.135861 0.383845 0.108364
v -0.138591 0.383846 0.104778
v -0.141232 0.383847 0.101126
v -0.033930 0.567362 0.032473
v -0.029175 0.569642 0.031772
v -0.026268 0.572325 0.031627
v -0.024222 0.573000 0.032429
v -0.024454 0.572105 0.034690
v -0.025957 0.570047 0.037368
v -0.028276 0.567583 0.040834
v -0.184866 0.439318 0.121595
v -0.178566 0.430553 0.124013
v -0.175713 0.422371 0.118752
v -0.170399 0.414401 0.115200
v -0.164370 0.406609 0.111172
v -0.157805 0.398948 0.106785
v -0.150883 0.391376 0.102158
v -0.146242 0.383851 0.093634
v -0.148608 0.383853 0.089798
v -0.150879 0.383854 0.085906
v -0.153052 0.383857 0.081958
v -0.155128 0.383857 0.077958
v -0.157105 0.383857 0.073908
v -0.158983 0.383858 0.069810
v -0.039245 0.567758 0.023267
v -0.034408 0.569821 0.022716
v -0.031078 0.571858 0.023051
v -0.029073 0.572792 0.024172
v -0.029441 0.572158 0.026051
v -0.031807 0.570206 0.028526
v -0.035016 0.568075 0.031297
v -0.204863 0.439039 0.083937
v -0.201146 0.430582 0.082397
v -0.196237 0.422389 0.080364
v -0.190334 0.414416 0.077919
v -0.183636 0.406621 0.075145
v -0.176342 0.398959 0.072124
v -0.168650 0.391387 0.068937
v -0.162433 0.383859 0.061483
v -0.164004 0.383859 0.057258
v -0.165470 0.383859 0.052996
v -0.166832 0.383859 0.048699
v -0.168087 0.383859 0.044369
v -0.169237 0.383859 0.040010
v -0.170278 0.383859 0.035624
v -0.042684 0.568406 0.012325
v -0.037595 0.570410 0.013029
v -0.034640 0.573306 0.014166
v -0.032981 0.574083 0.015710
v -0.032959 0.573108 0.017130
v -0.036526 0.571006 0.019176
v -0.040375 0.568152 0.021828
v -0.217006 0.439413 0.040228
v -0.212261 0.431446 0.039249
v -0.207321 0.423256 0.038309
v -0.202400 0.414541 0.037407
v -0.195497 0.406624 0.036044
v -0.187754 0.398961 0.034504
v -0.179589 0.391388 0.032880
v -0.172037 0.383859 0.026782
v -0.172753 0.383859 0.022331
v -0.173360 0.383859 0.017864
v -0.173856 0.383859 0.013384
v -0.174243 0.383859 0.008892
v -0.174519 0.383860 0.004393
v -0.174678 0.383867 -0.000109
v -0.044114 0.569167 0.001232
v -0.039265 0.571497 0.002875
v -0.036008 0.573272 0.004268
v -0.034200 0.574313 0.006050
v -0.036017 0.572991 0.007939
v -0.039162 0.571079 0.009183
v -0.043070 0.568969 0.010923
v -0.217921 0.440236 -0.004572
v -0.216189 0.431420 -0.004578
v -0.212672 0.422601 -0.004606
v -0.206737 0.414428 -0.004618
v -0.199493 0.406632 -0.004616
v -0.191587 0.398982 -0.004612
v -0.183252 0.391417 -0.004608
v -0.174606 0.383936 -0.009095
v -0.174336 0.384036 -0.013558
v -0.173874 0.384214 -0.017982
v -0.173184 0.384506 -0.022350
v -0.172225 0.384949 -0.026644
v -0.170956 0.385586 -0.030842
v -0.169334 0.386457 -0.034925
v -0.042830 0.570065 -0.010511
v -0.038744 0.571743 -0.008213
v -0.035390 0.573917 -0.005613
v -0.034303 0.574210 -0.003920
v -0.036719 0.572784 -0.002651
v -0.039449 0.570968 -0.001197
v -0.043801 0.568955 -0.000289
v -0.210610 0.431476 -0.047677
v -0.205604 0.424282 -0.046683
v -0.197578 0.418827 -0.044485
v -0.189155 0.413070 -0.041901
v -0.181959 0.404810 -0.040776
v -0.174249 0.396566 -0.039748
v -0.164771 0.389128 -0.042562
v -0.161613 0.391050 -0.045991
v -0.157822 0.393294 -0.049197
v -0.153918 0.395376 -0.052534
v -0.151811 0.395889 -0.056817
v -0.151969 0.394750 -0.061909
v -0.152550 0.393240 -0.066982
v -0.040684 0.569543 -0.021644
v -0.036550 0.572374 -0.018504
v -0.034063 0.574322 -0.016040
v -0.033159 0.575117 -0.014138
v -0.034820 0.574604 -0.012681
v -0.038157 0.572626 -0.012222
v -0.042912 0.570052 -0.012250
v -0.164899 0.422393 -0.097983
v -0.168592 0.419955 -0.078830
v -0.162143 0.412382 -0.076315
v -0.156375 0.403366 -0.073729
v -0.151877 0.391096 -0.076352
v -0.150831 0.390420 -0.080751
v -0.149736 0.389614 -0.085131
v -0.148892 0.388329 -0.089627
v -0.147837 0.387132 -0.094025
v -0.035296 0.568865 -0.031863
v -0.032303 0.571197 -0.028366
v -0.030283 0.572851 -0.025408
v -0.029833 0.573896 -0.023407
v -0.031841 0.573258 -0.022109
v -0.035057 0.571531 -0.022519
v -0.039678 0.569477 -0.022996
v -0.157006 0.403068 -0.099155
v -0.134927 0.385144 -0.118562
v -0.028563 0.568836 -0.041564
v -0.026290 0.570889 -0.037844
v -0.024388 0.572595 -0.034550
v -0.025095 0.573048 -0.032567
v -0.027102 0.572446 -0.031641
v -0.030496 0.570740 -0.032091
v -0.034349 0.568710 -0.033372
v -0.150878 0.434643 -0.156598
v -0.141001 0.416923 -0.157278
v -0.126879 0.403628 -0.154495
v -0.117628 0.386024 -0.137802
v -0.101293 0.384946 -0.151203
v -0.019017 0.567711 -0.049511
v -0.017591 0.570394 -0.044976
v -0.017618 0.571181 -0.041297
v -0.018229 0.572828 -0.039853
v -0.020438 0.572192 -0.039757
v -0.023353 0.570292 -0.040728
v -0.027243 0.568712 -0.043055
v -0.114152 0.438519 -0.197011
v -0.153807 0.404421 -0.114165
v -0.089841 0.384238 -0.159222
v -0.077738 0.383904 -0.166512
v -0.065497 0.383859 -0.172540
v -0.009167 0.565211 -0.054655
v -0.008597 0.568096 -0.049980
v -0.008671 0.570402 -0.046595
v -0.009331 0.571460 -0.044678
v -0.011974 0.571065 -0.045890
v -0.014543 0.569503 -0.047779
v -0.017483 0.567846 -0.050445
v -0.079134 0.438939 -0.217623
v -0.077895 0.430545 -0.214397
v -0.076002 0.422381 -0.209717
v -0.073600 0.414418 -0.203883
v -0.070830 0.406623 -0.197193
v -0.067808 0.398961 -0.189899
v -0.064622 0.391388 -0.182207
v -0.057168 0.383859 -0.175990
v -0.052943 0.383859 -0.177561
v -0.048680 0.383859 -0.179027
v -0.044382 0.383859 -0.180388
v -0.040052 0.383859 -0.181644
v -0.035693 0.383859 -0.182793
v -0.031307 0.383859 -0.183835
v 0.000718 0.566906 -0.059017
v 0.000605 0.568306 -0.054166
v 0.000290 0.568999 -0.050213
v -0.000796 0.569626 -0.047785
v -0.002495 0.568354 -0.048783
v -0.004710 0.566517 -0.051555
v -0.007546 0.564560 -0.055054
v -0.035102 0.434828 -0.229666
v 0.016781 0.439609 -0.232224
v -0.007164 0.395286 -0.200252
v 0.007418 0.384382 -0.187696
v -0.013479 0.383896 -0.186954
v 0.031514 0.447065 -0.233342
v -0.028630 0.392357 -0.193915
v 0.011790 0.565586 -0.059333
v 0.010445 0.567545 -0.055604
v 0.009380 0.569700 -0.052599
v 0.008229 0.570317 -0.051063
v 0.006138 0.569553 -0.052216
v 0.004575 0.568349 -0.055372
v 0.002419 0.566904 -0.059456
v 0.025926 0.396333 -0.200324
v 0.020316 0.412612 -0.214880
v 0.054634 0.409052 -0.208751
v 0.056775 0.498109 -0.202613
v 0.084583 0.503509 -0.181175
v 0.104416 0.469860 -0.207227
v 0.108496 0.507964 -0.172057
v 0.123185 0.499806 -0.175922
v 0.127291 0.488126 -0.190485
v 0.128545 0.471294 -0.196481
v 0.140213 0.460126 -0.193660
v 0.121978 0.529933 -0.115774
v 0.174277 0.507705 -0.108430
v 0.180317 0.501723 -0.118014
v 0.189238 0.510358 -0.081112
v 0.203238 0.498541 -0.084868
v 0.215570 0.484688 -0.091800
v 0.224282 0.466344 -0.095305
v 0.218797 0.457611 -0.108240
v 0.203330 0.511211 -0.032352
v 0.221415 0.492940 -0.044300
v 0.236459 0.445044 -0.047032
v 0.203502 0.510927 0.004211
v 0.213824 0.500598 -0.000668
v 0.226187 0.486836 -0.007706
v 0.159851 0.536384 -0.011534
v 0.240728 0.457848 -0.013300
v 0.199198 0.513775 -0.012911
v 0.223156 0.488974 0.028836
v 0.208373 0.487533 0.086863
v 0.217747 0.476406 0.084992
v 0.223923 0.466749 0.081608
v 0.223569 0.457492 0.087615
v 0.180848 0.498202 0.117173
v 0.196555 0.475882 0.124592
v 0.203087 0.466848 0.122144
v 0.203228 0.457630 0.125625
v 0.133473 0.518246 0.125385
v 0.158287 0.494136 0.149449
v 0.164056 0.485228 0.155412
v 0.168128 0.476158 0.159469
v 0.172677 0.466931 0.159932
v 0.173996 0.457726 0.161150
v 0.088307 0.539702 0.114090
v 0.126011 0.494629 0.177006
v 0.138640 0.480854 0.180564
v 0.137512 0.467132 0.189118
v 0.138364 0.457823 0.190245
v 0.054639 0.512044 0.187619
v 0.073894 0.529355 0.146230
v 0.062614 0.523058 0.161732
v 0.087739 0.467993 0.211427
v 0.051084 0.500892 0.202957
v 0.064838 0.488928 0.208876
v 0.055887 0.531760 0.145739
v 0.036531 0.506306 0.197756
v 0.007543 0.511494 0.193541
v 0.007737 0.503422 0.205040
v 0.007841 0.494537 0.214129
v 0.008007 0.485196 0.220859
v 0.008116 0.475798 0.225626
v 0.008272 0.466411 0.228580
v 0.008366 0.457100 0.229875
v -0.029247 0.510547 0.188838
v -0.031701 0.502134 0.199896
v -0.031120 0.493594 0.209515
v -0.032824 0.485158 0.217153
v -0.034316 0.475456 0.222018
v -0.035039 0.466221 0.224527
v -0.040991 0.457504 0.223880
v -0.070659 0.508349 0.172551
v -0.063942 0.500375 0.188103
v -0.075340 0.480368 0.202543
v -0.076138 0.467874 0.205081
v -0.081740 0.458353 0.204881
v -0.094859 0.509948 0.148730
v -0.106596 0.490745 0.175101
v -0.111352 0.480830 0.183224
v -0.118234 0.469652 0.185567
v -0.111931 0.464375 0.190471
v -0.118134 0.459460 0.188818
v -0.125842 0.503605 0.129130
v -0.134782 0.498013 0.138828
v -0.144332 0.491322 0.144640
v -0.146964 0.483305 0.154927
v -0.155784 0.473905 0.156266
v -0.152941 0.465302 0.161631
v -0.157973 0.457717 0.157962
v -0.149437 0.505994 0.101822
v -0.159475 0.498547 0.108057
v -0.168498 0.490962 0.113913
v -0.174448 0.483451 0.121115
v -0.184163 0.475398 0.121374
v -0.182815 0.465410 0.127784
v -0.186776 0.457070 0.123737
v -0.164524 0.501680 0.067670
v -0.176288 0.494659 0.072143
v -0.186706 0.488091 0.076358
v -0.196393 0.483034 0.080533
v -0.204271 0.475907 0.083733
v -0.207095 0.466225 0.084872
v -0.207932 0.456895 0.085214
v -0.174107 0.503308 0.035765
v -0.186701 0.495718 0.032333
v -0.197983 0.488957 0.033181
v -0.207794 0.482472 0.034240
v -0.220873 0.466265 0.038140
v -0.220585 0.456939 0.043956
v -0.177336 0.502588 -0.001363
v -0.188721 0.492967 -0.006584
v -0.199384 0.484827 -0.006908
v -0.208200 0.480328 -0.010881
v -0.214250 0.473499 0.002439
v -0.221521 0.465814 -0.007534
v -0.220622 0.456398 -0.001805
v -0.183990 0.487644 -0.035918
v -0.198904 0.481628 -0.038263
v -0.185108 0.436186 -0.080477
v -0.208764 0.453717 -0.056872
v -0.163525 0.501558 -0.079537
v -0.176786 0.494163 -0.081681
v -0.186848 0.484223 -0.085190
v -0.196467 0.476826 -0.091695
v -0.177244 0.469327 -0.131053
v -0.128501 0.500031 -0.140420
v -0.152018 0.470016 -0.157386
v -0.144386 0.450870 -0.162998
v -0.098051 0.501584 -0.157032
v -0.112497 0.455938 -0.192990
v -0.072645 0.502919 -0.176713
v -0.028919 0.502131 -0.195958
v -0.066778 0.487019 -0.207464
v -0.036678 0.496224 -0.201538
v -0.034735 0.475693 -0.231339
v -0.036753 0.461586 -0.234326
v -0.000254 0.444309 -0.235366
v -0.066835 0.447753 -0.225260
v -0.058845 0.447796 -0.228261
v -0.053399 0.447811 -0.229977
v -0.023182 0.418062 -0.220271
v -0.017623 0.443495 -0.235073
v -0.102357 0.447116 -0.204981
v -0.091721 0.447356 -0.211860
v -0.080807 0.447577 -0.218384
v -0.135541 0.450912 -0.174189
v -0.127002 0.442426 -0.186697
v -0.161500 0.452716 -0.140531
v -0.153258 0.451335 -0.150192
v -0.185944 0.448932 -0.108773
v -0.169455 0.447954 -0.127690
v -0.205237 0.452900 -0.073111
v -0.222772 0.448146 -0.013193
v -0.223754 0.447876 -0.021688
v -0.222448 0.447796 -0.030006
v -0.219083 0.452142 -0.040656
v -0.221520 0.447831 0.035364
v -0.222848 0.447822 0.026860
v -0.224064 0.447824 0.015449
v -0.223618 0.447885 0.006851
v -0.221638 0.448092 0.001105
v -0.209264 0.447807 0.079551
v -0.210916 0.447808 0.074055
v -0.211772 0.447858 0.068295
v -0.211709 0.448077 0.062232
v -0.211658 0.448462 0.056184
v -0.214437 0.448457 0.051078
v -0.217865 0.448139 0.046177
v -0.192948 0.447942 0.113319
v -0.198723 0.447793 0.103122
v -0.202555 0.447797 0.095408
v -0.204937 0.447802 0.090184
v -0.165638 0.449246 0.149431
v -0.172885 0.449226 0.140810
v -0.179753 0.448959 0.132155
v -0.132101 0.450085 0.179993
v -0.140651 0.449849 0.173377
v -0.149509 0.449359 0.165983
v -0.085308 0.445151 0.204860
v -0.100745 0.449679 0.199350
v -0.112881 0.448788 0.193969
v -0.045844 0.448801 0.222038
v -0.056617 0.449871 0.218196
v -0.067310 0.450755 0.213601
v -0.078006 0.451118 0.208508
v 0.002710 0.447943 0.229205
v -0.003014 0.447931 0.229006
v -0.008673 0.447941 0.228595
v -0.014363 0.447928 0.228127
v -0.022905 0.447877 0.227183
v -0.034347 0.448008 0.225166
v 0.028689 0.458780 0.228293
v 0.019899 0.448047 0.229001
v 0.014181 0.448004 0.229176
v 0.078311 0.452026 0.216484
v 0.130449 0.450287 0.193878
v 0.022748 0.476105 0.224221
v 0.169669 0.448568 0.164876
v 0.165407 0.448592 0.168730
v 0.160996 0.448626 0.172420
v 0.156655 0.448610 0.176164
v 0.152179 0.448602 0.179796
v 0.147585 0.448645 0.183271
v 0.142875 0.448672 0.186578
v 0.199745 0.448464 0.130139
v 0.196323 0.448494 0.134747
v 0.192793 0.448518 0.139293
v 0.189276 0.448506 0.143835
v 0.185601 0.448504 0.148276
v 0.181768 0.448535 0.152573
v 0.177858 0.448548 0.156798
v 0.222354 0.448326 0.090189
v 0.219944 0.448348 0.095400
v 0.217458 0.448354 0.100590
v 0.214874 0.448346 0.105701
v 0.212091 0.448384 0.110749
v 0.209195 0.448415 0.115730
v 0.206143 0.448445 0.120601
v 0.235897 0.448264 0.049375
v 0.233781 0.448253 0.057711
v 0.231452 0.448215 0.065981
v 0.228745 0.448264 0.074184
v 0.226803 0.448289 0.079591
v 0.240958 0.444897 0.006781
v 0.240241 0.455168 0.026907
v 0.237692 0.452934 0.041002
v 0.239364 0.443786 -0.024456
v 0.228552 0.452418 -0.086185
v 0.229546 0.441279 -0.076010
v 0.200890 0.408145 -0.084129
v 0.182900 0.447055 -0.154504
v 0.200908 0.442341 -0.130713
v 0.167394 0.449110 -0.168620
v 0.109192 0.454862 -0.208642
v 0.117210 0.446181 -0.203487
v 0.131186 0.447372 -0.197212
v 0.070241 0.445678 -0.226612
v 0.085116 0.446744 -0.219999
v 0.043031 0.437406 -0.228196
v 0.004064 0.472577 -0.235550
v 0.011928 0.502557 -0.203667
v 0.025351 0.557781 -0.069168
v 0.027345 0.552987 -0.081489
v 0.029452 0.547189 -0.095751
v 0.039093 0.558094 -0.065979
v 0.043660 0.553548 -0.078042
v 0.048737 0.548095 -0.091678
v 0.054282 0.541196 -0.106149
v 0.088048 0.523599 -0.148272
v 0.051646 0.557957 -0.060405
v 0.058203 0.554263 -0.071363
v 0.065903 0.549835 -0.083896
v 0.074739 0.544738 -0.098044
v 0.083713 0.538914 -0.112618
v 0.092930 0.532931 -0.127667
v 0.106278 0.525463 -0.138927
v 0.062096 0.558127 -0.052288
v 0.070450 0.554235 -0.061640
v 0.080886 0.550154 -0.072845
v 0.092072 0.545241 -0.084942
v 0.103795 0.539238 -0.097417
v 0.115932 0.533566 -0.110116
v 0.130165 0.524391 -0.118372
v 0.069832 0.557745 -0.042360
v 0.080047 0.554380 -0.050037
v 0.091800 0.550738 -0.059264
v 0.105055 0.546362 -0.069644
v 0.123680 0.538945 -0.069814
v 0.141230 0.531602 -0.073213
v 0.156660 0.525024 -0.082638
v 0.075656 0.555373 -0.029450
v 0.087211 0.553636 -0.035504
v 0.100916 0.550546 -0.042284
v 0.115993 0.545917 -0.048775
v 0.079969 0.556037 -0.015258
v 0.091955 0.553504 -0.018915
v 0.106817 0.550247 -0.022817
v 0.080787 0.553977 -0.001556
v 0.093610 0.553301 -0.002401
v 0.109257 0.551512 -0.002913
v 0.125828 0.546435 -0.003972
v 0.159316 0.526650 -0.065352
v 0.079204 0.556209 0.012423
v 0.092303 0.554735 0.013764
v 0.107641 0.551614 0.015831
v 0.120212 0.545578 0.029232
v 0.164218 0.530719 0.032285
v 0.074363 0.554632 0.026307
v 0.087360 0.553597 0.030115
v 0.101378 0.549840 0.035347
v 0.068305 0.560176 0.039199
v 0.079334 0.556270 0.045433
v 0.092445 0.553177 0.052895
v 0.146027 0.529555 0.095338
v 0.057862 0.560417 0.050991
v 0.067532 0.554938 0.058124
v 0.078641 0.549215 0.067482
v 0.114513 0.536602 0.105880
v 0.046457 0.561172 0.059003
v 0.054148 0.556468 0.068382
v 0.062779 0.550785 0.080090
v 0.035067 0.563388 0.066144
v 0.039717 0.556528 0.076359
v 0.045403 0.549896 0.089100
v 0.052013 0.544997 0.104314
v 0.023038 0.564761 0.071052
v 0.024116 0.557009 0.081715
v 0.027141 0.549361 0.094643
v 0.029924 0.545031 0.111301
v 0.033288 0.539444 0.128258
v 0.037929 0.534628 0.145335
v 0.010691 0.564755 0.072103
v 0.010010 0.557328 0.083361
v 0.010321 0.550507 0.097319
v 0.008553 0.546232 0.114000
v 0.008222 0.539920 0.131034
v 0.007724 0.533693 0.148305
v 0.007345 0.526708 0.165036
v -0.002128 0.563551 0.069716
v -0.005181 0.557747 0.081920
v -0.008609 0.552405 0.095984
v -0.012118 0.547560 0.112122
v -0.016113 0.541198 0.128752
v -0.019933 0.533836 0.145214
v -0.023274 0.525699 0.160995
v -0.015071 0.562826 0.064483
v -0.020603 0.558154 0.075607
v -0.026608 0.552771 0.089431
v -0.033149 0.547432 0.104473
v -0.039849 0.539844 0.119524
v -0.046455 0.532085 0.134751
v -0.060904 0.522799 0.145179
v -0.026868 0.562350 0.058103
v -0.034586 0.557142 0.067655
v -0.043423 0.551234 0.078607
v -0.052374 0.544970 0.091029
v -0.061804 0.538177 0.105217
v -0.036787 0.561932 0.049094
v -0.046170 0.556503 0.057339
v -0.056501 0.550047 0.066855
v -0.067755 0.543155 0.076342
v -0.080551 0.536045 0.087112
v -0.093687 0.527558 0.098270
v -0.105260 0.519061 0.109053
v -0.046001 0.562239 0.037532
v -0.056012 0.556773 0.043750
v -0.068589 0.550383 0.051114
v -0.081911 0.543931 0.059838
v -0.096544 0.536294 0.068392
v -0.111054 0.528759 0.077367
v -0.125000 0.521109 0.086281
v -0.051356 0.562380 0.025756
v -0.062904 0.556431 0.029886
v -0.075884 0.549511 0.034571
v -0.090707 0.542387 0.040054
v -0.106903 0.534473 0.045907
v -0.122483 0.525595 0.051343
v -0.138067 0.517423 0.057721
v -0.054975 0.562904 0.013140
v -0.066864 0.557208 0.015231
v -0.080413 0.550522 0.018182
v -0.096211 0.543362 0.020541
v -0.113052 0.535406 0.023653
v -0.129532 0.527250 0.026856
v -0.145197 0.519813 0.030192
v -0.055767 0.563551 -0.001061
v -0.067887 0.557866 -0.001042
v -0.081988 0.551007 -0.001240
v -0.098304 0.544492 -0.002123
v -0.115270 0.536448 -0.002564
v -0.132001 0.528245 -0.002960
v -0.148293 0.520682 -0.002839
v -0.054629 0.563889 -0.014817
v -0.066335 0.557774 -0.017204
v -0.079675 0.550378 -0.019185
v -0.095050 0.542737 -0.022931
v -0.111047 0.533454 -0.026318
v -0.126783 0.524419 -0.029299
v -0.142311 0.515071 -0.031818
v -0.050666 0.563336 -0.027975
v -0.061785 0.557295 -0.032665
v -0.074788 0.550371 -0.037661
v -0.089632 0.543146 -0.044033
v -0.104745 0.534546 -0.050221
v -0.120299 0.524714 -0.055102
v -0.127931 0.513241 -0.073626
v -0.043996 0.562818 -0.040481
v -0.054198 0.556712 -0.047252
v -0.065855 0.549634 -0.055161
v -0.078291 0.541566 -0.063488
v -0.091946 0.532938 -0.072190
v -0.103994 0.521884 -0.080281
v -0.035887 0.563387 -0.050871
v -0.044274 0.558313 -0.060093
v -0.054531 0.552437 -0.070746
v -0.065816 0.546103 -0.081956
v -0.078728 0.540186 -0.093505
v -0.024681 0.562393 -0.060259
v -0.031402 0.557215 -0.070094
v -0.038641 0.550553 -0.082246
v -0.047539 0.543557 -0.095314
v -0.071677 0.528172 -0.118533
v -0.079122 0.518015 -0.137055
v -0.011817 0.559086 -0.065821
v -0.016486 0.553514 -0.077076
v -0.021492 0.548054 -0.090812
v -0.027281 0.541888 -0.105552
v -0.043980 0.524917 -0.134427
v -0.000620 0.562334 -0.071005
v -0.004140 0.557214 -0.083207
v -0.007264 0.550917 -0.097416
v -0.010538 0.543185 -0.111880
v -0.014982 0.536215 -0.128546
v -0.008984 0.533634 -0.148351
v -0.025627 0.512649 -0.160953
v -0.007502 0.515514 -0.184886
v 0.073705 0.517441 -0.157532
v 0.018584 0.516670 -0.184721
v -0.037342 0.504967 -0.170134
v -0.027165 0.509513 -0.177157
v -0.080717 0.511591 -0.155340
v -0.031598 0.518401 -0.141016
v -0.118905 0.512941 -0.088280
v -0.125744 0.504153 -0.109081
v -0.131316 0.505274 -0.089593
v -0.121961 0.509311 -0.120671
v -0.155650 0.511614 -0.048275
v -0.153915 0.513191 -0.059750
v -0.160917 0.508836 -0.016598
v -0.158357 0.503921 -0.023067
v -0.156793 0.502499 -0.027168
v -0.156194 0.504197 -0.033939
v -0.160514 0.510395 0.025902
v -0.161120 0.511022 0.015607
v -0.163815 0.512976 -0.000782
v -0.154332 0.511880 0.060015
v -0.156012 0.512759 0.055495
v -0.155826 0.511038 0.051374
v -0.154270 0.507833 0.048225
v -0.155208 0.506855 0.043840
v -0.156971 0.508021 0.039916
v -0.159429 0.510770 0.037083
v -0.140190 0.512866 0.090556
v -0.141558 0.511633 0.086399
v -0.143389 0.511371 0.082259
v -0.144912 0.511081 0.077973
v -0.146192 0.508966 0.074145
v -0.147454 0.507149 0.070143
v -0.149641 0.507097 0.065874
v -0.119652 0.513423 0.117907
v -0.122730 0.514459 0.114654
v -0.124966 0.513007 0.110719
v -0.125994 0.510593 0.107109
v -0.128313 0.509223 0.103439
v -0.131385 0.509611 0.099856
v -0.134522 0.512004 0.097592
v -0.097655 0.513940 0.138952
v -0.103599 0.512867 0.133174
v -0.108465 0.509998 0.126666
v -0.073919 0.514051 0.154746
v -0.082715 0.513451 0.149194
v -0.030097 0.516007 0.173734
v -0.034440 0.515598 0.172329
v -0.038796 0.517176 0.171906
v -0.043039 0.517823 0.170851
v -0.047385 0.517758 0.169319
v -0.050921 0.516293 0.166732
v -0.055120 0.516366 0.165069
v 0.004166 0.516301 0.178682
v -0.000618 0.515778 0.178295
v -0.004470 0.518297 0.179151
v -0.008973 0.519114 0.179044
v -0.013230 0.517991 0.177931
v -0.017542 0.517251 0.176870
v -0.022091 0.518408 0.176747
v 0.020852 0.519640 0.179820
v 0.011824 0.520404 0.180779
v 0.096405 0.520841 0.157492
v 0.106276 0.528314 0.134434
v 0.081219 0.535760 0.126560
v 0.160194 0.520629 0.099871
v 0.151049 0.520419 0.111625
v 0.183657 0.520601 0.054522
v 0.177652 0.520445 0.073161
v 0.163924 0.534823 -0.025152
v 0.183853 0.520018 -0.059214
v 0.173731 0.518495 -0.083878
v 0.148402 0.514393 -0.122056
v 0.154669 0.514449 -0.114140
v 0.122214 0.513216 -0.144632
v 0.157404 0.511897 -0.123563
v 0.131470 0.516584 -0.140290
v 0.096546 0.515818 -0.162306
v 0.061741 0.507014 -0.173738
v 0.030689 0.514843 -0.182273
v 0.049209 0.507593 -0.176750
v 0.012102 0.544382 -0.114936
v 0.012729 0.549953 -0.098051
v 0.013264 0.555505 -0.083177
v 0.013649 0.560714 -0.069720
v 0.014792 0.543766 -0.113926
v 0.015024 0.549509 -0.096984
v 0.015037 0.555602 -0.081310
v 0.014911 0.561633 -0.066909
v 0.017436 0.543036 -0.112632
v 0.017359 0.549158 -0.095716
v 0.016946 0.555709 -0.079304
v 0.016494 0.562448 -0.064547
v 0.029720 0.525862 -0.146684
v 0.020060 0.541775 -0.111634
v 0.019439 0.548473 -0.094425
v 0.018880 0.555370 -0.078104
v 0.018016 0.562426 -0.063253
v 0.022875 0.540900 -0.111361
v 0.021887 0.547539 -0.094401
v 0.020906 0.554447 -0.078507
v 0.019683 0.560900 -0.063655
v 0.048450 0.531852 -0.123387
v 0.035049 0.539547 -0.109202
v 0.024338 0.547454 -0.095084
v 0.023137 0.553572 -0.079634
v 0.021735 0.559816 -0.065693
v 0.026946 0.547199 -0.095587
v 0.025265 0.553287 -0.081041
v 0.023675 0.558313 -0.067824
v 0.057307 0.514897 -0.158266
v 0.031758 0.547086 -0.094791
v 0.029111 0.553151 -0.080415
v 0.026579 0.558435 -0.067428
v 0.033963 0.547107 -0.093545
v 0.030767 0.553396 -0.078479
v 0.027454 0.559527 -0.064577
v 0.051328 0.523016 -0.141755
v 0.036215 0.547533 -0.092129
v 0.032421 0.553802 -0.076538
v 0.028686 0.560571 -0.062178
v 0.042715 0.540642 -0.107585
v 0.038602 0.547532 -0.091179
v 0.034379 0.554396 -0.075493
v 0.030364 0.561020 -0.060905
v 0.045451 0.540824 -0.107362
v 0.041179 0.547680 -0.091015
v 0.036650 0.554761 -0.075732
v 0.032388 0.560270 -0.061270
v 0.048456 0.540534 -0.107102
v 0.043670 0.548399 -0.091783
v 0.039167 0.554410 -0.076865
v 0.034734 0.560111 -0.063380
v 0.051402 0.540669 -0.106557
v 0.046286 0.548378 -0.091886
v 0.041614 0.554247 -0.077860
v 0.037119 0.558938 -0.065331
v 0.056904 0.541903 -0.105192
v 0.050886 0.548421 -0.090474
v 0.045057 0.553400 -0.076423
v 0.039671 0.558419 -0.064160
v 0.059477 0.542812 -0.104034
v 0.052757 0.548690 -0.088701
v 0.046176 0.554083 -0.074272
v 0.040109 0.559416 -0.061321
v 0.076317 0.528663 -0.134111
v 0.069151 0.536062 -0.118209
v 0.062036 0.542840 -0.102291
v 0.054420 0.548349 -0.086640
v 0.047441 0.554894 -0.072349
v 0.040821 0.560416 -0.058673
v 0.079357 0.528667 -0.132505
v 0.072024 0.535872 -0.116675
v 0.063973 0.541730 -0.100536
v 0.056424 0.548371 -0.085066
v 0.048896 0.554421 -0.070580
v 0.042148 0.560777 -0.056999
v 0.042679 0.518015 -0.157299
v 0.082825 0.529759 -0.131560
v 0.074895 0.535751 -0.115405
v 0.066790 0.542403 -0.099675
v 0.058894 0.548984 -0.084698
v 0.051317 0.554413 -0.070393
v 0.044446 0.560257 -0.057084
v 0.086299 0.530761 -0.130383
v 0.077791 0.537832 -0.115328
v 0.069251 0.544208 -0.099855
v 0.061151 0.550392 -0.085252
v 0.053677 0.555160 -0.071218
v 0.047126 0.559537 -0.058221
v 0.089580 0.531977 -0.129131
v 0.080796 0.538657 -0.114154
v 0.072092 0.545086 -0.099244
v 0.063842 0.550420 -0.084769
v 0.056254 0.555206 -0.071537
v 0.049959 0.559322 -0.059995
v 0.121872 0.518697 -0.135141
v 0.095706 0.531731 -0.125264
v 0.086180 0.538118 -0.110620
v 0.076390 0.543626 -0.096072
v 0.067128 0.548636 -0.082164
v 0.058704 0.553440 -0.069415
v 0.051771 0.557856 -0.058378
v 0.113587 0.518888 -0.141691
v 0.098663 0.531126 -0.122914
v 0.088441 0.536909 -0.108374
v 0.078162 0.542617 -0.093941
v 0.068474 0.548134 -0.079962
v 0.059536 0.553472 -0.067214
v 0.051822 0.558933 -0.055391
v 0.113549 0.521993 -0.131450
v 0.100862 0.529319 -0.120309
v 0.090862 0.536424 -0.106133
v 0.080058 0.542360 -0.091637
v 0.069888 0.548298 -0.077712
v 0.060475 0.554541 -0.064760
v 0.051996 0.560665 -0.052641
v 0.103825 0.529312 -0.117967
v 0.092944 0.535464 -0.103757
v 0.082269 0.542926 -0.089890
v 0.071339 0.548146 -0.075656
v 0.061513 0.554594 -0.062820
v 0.052991 0.560858 -0.050594
v 0.106902 0.529904 -0.115910
v 0.095791 0.535946 -0.101983
v 0.084585 0.542139 -0.088168
v 0.073669 0.547946 -0.074589
v 0.063283 0.553380 -0.061879
v 0.054539 0.559109 -0.050234
v 0.109996 0.531755 -0.114429
v 0.098444 0.537802 -0.101002
v 0.087281 0.542779 -0.086960
v 0.076235 0.548445 -0.073940
v 0.065977 0.553156 -0.061711
v 0.057280 0.558089 -0.050736
v 0.112880 0.532445 -0.112262
v 0.101195 0.538916 -0.099467
v 0.089577 0.544607 -0.086412
v 0.078591 0.549607 -0.073762
v 0.068332 0.554153 -0.062239
v 0.060210 0.558616 -0.052379
v 0.118334 0.532720 -0.107234
v 0.105909 0.538821 -0.094887
v 0.093728 0.544691 -0.082598
v 0.082168 0.549854 -0.070636
v 0.071230 0.554008 -0.059709
v 0.061590 0.557635 -0.050146
v 0.120242 0.531315 -0.104382
v 0.107691 0.537685 -0.092344
v 0.094764 0.543580 -0.080212
v 0.082450 0.548821 -0.068304
v 0.070983 0.553424 -0.057144
v 0.060799 0.558092 -0.046970
v 0.136063 0.521023 -0.109495
v 0.121429 0.529071 -0.101429
v 0.108864 0.536392 -0.089594
v 0.096093 0.543241 -0.077553
v 0.083051 0.548238 -0.065705
v 0.070958 0.552991 -0.054459
v 0.060145 0.558361 -0.043878
v 0.123874 0.528699 -0.098432
v 0.110272 0.534951 -0.086806
v 0.097237 0.542309 -0.075141
v 0.083986 0.547706 -0.063405
v 0.071517 0.552781 -0.052216
v 0.060318 0.558110 -0.041728
v 0.126477 0.529898 -0.095893
v 0.112775 0.535672 -0.084450
v 0.098990 0.541273 -0.072893
v 0.085785 0.546944 -0.061682
v 0.073308 0.552042 -0.050932
v 0.061925 0.557181 -0.040872
v 0.128834 0.532755 -0.094569
v 0.114664 0.538672 -0.083904
v 0.101447 0.542413 -0.071255
v 0.088200 0.547558 -0.060514
v 0.075824 0.552380 -0.050324
v 0.064933 0.556843 -0.041028
v 0.131245 0.533140 -0.091813
v 0.117019 0.539809 -0.081827
v 0.102836 0.545192 -0.071341
v 0.090027 0.549371 -0.060346
v 0.078095 0.553539 -0.050566
v 0.067686 0.557573 -0.042506
v 0.106220 0.545220 -0.067104
v 0.093069 0.550857 -0.057007
v 0.080631 0.554857 -0.047943
v 0.069351 0.558314 -0.040109
v 0.107380 0.545039 -0.064156
v 0.093092 0.549947 -0.054490
v 0.079892 0.554705 -0.045286
v 0.068310 0.559405 -0.037387
v 0.108420 0.544823 -0.061294
v 0.093153 0.549215 -0.051863
v 0.079504 0.553856 -0.042797
v 0.067128 0.559353 -0.034410
v 0.109542 0.544850 -0.058436
v 0.093826 0.548725 -0.049342
v 0.079422 0.553537 -0.040386
v 0.066829 0.558908 -0.032275
v 0.111120 0.545148 -0.055934
v 0.095466 0.548842 -0.047310
v 0.081011 0.552705 -0.038789
v 0.068092 0.557633 -0.031044
v 0.112886 0.545184 -0.053540
v 0.097457 0.549834 -0.045821
v 0.083327 0.553209 -0.037771
v 0.070639 0.556193 -0.030361
v 0.114597 0.545472 -0.051136
v 0.099462 0.549492 -0.043971
v 0.085750 0.552653 -0.036648
v 0.074024 0.556197 -0.030284
v 0.116895 0.545917 -0.046055
v 0.101442 0.550751 -0.039933
v 0.087256 0.554192 -0.033288
v 0.074733 0.555635 -0.027334
v 0.169141 0.527531 -0.054174
v 0.119329 0.544875 -0.035873
v 0.101453 0.550419 -0.037229
v 0.086552 0.554450 -0.030694
v 0.073023 0.556214 -0.024636
v 0.153268 0.535241 -0.049325
v 0.136074 0.540717 -0.042498
v 0.101335 0.550166 -0.034454
v 0.085911 0.554859 -0.028018
v 0.071604 0.556722 -0.021893
v 0.101657 0.550143 -0.031755
v 0.085914 0.554912 -0.025572
v 0.071436 0.557129 -0.019630
v 0.102963 0.549862 -0.029494
v 0.087203 0.553850 -0.023766
v 0.072868 0.557932 -0.018073
v 0.104373 0.549718 -0.027232
v 0.088819 0.553330 -0.022051
v 0.075640 0.557508 -0.017146
v 0.105810 0.549997 -0.025051
v 0.090677 0.552964 -0.020449
v 0.078248 0.556150 -0.016272
v 0.124652 0.548784 -0.013904
v 0.106854 0.549784 -0.020440
v 0.091781 0.553868 -0.016801
v 0.078872 0.556159 -0.013371
v 0.176937 0.528077 -0.014320
v 0.106514 0.550167 -0.017958
v 0.090490 0.553843 -0.014437
v 0.076417 0.556319 -0.011123
v 0.187058 0.522196 -0.027542
v 0.106092 0.550732 -0.015137
v 0.089382 0.554073 -0.012001
v 0.074606 0.556719 -0.008798
v 0.175499 0.527579 0.016333
v 0.105955 0.550748 -0.012503
v 0.088773 0.553539 -0.009792
v 0.074043 0.557396 -0.006818
v 0.106551 0.550534 -0.009963
v 0.089547 0.553321 -0.007725
v 0.075049 0.557524 -0.005079
v 0.107557 0.550433 -0.007535
v 0.090891 0.552478 -0.005878
v 0.077090 0.556298 -0.003765
v 0.125930 0.548229 -0.006261
v 0.108539 0.550944 -0.005260
v 0.092472 0.552433 -0.003980
v 0.079260 0.554798 -0.002772
v 0.125645 0.546380 -0.001083
v 0.108800 0.551200 -0.000483
v 0.092803 0.553661 -0.000376
v 0.079182 0.554542 -0.000032
v 0.177928 0.526959 -0.038400
v 0.125015 0.546072 0.001824
v 0.107626 0.550594 0.001792
v 0.090969 0.554005 0.001618
v 0.076363 0.555124 0.001407
v 0.124444 0.545973 0.004851
v 0.106615 0.549815 0.004111
v 0.089719 0.553960 0.003638
v 0.074313 0.555791 0.003473
v 0.143820 0.542055 0.006234
v 0.124001 0.546064 0.007839
v 0.105889 0.549318 0.006600
v 0.088776 0.553653 0.005859
v 0.073169 0.555803 0.005316
v 0.124031 0.546704 0.010870
v 0.105826 0.548971 0.009145
v 0.088615 0.552762 0.007883
v 0.073852 0.555817 0.007311
v 0.124333 0.547404 0.013888
v 0.106558 0.549596 0.011650
v 0.089911 0.552530 0.010242
v 0.075556 0.556066 0.009205
v 0.124594 0.548291 0.016841
v 0.107517 0.551410 0.013468
v 0.091397 0.553444 0.012175
v 0.077703 0.555340 0.011174
v 0.106607 0.550511 0.017981
v 0.091505 0.555388 0.015702
v 0.077600 0.557188 0.013476
v 0.105199 0.550358 0.020426
v 0.089409 0.555733 0.017541
v 0.074408 0.557841 0.014962
v 0.138561 0.541618 0.032621
v 0.103685 0.550084 0.022685
v 0.087356 0.555809 0.019456
v 0.071586 0.557426 0.016431
v 0.102334 0.549713 0.025072
v 0.086047 0.554984 0.021418
v 0.070399 0.557597 0.018287
v 0.168649 0.529593 0.052550
v 0.101799 0.549346 0.027665
v 0.085626 0.553813 0.023493
v 0.070921 0.558601 0.020245
v 0.153539 0.537221 0.044768
v 0.101845 0.549504 0.030368
v 0.086007 0.552450 0.025737
v 0.072250 0.557747 0.022762
v 0.101987 0.549842 0.032987
v 0.087263 0.552378 0.028373
v 0.073992 0.555481 0.024520
v 0.141793 0.540927 0.049606
v 0.100161 0.549852 0.037465
v 0.086280 0.554767 0.031448
v 0.072662 0.555446 0.027215
v 0.098743 0.551190 0.039427
v 0.083976 0.555003 0.033081
v 0.069349 0.555946 0.027980
v 0.110563 0.549590 0.053814
v 0.096874 0.551912 0.041083
v 0.081070 0.554650 0.034327
v 0.066125 0.556578 0.029192
v 0.158508 0.529396 0.074146
v 0.144651 0.537900 0.067170
v 0.128638 0.544447 0.059397
v 0.095083 0.552503 0.043105
v 0.079817 0.554092 0.036202
v 0.064377 0.557537 0.030891
v 0.094196 0.552127 0.045649
v 0.079315 0.554231 0.038553
v 0.064656 0.558603 0.032591
v 0.093720 0.552135 0.048297
v 0.079012 0.555011 0.040895
v 0.065393 0.557957 0.035724
v 0.093187 0.552030 0.050836
v 0.079518 0.555943 0.043252
v 0.067250 0.558659 0.037813
v 0.097013 0.550053 0.071897
v 0.090850 0.553042 0.054766
v 0.077720 0.556289 0.046851
v 0.066227 0.560721 0.040065
v 0.088821 0.552381 0.056070
v 0.074936 0.556002 0.047754
v 0.062651 0.561134 0.040076
v 0.086270 0.551768 0.057455
v 0.072023 0.555779 0.048441
v 0.058943 0.560838 0.040245
v 0.128646 0.537722 0.091161
v 0.113414 0.544205 0.080976
v 0.084183 0.551344 0.059172
v 0.070138 0.554750 0.049551
v 0.057185 0.560857 0.041578
v 0.082361 0.551117 0.061097
v 0.068784 0.554745 0.051640
v 0.056588 0.561053 0.043376
v 0.081218 0.550349 0.063352
v 0.068116 0.554643 0.053785
v 0.056272 0.560965 0.045998
v 0.080073 0.549826 0.065624
v 0.068285 0.555404 0.056160
v 0.057163 0.559538 0.048987
v 0.076610 0.549048 0.068961
v 0.065546 0.554407 0.058796
v 0.055864 0.561072 0.051223
v 0.074223 0.549669 0.069972
v 0.062628 0.554789 0.059092
v 0.052062 0.561655 0.050509
v 0.071632 0.550096 0.070998
v 0.059822 0.554956 0.059489
v 0.049242 0.563579 0.050091
v 0.095046 0.543441 0.098765
v 0.081907 0.545563 0.085026
v 0.069160 0.550286 0.072142
v 0.057497 0.555144 0.060368
v 0.047640 0.564458 0.050940
v 0.067477 0.550602 0.074123
v 0.056152 0.555768 0.061895
v 0.046611 0.564771 0.052696
v 0.065919 0.550461 0.076276
v 0.055373 0.555639 0.064245
v 0.046334 0.563973 0.054765
v 0.064390 0.550287 0.078427
v 0.055336 0.556426 0.066659
v 0.046865 0.562305 0.057235
v 0.070224 0.549083 0.096184
v 0.060983 0.552112 0.081467
v 0.052237 0.555729 0.068678
v 0.044481 0.562447 0.058705
v 0.090794 0.528669 0.144939
v 0.067455 0.548166 0.096598
v 0.058216 0.552052 0.081908
v 0.049470 0.556215 0.068317
v 0.042125 0.564266 0.057820
v 0.064589 0.547071 0.097190
v 0.055625 0.551022 0.081868
v 0.047119 0.556517 0.068086
v 0.039543 0.566897 0.057572
v 0.077854 0.545101 0.105009
v 0.061883 0.546615 0.098309
v 0.053349 0.550365 0.082798
v 0.044850 0.556766 0.068823
v 0.038140 0.568683 0.057910
v 0.059372 0.546066 0.099804
v 0.051112 0.550289 0.084226
v 0.043407 0.557388 0.070553
v 0.037020 0.568816 0.059830
v 0.056902 0.545691 0.101356
v 0.049057 0.549903 0.085789
v 0.042080 0.556639 0.072600
v 0.036370 0.566347 0.061862
v 0.054451 0.545094 0.102875
v 0.047386 0.550073 0.087751
v 0.041240 0.556695 0.074995
v 0.036166 0.564041 0.064458
v 0.049215 0.545049 0.105154
v 0.043073 0.549759 0.089548
v 0.037647 0.556249 0.076234
v 0.033567 0.564792 0.065686
v 0.046317 0.545330 0.105818
v 0.040438 0.549573 0.089427
v 0.035342 0.557134 0.075679
v 0.031769 0.567270 0.064507
v 0.076455 0.512282 0.175145
v 0.048217 0.540213 0.123965
v 0.043384 0.545546 0.106438
v 0.037832 0.550247 0.089668
v 0.033125 0.558215 0.075152
v 0.030036 0.569627 0.063571
v 0.040562 0.545806 0.107253
v 0.035406 0.550702 0.090227
v 0.030994 0.558910 0.075457
v 0.028294 0.570950 0.063535
v 0.037645 0.546053 0.108463
v 0.033631 0.551904 0.091766
v 0.029202 0.558927 0.076864
v 0.026694 0.569418 0.064872
v 0.064799 0.537022 0.130108
v 0.035111 0.546826 0.109928
v 0.031364 0.551755 0.093413
v 0.027406 0.558221 0.078672
v 0.025380 0.567501 0.066857
v 0.036329 0.540223 0.127785
v 0.032304 0.546654 0.110965
v 0.029223 0.550473 0.094092
v 0.025771 0.556928 0.079967
v 0.024134 0.565503 0.068997
v 0.030109 0.538095 0.128421
v 0.027560 0.543436 0.111025
v 0.024742 0.550145 0.095119
v 0.024354 0.559228 0.082346
v 0.022857 0.566931 0.070996
v 0.032034 0.528149 0.163678
v 0.029454 0.534112 0.146781
v 0.026819 0.538107 0.128855
v 0.024435 0.543860 0.111220
v 0.023881 0.552686 0.095889
v 0.022193 0.560943 0.081840
v 0.021271 0.569073 0.069286
v 0.025659 0.534093 0.147215
v 0.024112 0.540243 0.129762
v 0.022538 0.546152 0.112050
v 0.021096 0.553602 0.095817
v 0.020225 0.560251 0.080249
v 0.019340 0.570161 0.067094
v 0.023699 0.526787 0.164261
v 0.022117 0.532943 0.147272
v 0.021048 0.541100 0.130393
v 0.019860 0.547083 0.112618
v 0.018949 0.552172 0.094969
v 0.018040 0.560142 0.079669
v 0.017331 0.571050 0.066860
v 0.019534 0.527047 0.164679
v 0.018392 0.533436 0.147818
v 0.017664 0.540575 0.130595
v 0.016886 0.546318 0.112784
v 0.016473 0.552095 0.095531
v 0.015902 0.559895 0.080404
v 0.015530 0.569705 0.067502
v 0.015564 0.528022 0.165356
v 0.015076 0.535248 0.148757
v 0.014583 0.541859 0.131351
v 0.014199 0.547061 0.113649
v 0.014360 0.553389 0.097081
v 0.013754 0.559594 0.082039
v 0.014037 0.567324 0.068841
v 0.011285 0.528181 0.165546
v 0.011168 0.535169 0.148982
v 0.011104 0.541586 0.131586
v 0.011242 0.547491 0.114249
v 0.011799 0.552685 0.097738
v 0.011846 0.558206 0.082868
v 0.012338 0.565330 0.070778
v 0.004889 0.523463 0.163524
v 0.005563 0.530640 0.147073
v 0.006201 0.537433 0.129973
v 0.007105 0.543819 0.112906
v 0.007759 0.550529 0.096839
v 0.008175 0.558435 0.083031
v 0.010130 0.566780 0.071976
v 0.000378 0.523029 0.163109
v 0.001492 0.530115 0.146661
v 0.002759 0.536690 0.129444
v 0.004082 0.543549 0.112153
v 0.006185 0.552798 0.097158
v 0.007537 0.560954 0.082971
v 0.008781 0.568647 0.069955
v -0.003039 0.525549 0.163920
v -0.001595 0.532271 0.147244
v -0.000325 0.538013 0.129541
v 0.001556 0.544985 0.112196
v 0.003636 0.553600 0.096495
v 0.005116 0.561900 0.081857
v 0.007300 0.569428 0.067203
v -0.006968 0.526791 0.164040
v -0.005085 0.533730 0.147449
v -0.002960 0.540207 0.129972
v -0.000910 0.546655 0.112495
v 0.001478 0.552541 0.095336
v 0.003717 0.560604 0.080307
v 0.005349 0.569628 0.066041
v -0.011084 0.526501 0.163398
v -0.008844 0.533966 0.147070
v -0.006297 0.540835 0.129832
v -0.003906 0.547061 0.112407
v -0.001025 0.552206 0.095192
v 0.001583 0.559615 0.080081
v 0.003885 0.567783 0.065922
v -0.015094 0.525674 0.162411
v -0.012518 0.533203 0.146259
v -0.009591 0.539927 0.129209
v -0.006643 0.545812 0.111923
v -0.003643 0.552752 0.095895
v -0.000918 0.559314 0.081043
v 0.001993 0.565685 0.066959
v -0.019301 0.526409 0.162080
v -0.016273 0.534098 0.146038
v -0.012915 0.540697 0.129105
v -0.009659 0.545944 0.111892
v -0.006203 0.552029 0.096037
v -0.003070 0.558049 0.081707
v -0.000202 0.564072 0.068755
v -0.026329 0.523594 0.159006
v -0.023122 0.532471 0.143641
v -0.019312 0.540797 0.127627
v -0.014918 0.548015 0.111370
v -0.010521 0.554014 0.095740
v -0.006684 0.559111 0.081103
v -0.003184 0.564793 0.068260
v -0.030344 0.522793 0.157662
v -0.025939 0.530589 0.141958
v -0.022062 0.539700 0.126084
v -0.017570 0.547915 0.110098
v -0.012677 0.554945 0.094497
v -0.008212 0.560534 0.079135
v -0.004081 0.566303 0.065356
v -0.034321 0.523153 0.156572
v -0.029359 0.529807 0.140441
v -0.024178 0.537747 0.124219
v -0.019957 0.547188 0.108521
v -0.014769 0.554750 0.092677
v -0.010024 0.561501 0.077104
v -0.005299 0.567303 0.063064
v -0.038015 0.525314 0.156268
v -0.032990 0.530505 0.139455
v -0.027311 0.537283 0.122850
v -0.021729 0.545449 0.106690
v -0.016683 0.553724 0.091221
v -0.011940 0.561518 0.075637
v -0.006936 0.568057 0.062042
v -0.042024 0.525562 0.155078
v -0.036126 0.532784 0.139286
v -0.030619 0.538057 0.122129
v -0.024548 0.544689 0.105621
v -0.018631 0.552160 0.090228
v -0.013947 0.560384 0.075096
v -0.009028 0.567374 0.061775
v -0.045430 0.524186 0.152961
v -0.039856 0.533307 0.138185
v -0.033511 0.540161 0.122045
v -0.027579 0.545306 0.105194
v -0.021406 0.551499 0.089824
v -0.015907 0.558533 0.075039
v -0.010721 0.564956 0.062403
v -0.049344 0.524562 0.151555
v -0.042981 0.532142 0.136307
v -0.036899 0.540515 0.121074
v -0.030255 0.546830 0.105209
v -0.024149 0.551912 0.089732
v -0.018428 0.557691 0.075458
v -0.013067 0.563171 0.063606
v -0.052717 0.530955 0.130539
v -0.042929 0.539716 0.117806
v -0.035593 0.547029 0.102800
v -0.028807 0.553285 0.087961
v -0.022093 0.558681 0.074020
v -0.015768 0.563958 0.062920
v -0.045699 0.539052 0.115795
v -0.037954 0.546843 0.100911
v -0.030738 0.553586 0.085884
v -0.023152 0.559684 0.071935
v -0.015981 0.565165 0.060395
v -0.048522 0.538774 0.113848
v -0.040112 0.546224 0.098663
v -0.032560 0.553513 0.083723
v -0.024419 0.560263 0.069884
v -0.016440 0.566390 0.057864
v -0.071376 0.522399 0.139225
v -0.051163 0.538372 0.111899
v -0.042430 0.545756 0.096686
v -0.034382 0.553112 0.081870
v -0.025891 0.560273 0.068289
v -0.017495 0.566635 0.056360
v -0.053845 0.538143 0.110186
v -0.045001 0.545305 0.095117
v -0.036546 0.552350 0.080708
v -0.027849 0.559308 0.067678
v -0.019635 0.565940 0.056216
v -0.056593 0.538082 0.108648
v -0.047625 0.545162 0.093846
v -0.038886 0.551753 0.079888
v -0.030181 0.558359 0.067551
v -0.021914 0.564285 0.056770
v -0.059303 0.538270 0.107073
v -0.050077 0.545104 0.092464
v -0.041369 0.551471 0.079481
v -0.032654 0.557501 0.067882
v -0.024749 0.562824 0.057759
v -0.091113 0.520915 0.124169
v -0.082706 0.528803 0.108418
v -0.064270 0.538480 0.103343
v -0.054342 0.545053 0.089217
v -0.044842 0.551395 0.077018
v -0.035474 0.557510 0.066011
v -0.026956 0.563177 0.056287
v -0.066503 0.538375 0.100999
v -0.056021 0.545119 0.087130
v -0.045987 0.551724 0.075203
v -0.035902 0.558223 0.063981
v -0.026396 0.564508 0.053640
v -0.068134 0.537027 0.098425
v -0.057580 0.545166 0.084972
v -0.047072 0.552009 0.073256
v -0.036493 0.558907 0.061859
v -0.026298 0.565828 0.051108
v -0.070310 0.536532 0.096003
v -0.059120 0.544792 0.082897
v -0.048385 0.552008 0.071537
v -0.037423 0.559144 0.059975
v -0.027018 0.566241 0.049281
v -0.098028 0.518178 0.115634
v -0.072939 0.536563 0.093835
v -0.061117 0.544362 0.081185
v -0.050178 0.551461 0.070227
v -0.039382 0.558560 0.059092
v -0.029022 0.565196 0.048645
v -0.087967 0.527617 0.103410
v -0.075367 0.535785 0.091547
v -0.063348 0.543986 0.079606
v -0.052287 0.550750 0.069169
v -0.041716 0.557492 0.058564
v -0.031692 0.563847 0.048802
v -0.090526 0.526895 0.100546
v -0.077817 0.535308 0.089053
v -0.065343 0.543029 0.077852
v -0.054340 0.550255 0.068019
v -0.044069 0.556663 0.058132
v -0.034496 0.562214 0.049243
v -0.108272 0.521624 0.107589
v -0.096465 0.529960 0.097000
v -0.082995 0.537943 0.085816
v -0.069796 0.544509 0.074959
v -0.057827 0.550890 0.064953
v -0.046861 0.557501 0.055376
v -0.036558 0.563189 0.047266
v -0.111385 0.522694 0.104823
v -0.098831 0.530761 0.094001
v -0.085229 0.538573 0.083190
v -0.071585 0.545924 0.073039
v -0.058907 0.552453 0.063078
v -0.046895 0.558786 0.053063
v -0.035761 0.565026 0.044661
v -0.113409 0.521470 0.101152
v -0.100461 0.529486 0.090711
v -0.086693 0.537688 0.080293
v -0.073265 0.546063 0.070335
v -0.060287 0.553224 0.060618
v -0.047238 0.559975 0.050614
v -0.035265 0.566297 0.041788
v -0.114255 0.518781 0.098050
v -0.101385 0.527123 0.087921
v -0.087809 0.535970 0.077602
v -0.074268 0.544507 0.067761
v -0.061089 0.552674 0.057783
v -0.047895 0.560012 0.048089
v -0.035600 0.566465 0.039503
v -0.116198 0.517630 0.094396
v -0.103188 0.525788 0.084775
v -0.089429 0.534239 0.075054
v -0.075777 0.542876 0.065463
v -0.062043 0.550787 0.055824
v -0.049419 0.558260 0.046750
v -0.037449 0.565727 0.038380
v -0.119296 0.517799 0.091400
v -0.105614 0.525991 0.081771
v -0.091530 0.534060 0.072216
v -0.077486 0.541748 0.062975
v -0.064115 0.549722 0.053940
v -0.051638 0.556926 0.045602
v -0.040385 0.563675 0.037929
v -0.122191 0.519614 0.089059
v -0.108483 0.527211 0.079611
v -0.093955 0.535077 0.070190
v -0.079849 0.542055 0.060864
v -0.066445 0.549798 0.052403
v -0.054215 0.556831 0.044874
v -0.043638 0.562671 0.037887
v -0.127036 0.520852 0.082591
v -0.112904 0.529031 0.074071
v -0.098009 0.537150 0.065477
v -0.083457 0.545268 0.057703
v -0.069425 0.552289 0.049528
v -0.056655 0.557682 0.041832
v -0.045137 0.563414 0.035437
v -0.128288 0.519665 0.078860
v -0.114254 0.528450 0.070656
v -0.099368 0.537051 0.062499
v -0.084239 0.545310 0.054850
v -0.069918 0.552784 0.047077
v -0.056272 0.558677 0.039649
v -0.043262 0.564870 0.033200
v -0.130104 0.520318 0.075039
v -0.115492 0.527905 0.067144
v -0.100198 0.536377 0.059333
v -0.084629 0.544694 0.051928
v -0.069746 0.552241 0.044298
v -0.055810 0.559543 0.037120
v -0.042000 0.566180 0.030871
v -0.131204 0.519359 0.071203
v -0.116371 0.526982 0.063704
v -0.100840 0.535521 0.056287
v -0.085143 0.543907 0.049274
v -0.069860 0.551493 0.042021
v -0.055858 0.559392 0.034939
v -0.041590 0.566805 0.028868
v -0.131619 0.516797 0.067961
v -0.117078 0.524904 0.060575
v -0.101510 0.533667 0.053572
v -0.085838 0.542318 0.047059
v -0.071081 0.550543 0.039964
v -0.056769 0.557851 0.033410
v -0.043238 0.565601 0.027459
v -0.133038 0.515723 0.064069
v -0.118316 0.523764 0.057169
v -0.102596 0.532475 0.050572
v -0.087178 0.541215 0.044547
v -0.072403 0.549115 0.038100
v -0.058834 0.556900 0.032080
v -0.045930 0.563390 0.027192
v -0.135232 0.515969 0.060525
v -0.120044 0.524074 0.053701
v -0.104749 0.532790 0.047745
v -0.088923 0.541416 0.042197
v -0.074482 0.548836 0.036265
v -0.060983 0.556008 0.030969
v -0.049562 0.562188 0.026653
v -0.139811 0.520675 0.055392
v -0.124220 0.528293 0.049370
v -0.108279 0.536354 0.043725
v -0.091882 0.544222 0.038297
v -0.076573 0.551684 0.033477
v -0.062780 0.557839 0.028167
v -0.050571 0.563529 0.024335
v -0.140967 0.521493 0.051144
v -0.125586 0.529181 0.045849
v -0.109257 0.537371 0.040649
v -0.092417 0.545263 0.035643
v -0.076787 0.553180 0.031278
v -0.062024 0.559117 0.026267
v -0.048837 0.565056 0.022442
v -0.140794 0.519621 0.047271
v -0.125420 0.527989 0.042120
v -0.109253 0.536538 0.037249
v -0.092576 0.544950 0.032681
v -0.076511 0.553089 0.028495
v -0.061385 0.559955 0.023763
v -0.046598 0.566511 0.020111
v -0.139906 0.516762 0.044562
v -0.124255 0.525327 0.039754
v -0.108272 0.534370 0.034833
v -0.092198 0.544105 0.030026
v -0.075985 0.552357 0.026206
v -0.060637 0.559948 0.021648
v -0.045660 0.567216 0.018044
v -0.140187 0.515079 0.040548
v -0.124654 0.523749 0.036245
v -0.108588 0.532875 0.031996
v -0.092159 0.542016 0.027865
v -0.076412 0.551018 0.024315
v -0.061496 0.558540 0.019990
v -0.047582 0.565939 0.016546
v -0.141799 0.515799 0.036689
v -0.125923 0.523982 0.032625
v -0.109704 0.532623 0.028694
v -0.093203 0.541296 0.025057
v -0.077511 0.549731 0.022097
v -0.063223 0.557547 0.018282
v -0.050188 0.564680 0.015124
v -0.143536 0.517826 0.033393
v -0.127908 0.525742 0.029836
v -0.111356 0.533869 0.026048
v -0.094749 0.541969 0.022597
v -0.079211 0.549954 0.020115
v -0.065160 0.557159 0.016729
v -0.053273 0.563255 0.014178
v -0.145914 0.519932 0.026026
v -0.129922 0.527548 0.022998
v -0.113295 0.536023 0.020307
v -0.096390 0.544089 0.017803
v -0.080699 0.551577 0.016025
v -0.066383 0.558024 0.013198
v -0.053462 0.564049 0.011418
v -0.145629 0.518726 0.021930
v -0.129906 0.527310 0.019293
v -0.113179 0.535803 0.017042
v -0.096216 0.544248 0.014942
v -0.080088 0.552089 0.013483
v -0.065018 0.559000 0.011286
v -0.051146 0.565491 0.009650
v -0.145718 0.518844 0.017652
v -0.129686 0.526903 0.015553
v -0.112842 0.535734 0.013675
v -0.095703 0.544293 0.011987
v -0.078769 0.552470 0.010776
v -0.063676 0.559950 0.009112
v -0.049231 0.566744 0.008017
v -0.145936 0.519018 0.013594
v -0.129516 0.526953 0.011879
v -0.112454 0.535458 0.010470
v -0.095154 0.544264 0.009238
v -0.078451 0.552447 0.008383
v -0.062892 0.560117 0.006984
v -0.048630 0.567095 0.006107
v -0.146551 0.519347 0.009469
v -0.130232 0.527557 0.008294
v -0.113168 0.535726 0.007256
v -0.095974 0.544027 0.006336
v -0.079298 0.552209 0.005998
v -0.063715 0.559507 0.004865
v -0.049903 0.566332 0.004067
v -0.147324 0.519963 0.005409
v -0.130928 0.527963 0.004574
v -0.113999 0.536087 0.004009
v -0.096760 0.544264 0.003514
v -0.080399 0.551703 0.003540
v -0.065458 0.559065 0.002952
v -0.052121 0.565292 0.002199
v -0.147311 0.520016 0.001103
v -0.131532 0.528308 0.000815
v -0.114544 0.536504 0.000729
v -0.097698 0.544450 0.000664
v -0.081317 0.551564 0.001248
v -0.067074 0.558208 0.000948
v -0.054544 0.564178 0.000437
v -0.147907 0.520012 -0.007100
v -0.131079 0.528039 -0.006553
v -0.114464 0.536043 -0.005767
v -0.097742 0.544157 -0.004929
v -0.081726 0.552007 -0.003371
v -0.066926 0.558034 -0.003045
v -0.054223 0.564282 -0.002422
v -0.146941 0.518384 -0.010779
v -0.130165 0.527151 -0.010171
v -0.113062 0.535318 -0.008728
v -0.096124 0.543703 -0.007388
v -0.080470 0.552318 -0.005747
v -0.065017 0.558574 -0.004691
v -0.050899 0.565830 -0.003712
v -0.145038 0.516900 -0.014530
v -0.129017 0.525451 -0.013283
v -0.111948 0.533999 -0.011534
v -0.094748 0.542842 -0.009692
v -0.078590 0.551419 -0.007677
v -0.063172 0.558910 -0.006557
v -0.048242 0.567005 -0.004872
v -0.143616 0.515517 -0.017934
v -0.127305 0.523686 -0.015818
v -0.110510 0.532602 -0.014018
v -0.093403 0.541677 -0.011855
v -0.077371 0.550590 -0.009593
v -0.061930 0.559164 -0.008466
v -0.047146 0.567476 -0.006375
v -0.142224 0.513145 -0.020916
v -0.126274 0.521996 -0.018967
v -0.109906 0.531417 -0.017029
v -0.093337 0.540946 -0.014737
v -0.077458 0.550089 -0.012011
v -0.062601 0.558660 -0.010725
v -0.048802 0.566426 -0.008672
v -0.140929 0.511622 -0.024715
v -0.125597 0.521151 -0.022674
v -0.109555 0.530840 -0.020382
v -0.093600 0.540722 -0.017730
v -0.078258 0.549802 -0.014573
v -0.063884 0.558122 -0.013018
v -0.050993 0.565427 -0.010787
v -0.140939 0.512446 -0.029023
v -0.125856 0.522010 -0.026393
v -0.109837 0.531627 -0.023661
v -0.094192 0.541313 -0.020540
v -0.079166 0.549714 -0.016997
v -0.065311 0.557777 -0.015164
v -0.053231 0.564388 -0.013033
v -0.142534 0.516363 -0.035807
v -0.126814 0.525690 -0.032924
v -0.110702 0.534872 -0.029329
v -0.094326 0.543691 -0.025529
v -0.079354 0.551727 -0.021205
v -0.065220 0.558692 -0.018942
v -0.053064 0.564883 -0.015947
v -0.141731 0.516767 -0.039927
v -0.126026 0.526669 -0.036366
v -0.110005 0.535494 -0.032404
v -0.093574 0.544323 -0.028074
v -0.078109 0.552542 -0.023303
v -0.063519 0.559727 -0.020330
v -0.050515 0.566265 -0.016394
v -0.141182 0.518380 -0.043911
v -0.125563 0.527825 -0.039905
v -0.109200 0.536405 -0.035559
v -0.092572 0.545501 -0.030509
v -0.076616 0.553234 -0.025572
v -0.061635 0.560778 -0.021933
v -0.047591 0.567761 -0.017224
v -0.140819 0.519731 -0.047993
v -0.125142 0.529153 -0.043204
v -0.108980 0.538208 -0.038253
v -0.091726 0.546180 -0.033047
v -0.075653 0.553656 -0.027858
v -0.060341 0.561140 -0.023713
v -0.045413 0.568701 -0.018297
v -0.140054 0.521341 -0.051648
v -0.124730 0.529022 -0.046905
v -0.108311 0.537987 -0.041528
v -0.091338 0.545563 -0.035919
v -0.075450 0.553221 -0.030309
v -0.060371 0.560544 -0.025888
v -0.046771 0.567662 -0.020851
v -0.139195 0.520524 -0.055825
v -0.123776 0.529099 -0.050629
v -0.107349 0.536507 -0.044508
v -0.090676 0.544525 -0.038692
v -0.075563 0.552264 -0.032889
v -0.061174 0.559313 -0.028390
v -0.048571 0.565876 -0.023196
v -0.138280 0.518801 -0.058791
v -0.121782 0.527835 -0.053645
v -0.106055 0.535629 -0.047387
v -0.090188 0.543980 -0.041434
v -0.075106 0.551358 -0.035354
v -0.061801 0.558219 -0.030616
v -0.050112 0.564314 -0.025915
v -0.117860 0.523824 -0.058026
v -0.102499 0.532895 -0.052146
v -0.087297 0.541438 -0.045068
v -0.073252 0.550137 -0.039505
v -0.060134 0.557301 -0.034036
v -0.049023 0.563796 -0.028576
v -0.115866 0.523791 -0.061695
v -0.100449 0.532529 -0.054670
v -0.085340 0.541243 -0.047186
v -0.071249 0.550037 -0.041266
v -0.057778 0.558004 -0.034766
v -0.045556 0.565316 -0.028489
v -0.113705 0.523535 -0.064843
v -0.098740 0.532634 -0.057538
v -0.083627 0.541775 -0.049664
v -0.069354 0.550404 -0.043025
v -0.055533 0.558597 -0.036044
v -0.042570 0.566560 -0.028741
v -0.145346 0.511898 -0.072301
v -0.111688 0.523129 -0.067964
v -0.096976 0.532826 -0.060094
v -0.082227 0.542039 -0.052097
v -0.067618 0.550746 -0.044882
v -0.053828 0.559087 -0.037576
v -0.040704 0.567148 -0.029729
v -0.109928 0.522755 -0.071353
v -0.095441 0.532188 -0.063031
v -0.081209 0.541793 -0.054867
v -0.066896 0.550446 -0.047357
v -0.053625 0.558659 -0.039873
v -0.041062 0.566259 -0.032203
v -0.108105 0.522293 -0.074638
v -0.094390 0.532435 -0.066164
v -0.080438 0.541525 -0.057771
v -0.066654 0.550106 -0.050063
v -0.053909 0.557931 -0.042518
v -0.042225 0.564931 -0.035229
v -0.106123 0.522628 -0.077999
v -0.093099 0.532927 -0.069267
v -0.079189 0.541613 -0.060598
v -0.066171 0.549939 -0.052566
v -0.054126 0.557288 -0.044885
v -0.043643 0.563573 -0.038083
v -0.097037 0.526857 -0.093974
v -0.089804 0.533028 -0.074721
v -0.076831 0.541837 -0.066064
v -0.064054 0.549771 -0.056766
v -0.052384 0.557191 -0.048332
v -0.041835 0.563755 -0.040489
v -0.087900 0.533752 -0.077300
v -0.074797 0.542758 -0.067920
v -0.061981 0.550517 -0.058046
v -0.050150 0.558104 -0.048717
v -0.038937 0.565180 -0.039946
v -0.085722 0.534705 -0.080272
v -0.072749 0.543468 -0.069827
v -0.060004 0.551468 -0.059403
v -0.047777 0.559082 -0.049270
v -0.036276 0.566448 -0.039696
v -0.111136 0.517952 -0.102055
v -0.083516 0.535366 -0.082980
v -0.070623 0.543354 -0.071858
v -0.058040 0.551952 -0.061015
v -0.045798 0.559751 -0.050479
v -0.034348 0.567120 -0.040401
v -0.082070 0.535875 -0.085838
v -0.069294 0.544028 -0.074301
v -0.056978 0.552080 -0.063346
v -0.045173 0.559485 -0.052731
v -0.034096 0.566574 -0.042795
v -0.080590 0.536630 -0.088846
v -0.068362 0.544559 -0.077005
v -0.056284 0.552019 -0.065989
v -0.044975 0.559115 -0.055374
v -0.034813 0.565373 -0.045789
v -0.079054 0.537664 -0.091413
v -0.067284 0.545460 -0.079582
v -0.055571 0.552234 -0.068483
v -0.044812 0.558553 -0.057960
v -0.035950 0.564255 -0.048925
v -0.096122 0.521771 -0.122155
v -0.084170 0.532108 -0.110571
v -0.075553 0.540138 -0.096176
v -0.063482 0.546148 -0.083717
v -0.052297 0.552398 -0.071921
v -0.042104 0.558643 -0.060592
v -0.033700 0.564118 -0.050814
v -0.072897 0.539420 -0.097737
v -0.061023 0.545657 -0.085032
v -0.049899 0.552252 -0.072587
v -0.039879 0.559046 -0.060436
v -0.030304 0.565270 -0.050005
v -0.069900 0.538818 -0.099386
v -0.058361 0.545026 -0.086226
v -0.047272 0.552134 -0.073154
v -0.037259 0.559411 -0.060436
v -0.027478 0.566257 -0.049392
v -0.067882 0.537161 -0.100244
v -0.055860 0.544367 -0.087259
v -0.044898 0.551832 -0.073898
v -0.035137 0.559319 -0.061179
v -0.025525 0.566658 -0.049670
v -0.064074 0.535584 -0.104098
v -0.053709 0.543472 -0.088982
v -0.043290 0.551339 -0.076002
v -0.033975 0.558728 -0.063128
v -0.025062 0.565628 -0.052339
v -0.051614 0.543269 -0.091147
v -0.041858 0.550831 -0.078270
v -0.033215 0.558223 -0.065691
v -0.025041 0.564372 -0.055181
v -0.049583 0.543278 -0.093310
v -0.040294 0.550692 -0.080447
v -0.032493 0.557326 -0.068099
v -0.025223 0.563175 -0.058221
v -0.046007 0.545138 -0.096969
v -0.036534 0.551279 -0.083255
v -0.029438 0.557387 -0.070621
v -0.022730 0.562958 -0.059868
v -0.067817 0.521976 -0.140779
v -0.042783 0.513485 -0.148548
v -0.041726 0.535802 -0.116761
v -0.043197 0.545628 -0.098133
v -0.034087 0.551899 -0.083859
v -0.026880 0.557960 -0.070707
v -0.019867 0.564087 -0.058657
v -0.054227 0.529295 -0.130544
v -0.040280 0.545426 -0.098938
v -0.031363 0.551847 -0.084240
v -0.024394 0.558476 -0.070433
v -0.017257 0.565128 -0.057417
v -0.037240 0.544426 -0.099746
v -0.029006 0.551772 -0.084931
v -0.022183 0.558605 -0.070724
v -0.014988 0.565188 -0.057314
v -0.058039 0.517262 -0.150581
v -0.034780 0.543542 -0.101088
v -0.026955 0.551114 -0.086492
v -0.020378 0.557797 -0.072210
v -0.013979 0.563653 -0.059054
v -0.053422 0.506442 -0.162694
v -0.032287 0.542926 -0.102849
v -0.025111 0.550587 -0.088465
v -0.019017 0.556387 -0.074173
v -0.013229 0.562333 -0.061678
v -0.029887 0.542599 -0.104359
v -0.023231 0.549528 -0.090130
v -0.017693 0.554932 -0.075887
v -0.012739 0.560119 -0.064509
v 0.020586 0.597666 -0.000723
v 0.021836 0.566117 -0.049856
v 0.020292 0.569696 -0.044124
v 0.018963 0.572327 -0.039888
v 0.017151 0.574123 -0.038552
v 0.022287 0.569159 -0.043307
v 0.020834 0.573623 -0.035072
v 0.019192 0.577753 -0.028975
v 0.017314 0.579631 -0.026834
v 0.023349 0.571261 -0.038583
v 0.021399 0.576378 -0.028739
v 0.019900 0.582317 -0.020203
v 0.016734 0.584240 -0.017773
v 0.012621 0.568599 -0.051243
v 0.012578 0.571547 -0.044736
v 0.011404 0.574069 -0.040682
v 0.010588 0.576455 -0.038655
v 0.014661 0.571552 -0.044652
v 0.013540 0.575557 -0.035823
v 0.013285 0.578694 -0.029753
v 0.011649 0.581209 -0.026658
v 0.016091 0.573496 -0.040411
v 0.015533 0.577636 -0.030869
v 0.015420 0.583669 -0.021759
v 0.014177 0.587394 -0.017989
v 0.003163 0.571111 -0.050978
v 0.004536 0.573328 -0.043778
v 0.004568 0.575476 -0.039017
v 0.003312 0.576499 -0.036411
v 0.006758 0.573435 -0.044366
v 0.007461 0.577120 -0.035376
v 0.007646 0.580166 -0.029212
v 0.006561 0.581730 -0.026096
v 0.008906 0.575848 -0.040921
v 0.009495 0.578972 -0.030107
v 0.009929 0.585210 -0.022486
v 0.011191 0.588495 -0.017595
v -0.005277 0.568924 -0.046617
v -0.003239 0.572636 -0.040584
v -0.002913 0.575841 -0.035831
v -0.003707 0.577393 -0.034086
v -0.001084 0.572280 -0.041218
v 0.000795 0.576860 -0.032820
v 0.001630 0.581085 -0.026966
v 0.001432 0.582450 -0.024303
v 0.001560 0.574950 -0.037949
v 0.003878 0.579615 -0.028322
v 0.006618 0.586942 -0.020742
v 0.006828 0.590189 -0.016260
v -0.014342 0.571518 -0.043114
v -0.011664 0.574761 -0.037579
v -0.010330 0.577400 -0.033362
v -0.010489 0.579051 -0.029718
v -0.009825 0.574648 -0.038657
v -0.005751 0.578426 -0.030392
v -0.002566 0.583283 -0.023848
v -0.001793 0.585727 -0.019633
v -0.006200 0.576964 -0.035692
v -0.001274 0.581372 -0.025451
v 0.004059 0.589147 -0.017440
v 0.005204 0.592774 -0.013770
v -0.022157 0.572507 -0.036612
v -0.018189 0.575773 -0.031202
v -0.015920 0.578189 -0.026831
v -0.015889 0.579409 -0.023957
v -0.016427 0.575704 -0.032908
v -0.010323 0.580166 -0.024925
v -0.006948 0.583675 -0.020057
v -0.006273 0.586237 -0.016115
v -0.012698 0.577541 -0.030646
v -0.006052 0.583028 -0.022191
v -0.000710 0.589755 -0.014485
v 0.002801 0.594118 -0.011053
v -0.028570 0.572588 -0.028558
v -0.023894 0.575978 -0.023911
v -0.020589 0.578699 -0.020101
v -0.019985 0.580054 -0.017036
v -0.022375 0.576019 -0.025968
v -0.015246 0.580472 -0.019411
v -0.010994 0.584450 -0.015099
v -0.008893 0.587871 -0.011041
v -0.018394 0.578045 -0.024370
v -0.010165 0.583575 -0.017465
v -0.002847 0.591433 -0.010413
v 0.000818 0.595396 -0.007814
v -0.032362 0.573509 -0.019121
v -0.027283 0.577118 -0.015692
v -0.023613 0.579749 -0.012629
v -0.022732 0.581445 -0.009921
v -0.026481 0.576736 -0.017891
v -0.018322 0.581512 -0.012861
v -0.013284 0.585680 -0.009028
v -0.012040 0.587550 -0.006580
v -0.022366 0.578517 -0.017213
v -0.012710 0.584681 -0.011672
v -0.004917 0.591657 -0.007181
v 0.000144 0.596491 -0.004148
v -0.034972 0.574053 -0.009382
v -0.029456 0.577026 -0.007366
v -0.023908 0.580174 -0.004350
v -0.023497 0.579963 -0.002310
v -0.028766 0.577876 -0.009432
v -0.020280 0.581155 -0.005502
v -0.015066 0.584788 -0.002773
v -0.011760 0.586265 -0.000412
v -0.024911 0.579867 -0.009434
v -0.015122 0.584990 -0.005810
v -0.005616 0.592517 -0.001474
v 0.002754 0.599788 0.001981
v -0.035385 0.573165 0.000680
v -0.028776 0.576434 0.001580
v -0.023752 0.578808 0.003150
v -0.022155 0.580031 0.005390
v -0.029311 0.576410 -0.000604
v -0.019841 0.580277 0.001214
v -0.013185 0.585182 0.003300
v -0.009589 0.587989 0.006032
v -0.024661 0.578397 -0.001625
v -0.014325 0.583763 0.000872
v -0.002819 0.593146 0.004629
v 0.003408 0.599511 0.006134
v -0.034304 0.572432 0.010777
v -0.027713 0.576127 0.010512
v -0.022895 0.578200 0.011290
v -0.021513 0.578725 0.013413
v -0.028152 0.576673 0.008265
v -0.018911 0.579993 0.008659
v -0.012321 0.584793 0.009603
v -0.009064 0.586950 0.011826
v -0.024031 0.577458 0.006483
v -0.014147 0.584366 0.007386
v -0.002512 0.593179 0.009482
v 0.003375 0.598358 0.009889
v -0.031364 0.571110 0.019747
v -0.025602 0.574791 0.019245
v -0.021142 0.577131 0.019181
v -0.018338 0.577985 0.020141
v -0.025627 0.575472 0.016715
v -0.016881 0.578757 0.015288
v -0.010649 0.583048 0.015224
v -0.007087 0.584945 0.016566
v -0.022746 0.576633 0.014604
v -0.012357 0.582928 0.013331
v -0.002029 0.591898 0.013957
v 0.003610 0.596801 0.013051
v -0.026910 0.570963 0.028306
v -0.020826 0.574369 0.026047
v -0.016751 0.577280 0.024994
v -0.014606 0.578483 0.025764
v -0.022151 0.574563 0.024319
v -0.014023 0.578029 0.021151
v -0.008380 0.581913 0.020260
v -0.004986 0.584201 0.020994
v -0.018820 0.575692 0.021127
v -0.009807 0.581644 0.018478
v -0.000185 0.590286 0.017574
v 0.004408 0.595154 0.015818
v -0.021064 0.570964 0.035971
v -0.015957 0.574341 0.032754
v -0.011918 0.576832 0.031143
v -0.009802 0.578123 0.031482
v -0.017522 0.575124 0.031161
v -0.010353 0.577974 0.026628
v -0.005155 0.581429 0.024655
v -0.001662 0.582849 0.024441
v -0.014976 0.576173 0.027359
v -0.006991 0.581530 0.023122
v 0.001722 0.589145 0.020683
v 0.006077 0.593966 0.018432
v -0.013807 0.571409 0.043215
v -0.009502 0.574786 0.039161
v -0.006149 0.577730 0.037085
v -0.004079 0.579500 0.037019
v -0.011089 0.574690 0.037641
v -0.005449 0.578469 0.032128
v -0.001778 0.582987 0.029125
v 0.001327 0.585417 0.028836
v -0.009862 0.577575 0.033960
v -0.002804 0.581245 0.027295
v 0.003665 0.589184 0.023539
v 0.007445 0.593575 0.021249
v -0.005861 0.573172 0.048840
v -0.002227 0.576628 0.044542
v 0.000858 0.579544 0.042055
v 0.003438 0.581453 0.041868
v -0.003935 0.576450 0.043381
v 0.000297 0.580775 0.037388
v 0.003456 0.584925 0.033889
v 0.006370 0.587874 0.034019
v -0.003319 0.578528 0.039485
v 0.001649 0.583531 0.032159
v 0.006757 0.589615 0.026830
v 0.009531 0.593720 0.024028
v 0.003717 0.575602 0.052997
v 0.005073 0.580865 0.049769
v 0.006888 0.585337 0.047709
v 0.008675 0.588343 0.047851
v 0.004109 0.579620 0.048216
v 0.005897 0.585718 0.043368
v 0.008108 0.590778 0.039423
v 0.011265 0.593599 0.038947
v 0.003905 0.581556 0.044815
v 0.006439 0.588770 0.038104
v 0.010149 0.593166 0.031053
v 0.013171 0.594065 0.027206
v 0.011840 0.581124 0.056853
v 0.012754 0.587537 0.054453
v 0.014354 0.591466 0.052653
v 0.016106 0.593851 0.052032
v 0.010570 0.586409 0.053685
v 0.012234 0.592831 0.048509
v 0.014916 0.596139 0.043287
v 0.017386 0.597787 0.041757
v 0.009872 0.588678 0.050405
v 0.012385 0.594920 0.042779
v 0.015118 0.596019 0.034158
v 0.017512 0.594173 0.029716
v 0.021754 0.584140 0.058200
v 0.022715 0.590622 0.056766
v 0.023768 0.595087 0.054344
v 0.025869 0.596212 0.053283
v 0.020271 0.590367 0.056916
v 0.020315 0.596681 0.051579
v 0.021796 0.599569 0.045506
v 0.024427 0.600294 0.042159
v 0.018187 0.593486 0.053704
v 0.018278 0.598677 0.044848
v 0.020151 0.597195 0.034137
v 0.022351 0.595160 0.030580
v 0.032094 0.583975 0.056225
v 0.032534 0.590231 0.054694
v 0.033339 0.594577 0.052252
v 0.035242 0.595998 0.049621
v 0.029920 0.591556 0.055504
v 0.029135 0.598973 0.049991
v 0.028730 0.601520 0.044216
v 0.031206 0.601188 0.039843
v 0.027431 0.595445 0.053768
v 0.026840 0.600909 0.045954
v 0.026627 0.599433 0.034969
v 0.026651 0.596103 0.029715
v 0.039616 0.580328 0.049409
v 0.039948 0.586447 0.047827
v 0.040957 0.590131 0.045287
v 0.042357 0.590296 0.042311
v 0.038479 0.588576 0.049847
v 0.037241 0.596362 0.045599
v 0.036163 0.598811 0.040152
v 0.037403 0.597617 0.036314
v 0.037617 0.593231 0.049603
v 0.034667 0.600076 0.042451
v 0.030746 0.599587 0.033275
v 0.029352 0.596787 0.025597
v 0.046200 0.574469 0.040074
v 0.044921 0.579818 0.037948
v 0.044882 0.582743 0.035270
v 0.046102 0.582835 0.032325
v 0.044018 0.582705 0.040160
v 0.042916 0.589623 0.037310
v 0.041472 0.593167 0.033123
v 0.042168 0.591460 0.027937
v 0.043485 0.587229 0.040160
v 0.040266 0.594795 0.035047
v 0.035776 0.596508 0.027249
v 0.032463 0.594687 0.020618
v 0.050191 0.568371 0.030422
v 0.048136 0.573067 0.027702
v 0.047608 0.575767 0.025377
v 0.049173 0.575946 0.023291
v 0.047044 0.574799 0.029781
v 0.046187 0.581634 0.027291
v 0.044118 0.586395 0.024072
v 0.043792 0.585147 0.020367
v 0.046435 0.579317 0.029919
v 0.044256 0.587494 0.026476
v 0.038046 0.591707 0.020329
v 0.034101 0.591449 0.015341
v 0.056004 0.564085 0.021192
v 0.051936 0.567903 0.019031
v 0.049413 0.570013 0.016944
v 0.048721 0.569930 0.014849
v 0.051505 0.569032 0.021150
v 0.047185 0.575562 0.018592
v 0.044434 0.580424 0.016355
v 0.043582 0.579887 0.013396
v 0.050470 0.573114 0.021456
v 0.045559 0.581136 0.018142
v 0.037544 0.586075 0.015306
v 0.034870 0.588295 0.010377
v 0.059328 0.561693 0.010920
v 0.054501 0.565013 0.009229
v 0.052479 0.569166 0.008370
v 0.051704 0.570311 0.006347
v 0.053198 0.565223 0.011604
v 0.048199 0.571547 0.010092
v 0.044843 0.575995 0.008854
v 0.041789 0.576150 0.007023
v 0.050035 0.568653 0.013140
v 0.044269 0.577213 0.011915
v 0.036941 0.583492 0.010380
v 0.034932 0.586476 0.005826
v 0.062215 0.563004 0.000873
v 0.056308 0.565628 0.000323
v 0.051942 0.567031 -0.000406
v 0.049930 0.567098 -0.001728
v 0.056634 0.566300 0.002574
v 0.048578 0.569542 0.002646
v 0.043277 0.573389 0.001928
v 0.041407 0.575090 0.000087
v 0.052012 0.568053 0.004901
v 0.043404 0.573721 0.004637
v 0.037304 0.580057 0.004081
v 0.035451 0.585243 0.001985
v 0.060525 0.562221 -0.009734
v 0.054418 0.564315 -0.009160
v 0.050342 0.566729 -0.009380
v 0.048445 0.567576 -0.010642
v 0.054556 0.564355 -0.006586
v 0.046937 0.569100 -0.005609
v 0.042397 0.574078 -0.004948
v 0.041645 0.576756 -0.006262
v 0.051081 0.566298 -0.004233
v 0.043096 0.572832 -0.002732
v 0.037031 0.579473 -0.001427
v 0.034745 0.584541 -0.002117
v 0.057532 0.562792 -0.020258
v 0.052854 0.566920 -0.018195
v 0.048421 0.569851 -0.017169
v 0.046762 0.569196 -0.017978
v 0.052665 0.565648 -0.016155
v 0.046584 0.571719 -0.013119
v 0.041576 0.575421 -0.011367
v 0.038238 0.575980 -0.011609
v 0.049656 0.567699 -0.013031
v 0.043034 0.574848 -0.009473
v 0.035879 0.580085 -0.005871
v 0.033139 0.584613 -0.006098
v 0.053432 0.563317 -0.028748
v 0.047879 0.566040 -0.025549
v 0.044525 0.569674 -0.023980
v 0.044319 0.571904 -0.024327
v 0.049460 0.565927 -0.023957
v 0.042232 0.570966 -0.019498
v 0.039138 0.576459 -0.016466
v 0.037295 0.578887 -0.016955
v 0.047199 0.568078 -0.020131
v 0.039876 0.574120 -0.015051
v 0.035177 0.581379 -0.011607
v 0.031367 0.584206 -0.009815
v 0.048443 0.565480 -0.036690
v 0.044436 0.569570 -0.032695
v 0.040611 0.571994 -0.030077
v 0.038455 0.571518 -0.029512
v 0.045910 0.568755 -0.030976
v 0.039967 0.574185 -0.025511
v 0.035354 0.576826 -0.021292
v 0.032520 0.577007 -0.020409
v 0.044776 0.571500 -0.027175
v 0.038062 0.577003 -0.020812
v 0.031548 0.580405 -0.015195
v 0.028385 0.582824 -0.012465
v 0.040631 0.565351 -0.042513
v 0.037076 0.568553 -0.037403
v 0.033948 0.571220 -0.034257
v 0.031753 0.572140 -0.033817
v 0.039017 0.568168 -0.036214
v 0.033702 0.572543 -0.029393
v 0.030276 0.576201 -0.024869
v 0.027868 0.577526 -0.023956
v 0.038198 0.570091 -0.031898
v 0.032670 0.575112 -0.024206
v 0.027640 0.580083 -0.018114
v 0.025468 0.582795 -0.014831
v 0.031648 0.566248 -0.047088
v 0.029067 0.569353 -0.041374
v 0.026458 0.571645 -0.037521
v 0.024354 0.572562 -0.036391
v 0.031157 0.569107 -0.040609
v 0.027433 0.573380 -0.033040
v 0.024728 0.576620 -0.027600
v 0.022505 0.577755 -0.025635
v 0.031002 0.570682 -0.036169
v 0.027224 0.575930 -0.027488
v 0.023651 0.580417 -0.020091
v 0.021131 0.583523 -0.016590
v -0.023406 0.528026 -0.120740
v -0.025359 0.539493 -0.105154
v -0.019384 0.546770 -0.090310
v -0.014425 0.553028 -0.076916
v -0.010125 0.559162 -0.065030
v -0.022674 0.538444 -0.105054
v -0.016878 0.546222 -0.089865
v -0.012055 0.553518 -0.075862
v -0.008487 0.560347 -0.062930
v -0.019442 0.538246 -0.105280
v -0.014316 0.546092 -0.089886
v -0.010057 0.554188 -0.074983
v -0.006265 0.561273 -0.061352
v -0.016666 0.537954 -0.105614
v -0.011834 0.546388 -0.089823
v -0.007716 0.554671 -0.074839
v -0.004270 0.562261 -0.061106
v -0.022241 0.521336 -0.141040
v -0.013899 0.537776 -0.106692
v -0.009707 0.546807 -0.091312
v -0.006255 0.555250 -0.076521
v -0.003278 0.562637 -0.063204
v -0.015700 0.530453 -0.124756
v -0.011331 0.538579 -0.108495
v -0.008351 0.547814 -0.093496
v -0.005459 0.555730 -0.079030
v -0.002275 0.562231 -0.066058
v -0.014959 0.533385 -0.126734
v -0.010960 0.540981 -0.110457
v -0.008085 0.549386 -0.095464
v -0.004790 0.556269 -0.081321
v -0.001952 0.562391 -0.069384
v -0.005572 0.524346 -0.168777
v -0.011897 0.537762 -0.129748
v -0.008985 0.545362 -0.113127
v -0.005076 0.551996 -0.097823
v -0.002019 0.558308 -0.082683
v 0.000976 0.562824 -0.069923
v -0.008463 0.538189 -0.130274
v -0.006082 0.546283 -0.113441
v -0.002546 0.552204 -0.097082
v 0.000099 0.558412 -0.081161
v 0.002517 0.563824 -0.067428
v -0.005142 0.538905 -0.130722
v -0.003106 0.545954 -0.112859
v -0.000380 0.551352 -0.095898
v 0.002209 0.557805 -0.079876
v 0.004609 0.564677 -0.065381
v -0.001867 0.539832 -0.131074
v -0.000271 0.545769 -0.112647
v 0.002305 0.551606 -0.095475
v 0.004514 0.558133 -0.079166
v 0.006456 0.564954 -0.064844
v 0.000416 0.534612 -0.150438
v 0.000857 0.541678 -0.132324
v 0.002266 0.546474 -0.113700
v 0.004202 0.552802 -0.096479
v 0.006234 0.558658 -0.080533
v 0.007919 0.563311 -0.065331
v 0.003188 0.542189 -0.133326
v 0.004533 0.548039 -0.115106
v 0.006492 0.552973 -0.098281
v 0.008228 0.558007 -0.082204
v 0.009944 0.562771 -0.067976
v 0.007184 0.547623 -0.115959
v 0.008819 0.552413 -0.098969
v 0.009830 0.557169 -0.083564
v 0.010953 0.561610 -0.070173
v -0.007727 0.411110 -0.215587
v 0.007041 0.405807 -0.209866
v 0.008755 0.422720 -0.222733
v -0.008337 0.425429 -0.226354
v -0.060242 0.391388 -0.183959
v -0.063238 0.398961 -0.191726
v -0.066080 0.406623 -0.199093
v -0.068686 0.414418 -0.205852
v -0.070959 0.422385 -0.211767
v -0.072776 0.430560 -0.216566
v -0.074017 0.438976 -0.219977
v -0.055820 0.391388 -0.185602
v -0.058625 0.398961 -0.193441
v -0.061284 0.406623 -0.200875
v -0.063726 0.414418 -0.207699
v -0.065862 0.422388 -0.213687
v -0.067594 0.430571 -0.218590
v -0.068818 0.439005 -0.222157
v -0.051359 0.391388 -0.187137
v -0.053970 0.398961 -0.195042
v -0.056447 0.406623 -0.202539
v -0.058721 0.414419 -0.209422
v -0.060717 0.422390 -0.215475
v -0.062351 0.430579 -0.220463
v -0.063537 0.439025 -0.224153
v -0.046861 0.391388 -0.188561
v -0.049278 0.398961 -0.196528
v -0.051570 0.406623 -0.204084
v -0.053674 0.414419 -0.211021
v -0.055526 0.422391 -0.217129
v -0.057052 0.430583 -0.222186
v -0.058181 0.439037 -0.225967
v -0.042330 0.391388 -0.189875
v -0.044551 0.398961 -0.197899
v -0.046657 0.406623 -0.205508
v -0.048590 0.414419 -0.212496
v -0.050293 0.422392 -0.218652
v -0.051704 0.430586 -0.223761
v -0.052759 0.439044 -0.227606
v -0.037769 0.391388 -0.191078
v -0.039791 0.398961 -0.199154
v -0.041710 0.406623 -0.206813
v -0.043471 0.414419 -0.213845
v -0.045024 0.422392 -0.220042
v -0.046313 0.430587 -0.225193
v -0.047284 0.439048 -0.229083
v -0.034617 0.402792 -0.204408
v -0.039021 0.418405 -0.218185
v -0.095017 0.410520 -0.189423
v -0.107026 0.414938 -0.186605
v -0.091233 0.395683 -0.173759
v -0.103569 0.426393 -0.198421
v -0.101296 0.438700 -0.205447
v -0.092721 0.414414 -0.194816
v -0.095611 0.422356 -0.200275
v -0.097751 0.430458 -0.204438
v -0.078299 0.395175 -0.180550
v -0.084780 0.406623 -0.190803
v -0.088026 0.414415 -0.197258
v -0.090798 0.422364 -0.202814
v -0.092880 0.430483 -0.207102
v -0.087885 0.438857 -0.213104
v -0.076807 0.398961 -0.185910
v -0.080182 0.406623 -0.193047
v -0.083272 0.414416 -0.199584
v -0.085924 0.422370 -0.205236
v -0.087946 0.430506 -0.209654
v -0.068958 0.391388 -0.180348
v -0.072332 0.398961 -0.187960
v -0.075532 0.406623 -0.195177
v -0.078462 0.414417 -0.201793
v -0.080992 0.422376 -0.207538
v -0.082952 0.430527 -0.212089
v -0.147725 0.392365 -0.109140
v -0.134948 0.433454 -0.178077
v -0.113326 0.401079 -0.164246
v -0.125697 0.416222 -0.173596
v -0.121219 0.427306 -0.187296
v -0.131272 0.391768 -0.131888
v -0.149745 0.406294 -0.128950
v -0.155371 0.420505 -0.137071
v -0.156891 0.433021 -0.143496
v -0.114408 0.394690 -0.152597
v -0.140835 0.405164 -0.140658
v -0.156177 0.401892 -0.078752
v -0.161131 0.411530 -0.081433
v -0.166906 0.419643 -0.083982
v -0.178879 0.439050 -0.095041
v -0.155675 0.400552 -0.083627
v -0.160437 0.410232 -0.086567
v -0.165185 0.419242 -0.089120
v -0.155048 0.399170 -0.088427
v -0.159778 0.408773 -0.091628
v -0.163576 0.418601 -0.094210
v -0.154370 0.397669 -0.093184
v -0.160437 0.419877 -0.111822
v -0.169049 0.433631 -0.112286
v -0.170545 0.399219 -0.042874
v -0.178028 0.407873 -0.043759
v -0.186761 0.414320 -0.046234
v -0.196231 0.418898 -0.049550
v -0.203706 0.424715 -0.051667
v -0.205435 0.436688 -0.061187
v -0.165690 0.402709 -0.045343
v -0.174357 0.410210 -0.047400
v -0.184568 0.414890 -0.051158
v -0.193930 0.419658 -0.054331
v -0.201230 0.425570 -0.056460
v -0.160897 0.405737 -0.048340
v -0.171738 0.411099 -0.052277
v -0.181535 0.416159 -0.055749
v -0.190747 0.421118 -0.058756
v -0.195205 0.430151 -0.067906
v -0.158259 0.406809 -0.053072
v -0.169370 0.411817 -0.057106
v -0.178559 0.417397 -0.060215
v -0.186938 0.423046 -0.062904
v -0.192239 0.450281 -0.090927
v -0.156635 0.407122 -0.058049
v -0.166948 0.412631 -0.061705
v -0.175806 0.418397 -0.064685
v -0.183695 0.424386 -0.067278
v -0.179923 0.459122 -0.122788
v -0.156131 0.406370 -0.063245
v -0.164708 0.413237 -0.066289
v -0.172968 0.419394 -0.069133
v -0.180456 0.425598 -0.071687
v -0.156288 0.404918 -0.068550
v -0.163231 0.413045 -0.071208
v -0.170475 0.419988 -0.073807
v -0.176973 0.426909 -0.076066
v -0.197200 0.442111 -0.080185
v -0.183137 0.391472 -0.009302
v -0.191482 0.399023 -0.009516
v -0.199405 0.406656 -0.009721
v -0.206566 0.414491 -0.009899
v -0.211776 0.423024 -0.010014
v -0.214028 0.432367 -0.010094
v -0.217646 0.440476 -0.010223
v -0.182845 0.391585 -0.013969
v -0.191203 0.399116 -0.014395
v -0.199148 0.406718 -0.014808
v -0.206043 0.414704 -0.015142
v -0.210244 0.423789 -0.015351
v -0.213024 0.432926 -0.015589
v -0.219482 0.439974 -0.015881
v -0.182338 0.391794 -0.018590
v -0.190712 0.399297 -0.019231
v -0.198663 0.406868 -0.019852
v -0.205032 0.415187 -0.020295
v -0.208332 0.424822 -0.020574
v -0.213946 0.432494 -0.021095
v -0.220452 0.439520 -0.021498
v -0.181566 0.392145 -0.023142
v -0.189956 0.399613 -0.024000
v -0.197846 0.407205 -0.024808
v -0.203487 0.416032 -0.025288
v -0.207092 0.425488 -0.025732
v -0.214805 0.431832 -0.026587
v -0.220339 0.439261 -0.027045
v -0.180471 0.392696 -0.027598
v -0.188857 0.400144 -0.028661
v -0.196558 0.407882 -0.029585
v -0.201545 0.417210 -0.030060
v -0.207230 0.425174 -0.030979
v -0.214856 0.431357 -0.032022
v -0.219415 0.439166 -0.032494
v -0.178979 0.393519 -0.031921
v -0.187278 0.401043 -0.033118
v -0.194664 0.409077 -0.034060
v -0.199525 0.418495 -0.034635
v -0.207290 0.424662 -0.036263
v -0.214064 0.431161 -0.037360
v -0.217885 0.439180 -0.037820
v -0.176969 0.394743 -0.036024
v -0.185039 0.402526 -0.037218
v -0.192116 0.410892 -0.038130
v -0.198263 0.419062 -0.039374
v -0.206804 0.424294 -0.041527
v -0.212591 0.431213 -0.042580
v -0.215831 0.439277 -0.043001
v -0.180452 0.391388 0.028242
v -0.188655 0.398961 0.029665
v -0.196434 0.406623 0.031015
v -0.203502 0.414463 0.032236
v -0.209412 0.422650 0.033230
v -0.214642 0.430815 0.034131
v -0.218890 0.439118 0.034891
v -0.181201 0.391388 0.023584
v -0.189437 0.398961 0.024806
v -0.197246 0.406623 0.025964
v -0.204407 0.414425 0.027026
v -0.210669 0.422431 0.027948
v -0.215943 0.430613 0.028732
v -0.219965 0.439052 0.029334
v -0.181836 0.391388 0.018910
v -0.190099 0.398961 0.019929
v -0.197935 0.406623 0.020895
v -0.205130 0.414419 0.021783
v -0.211469 0.422393 0.022564
v -0.216744 0.430587 0.023215
v -0.220737 0.439049 0.023708
v -0.182356 0.391388 0.014221
v -0.190641 0.398961 0.015037
v -0.198498 0.406623 0.015811
v -0.205713 0.414419 0.016521
v -0.212072 0.422392 0.017147
v -0.217360 0.430587 0.017668
v -0.221362 0.439049 0.018062
v -0.182761 0.391388 0.009520
v -0.191064 0.398961 0.010133
v -0.198937 0.406623 0.010714
v -0.206168 0.414419 0.011247
v -0.212539 0.422392 0.011717
v -0.217830 0.430589 0.012108
v -0.221783 0.439061 0.012404
v -0.183049 0.391389 0.004812
v -0.191365 0.398962 0.005220
v -0.199251 0.406623 0.005608
v -0.206492 0.414419 0.005963
v -0.212866 0.422395 0.006277
v -0.218030 0.430633 0.006539
v -0.221643 0.439159 0.006737
v -0.183216 0.391396 0.000100
v -0.191542 0.398966 0.000304
v -0.199438 0.406625 0.000496
v -0.206687 0.414419 0.000673
v -0.212972 0.422434 0.000832
v -0.217606 0.430847 0.000972
v -0.220358 0.439514 0.001074
v -0.170402 0.391387 0.064558
v -0.178170 0.398961 0.067554
v -0.185536 0.406623 0.070396
v -0.192300 0.414419 0.073005
v -0.198261 0.422392 0.075305
v -0.203218 0.430587 0.077217
v -0.206971 0.439044 0.078664
v -0.172045 0.391388 0.060136
v -0.179884 0.398961 0.062941
v -0.187318 0.406623 0.065601
v -0.194144 0.414419 0.068043
v -0.200160 0.422392 0.070196
v -0.205162 0.430587 0.071986
v -0.208928 0.439050 0.073334
v -0.173580 0.391388 0.055675
v -0.181485 0.398961 0.058287
v -0.188982 0.406623 0.060764
v -0.195866 0.414419 0.063038
v -0.201932 0.422392 0.065042
v -0.206964 0.430592 0.066704
v -0.210572 0.439078 0.067897
v -0.175005 0.391388 0.051178
v -0.182972 0.398961 0.053595
v -0.190527 0.406623 0.055887
v -0.197461 0.414421 0.057990
v -0.203520 0.422422 0.059830
v -0.208416 0.430677 0.061317
v -0.211513 0.439241 0.062237
v -0.176319 0.391388 0.046647
v -0.184343 0.398961 0.048868
v -0.191952 0.406623 0.050973
v -0.198892 0.414446 0.052895
v -0.204663 0.422618 0.054498
v -0.209016 0.431062 0.055687
v -0.211399 0.439710 0.056261
v -0.177521 0.391388 0.042085
v -0.185597 0.398961 0.044108
v -0.193255 0.406624 0.046026
v -0.200120 0.414517 0.047746
v -0.205077 0.423145 0.048976
v -0.208511 0.431914 0.049760
v -0.211013 0.440355 0.050230
v -0.178612 0.391388 0.037495
v -0.186735 0.398961 0.039319
v -0.194437 0.406624 0.041049
v -0.201240 0.414578 0.042570
v -0.205178 0.423811 0.043380
v -0.208975 0.432366 0.044119
v -0.213830 0.440027 0.045183
v -0.153456 0.391379 0.098205
v -0.160489 0.398951 0.102661
v -0.167159 0.406612 0.106886
v -0.173285 0.414405 0.110765
v -0.178684 0.422375 0.114184
v -0.184646 0.430561 0.114656
v -0.155932 0.391381 0.094192
v -0.163072 0.398954 0.098473
v -0.169844 0.406614 0.102533
v -0.176062 0.414408 0.106260
v -0.181543 0.422378 0.109544
v -0.190960 0.439063 0.111919
v -0.158309 0.391383 0.090118
v -0.165551 0.398956 0.094223
v -0.172420 0.406617 0.098115
v -0.178727 0.414412 0.101688
v -0.184288 0.422381 0.104838
v -0.188917 0.430570 0.107460
v -0.160583 0.391385 0.085986
v -0.167925 0.398958 0.089912
v -0.174887 0.406619 0.093635
v -0.181279 0.414415 0.097052
v -0.186915 0.422386 0.100064
v -0.191603 0.430579 0.102569
v -0.196462 0.439036 0.101947
v -0.162757 0.391385 0.081800
v -0.170193 0.398958 0.085544
v -0.177245 0.406619 0.089094
v -0.183721 0.414414 0.092354
v -0.189427 0.422387 0.095226
v -0.194172 0.430581 0.097615
v -0.164826 0.391385 0.077561
v -0.172352 0.398959 0.081121
v -0.179490 0.406620 0.084497
v -0.186044 0.414414 0.087597
v -0.191818 0.422387 0.090329
v -0.196621 0.430581 0.092600
v -0.200260 0.439037 0.094321
v -0.166791 0.391386 0.073273
v -0.174402 0.398959 0.076647
v -0.181621 0.406620 0.079847
v -0.188249 0.414415 0.082785
v -0.194090 0.422388 0.085373
v -0.198947 0.430580 0.087526
v -0.202625 0.439038 0.089157
v -0.130271 0.391366 0.127897
v -0.136301 0.398938 0.133640
v -0.142020 0.406597 0.139086
v -0.147272 0.414389 0.144086
v -0.151908 0.422351 0.148501
v -0.157686 0.430520 0.150145
v -0.133482 0.391369 0.124443
v -0.139649 0.398941 0.130036
v -0.145500 0.406601 0.135340
v -0.150874 0.414391 0.140211
v -0.157426 0.422351 0.142472
v -0.164283 0.439635 0.148429
v -0.136607 0.391370 0.120912
v -0.142910 0.398943 0.126352
v -0.148889 0.406602 0.131511
v -0.154382 0.414391 0.136249
v -0.165067 0.430535 0.141778
v -0.139645 0.391373 0.117304
v -0.146079 0.398945 0.122588
v -0.152182 0.406605 0.127598
v -0.157790 0.414395 0.132200
v -0.164442 0.422357 0.134133
v -0.171509 0.439746 0.139745
v -0.142592 0.391373 0.113622
v -0.149155 0.398945 0.118746
v -0.155380 0.406606 0.123605
v -0.161099 0.414396 0.128068
v -0.172032 0.430546 0.133060
v -0.145449 0.391374 0.109869
v -0.152136 0.398945 0.114830
v -0.158478 0.406606 0.119535
v -0.164304 0.414397 0.123855
v -0.171037 0.422365 0.125456
v -0.178352 0.439657 0.130813
v -0.148214 0.391375 0.106047
v -0.155020 0.398947 0.110843
v -0.161475 0.406607 0.115390
v -0.167404 0.414400 0.119565
v -0.101748 0.391356 0.152496
v -0.106544 0.398927 0.159305
v -0.111093 0.406586 0.165762
v -0.115272 0.414377 0.171693
v -0.118970 0.422333 0.176932
v -0.126752 0.439196 0.182808
v -0.105568 0.391359 0.149735
v -0.110529 0.398931 0.156424
v -0.115234 0.406590 0.162767
v -0.119558 0.414379 0.168594
v -0.125550 0.422333 0.172099
v -0.128801 0.430501 0.176353
v -0.109322 0.391360 0.146881
v -0.114445 0.398931 0.153446
v -0.119304 0.406589 0.159673
v -0.123771 0.414377 0.165394
v -0.133451 0.439445 0.177648
v -0.113004 0.391362 0.143934
v -0.118285 0.398933 0.150372
v -0.123296 0.406592 0.156478
v -0.127901 0.414380 0.162087
v -0.134052 0.422339 0.165284
v -0.135362 0.430519 0.171168
v -0.139940 0.439443 0.172361
v -0.116613 0.391362 0.140898
v -0.122052 0.398932 0.147205
v -0.127210 0.406592 0.153185
v -0.131951 0.414380 0.158680
v -0.141723 0.430510 0.165731
v -0.120145 0.391362 0.137774
v -0.125737 0.398932 0.143946
v -0.131041 0.406591 0.149798
v -0.135916 0.414380 0.155174
v -0.140216 0.422343 0.159916
v -0.148505 0.439288 0.164860
v -0.123601 0.391363 0.134564
v -0.129342 0.398933 0.140598
v -0.134789 0.406590 0.146319
v -0.139791 0.414382 0.151571
v -0.144207 0.422344 0.156207
v -0.068982 0.391356 0.171068
v -0.072363 0.398928 0.178679
v -0.075572 0.406587 0.185897
v -0.078530 0.414376 0.192524
v -0.073267 0.391357 0.169102
v -0.076831 0.398931 0.176628
v -0.080215 0.406592 0.183763
v -0.083330 0.414381 0.190318
v -0.088544 0.422320 0.194929
v -0.088347 0.431476 0.200649
v -0.077504 0.391355 0.167035
v -0.081251 0.398929 0.174471
v -0.084809 0.406588 0.181524
v -0.088082 0.414373 0.188006
v -0.095675 0.431255 0.197089
v -0.096261 0.441310 0.200151
v -0.081689 0.391357 0.164860
v -0.085617 0.398929 0.172204
v -0.089346 0.406586 0.179168
v -0.092775 0.414374 0.185568
v -0.098202 0.422322 0.189913
v -0.085819 0.391356 0.162585
v -0.089928 0.398925 0.169831
v -0.093824 0.406585 0.176704
v -0.097411 0.414368 0.183019
v -0.103083 0.430808 0.193247
v -0.106836 0.439694 0.195352
v -0.089894 0.391355 0.160209
v -0.094177 0.398925 0.167353
v -0.098241 0.406584 0.174127
v -0.101984 0.414365 0.180357
v -0.105288 0.422326 0.185849
v -0.110385 0.430551 0.188983
v -0.093908 0.391355 0.157736
v -0.098365 0.398923 0.164773
v -0.102594 0.406581 0.171445
v -0.106483 0.414370 0.177575
v -0.038469 0.414407 0.205816
v -0.039890 0.422386 0.212041
v -0.043800 0.430570 0.216604
v 0.078627 0.392329 -0.182458
v -0.039012 0.402749 0.194179
v -0.043608 0.414405 0.204584
v -0.045174 0.422380 0.210780
v -0.050329 0.439418 0.218893
v -0.042398 0.391368 0.180616
v -0.044641 0.398930 0.188648
v -0.046766 0.406595 0.196254
v -0.048718 0.414398 0.203238
v -0.050435 0.422372 0.209397
v -0.054569 0.430546 0.213769
v -0.046912 0.391373 0.179293
v -0.049348 0.398943 0.187259
v -0.051656 0.406606 0.194814
v -0.053780 0.414399 0.201755
v -0.055664 0.422353 0.207887
v -0.058505 0.439783 0.216389
v -0.051404 0.391366 0.177865
v -0.054031 0.398936 0.185771
v -0.056524 0.406596 0.193269
v -0.058817 0.414387 0.200158
v -0.060856 0.422340 0.206249
v -0.062552 0.430558 0.211293
v -0.066654 0.440307 0.213448
v -0.055857 0.391362 0.176327
v -0.058674 0.398932 0.184167
v -0.061349 0.406590 0.191603
v -0.063811 0.414383 0.198429
v -0.068547 0.422337 0.203506
v -0.070445 0.430658 0.208455
v -0.060275 0.391358 0.174681
v -0.063283 0.398928 0.182448
v -0.066137 0.406586 0.189814
v -0.068763 0.414380 0.196578
v -0.002708 0.434893 0.224515
v 0.127117 0.390208 -0.152966
v -0.008115 0.430647 0.222175
v -0.008444 0.439140 0.226168
v -0.017868 0.395155 0.189860
v -0.016229 0.410468 0.206006
v -0.013655 0.430626 0.221707
v -0.014067 0.439128 0.225675
v 0.014757 0.418474 0.213243
v -0.018508 0.422382 0.215854
v -0.019165 0.430626 0.221079
v -0.019695 0.439107 0.225059
v -0.023865 0.422406 0.215072
v -0.024676 0.430615 0.220316
v -0.028096 0.439084 0.223839
v -0.028112 0.414397 0.207928
v -0.029228 0.422391 0.214202
v -0.030169 0.430596 0.219432
v 0.033181 0.404890 0.200295
v 0.035114 0.418561 0.212692
v 0.036669 0.434274 0.222578
v 0.017802 0.383923 0.178041
v 0.022588 0.426613 0.219706
v 0.088969 0.419841 0.199457
v 0.019500 0.439209 0.226493
v 0.136977 0.399759 -0.158066
v 0.072536 0.418888 0.204504
v 0.037977 0.513671 0.186813
v 0.100093 0.393187 -0.171739
v 0.035940 0.495692 0.209257
v 0.079456 0.418873 -0.209504
v 0.098355 0.455244 -0.213029
v 0.109449 0.393025 -0.166887
v 0.094870 0.441777 -0.213606
v 0.113527 0.436558 0.197766
v 0.140621 0.470826 -0.189428
v 0.116734 0.419725 -0.190133
v 0.152810 0.458506 -0.181805
v 0.106296 0.414809 -0.192547
v 0.135885 0.478656 -0.189135
v 0.124106 0.427600 0.188368
v 0.098203 0.395918 0.170911
v 0.085309 0.400412 0.181340
v 0.115274 0.398630 -0.170194
v 0.130119 0.460537 -0.198667
v 0.144330 0.450192 -0.188376
v 0.054576 0.418403 -0.215882
v 0.062379 0.436716 -0.224813
v 0.044784 0.419922 -0.218276
v 0.118197 0.475930 -0.199642
v 0.080792 0.384060 0.163405
v 0.098722 0.408894 0.185544
v 0.136448 0.440589 -0.190792
v 0.102923 0.445621 0.206915
v 0.133429 0.403861 -0.165117
v 0.068325 0.402921 -0.199747
v 0.075166 0.399350 -0.192824
v 0.085455 0.385358 -0.169963
v 0.193979 0.429024 0.123447
v 0.147821 0.407014 0.150926
v 0.168040 0.439769 0.163076
v 0.143195 0.412975 0.161739
v 0.161270 0.427120 0.160328
v 0.163856 0.439781 0.166921
v 0.137971 0.399304 0.149126
v 0.148447 0.422958 0.168092
v 0.157131 0.431198 0.167779
v 0.159575 0.439779 0.170670
v 0.089512 0.389952 0.167171
v 0.114383 0.399584 0.166049
v 0.150637 0.431216 0.173133
v 0.155316 0.439714 0.174441
v 0.080674 0.412457 0.195567
v 0.111470 0.418156 0.187061
v 0.150815 0.439747 0.177964
v 0.108876 0.410355 0.181661
v 0.101319 0.417936 0.192247
v 0.140458 0.431306 0.180477
v 0.146300 0.439749 0.181426
v 0.123243 0.411702 0.174510
v 0.114010 0.427299 0.193658
v 0.085553 0.406955 0.188605
v 0.141628 0.439785 0.184678
v 0.163314 0.395506 0.116866
v 0.186275 0.422900 0.128938
v 0.197783 0.439654 0.128698
v 0.195957 0.422916 0.113877
v 0.194457 0.439676 0.133303
v 0.175096 0.411015 0.127061
v 0.191054 0.439660 0.137889
v 0.187540 0.439634 0.142346
v 0.161395 0.403155 0.131776
v 0.183842 0.439657 0.146685
v 0.165942 0.418997 0.147610
v 0.179128 0.429159 0.143802
v 0.180029 0.439688 0.150911
v 0.176211 0.439689 0.155173
v 0.211968 0.422683 0.085586
v 0.216806 0.430915 0.087715
v 0.220360 0.439447 0.089286
v 0.206986 0.414696 0.078650
v 0.214405 0.430960 0.092763
v 0.217966 0.439475 0.094452
v 0.185155 0.399260 0.091165
v 0.211881 0.431007 0.097783
v 0.215481 0.439483 0.099578
v 0.197968 0.408406 0.085475
v 0.206480 0.431129 0.107355
v 0.212882 0.439483 0.104646
v 0.188977 0.406950 0.100537
v 0.180506 0.383976 0.059356
v 0.210126 0.439506 0.109617
v 0.207243 0.439531 0.114513
v 0.204217 0.439569 0.119322
v 0.196532 0.391468 0.037603
v 0.204654 0.399038 0.039410
v 0.212353 0.406706 0.041127
v 0.219421 0.414517 0.042699
v 0.225624 0.422529 0.044081
v 0.232931 0.435044 0.044269
v 0.195432 0.391481 0.042223
v 0.203514 0.399048 0.044222
v 0.211167 0.406716 0.046128
v 0.218193 0.414524 0.047865
v 0.224371 0.422530 0.049402
v 0.229469 0.430782 0.050677
v 0.233260 0.439320 0.051634
v 0.196650 0.395306 0.053148
v 0.202232 0.399081 0.049012
v 0.209838 0.406739 0.051106
v 0.216850 0.414522 0.052998
v 0.222985 0.422522 0.054686
v 0.228058 0.430765 0.056088
v 0.231801 0.439313 0.057141
v 0.210245 0.410689 0.062080
v 0.215363 0.414535 0.058113
v 0.221475 0.422514 0.059945
v 0.226523 0.430747 0.061465
v 0.230247 0.439298 0.062605
v 0.219812 0.422547 0.065166
v 0.224842 0.430767 0.066812
v 0.228578 0.439298 0.068042
v 0.188008 0.391526 0.065257
v 0.217982 0.422621 0.070343
v 0.223020 0.430814 0.072113
v 0.226710 0.439353 0.073429
v 0.216137 0.422639 0.075503
v 0.221089 0.430854 0.077378
v 0.224753 0.439382 0.078790
v 0.204646 0.395489 0.013448
v 0.228770 0.422512 0.025963
v 0.236481 0.435022 0.022944
v 0.223149 0.414017 0.000824
v 0.212634 0.403006 -0.001766
v 0.199105 0.391428 0.023625
v 0.207341 0.399007 0.024838
v 0.215155 0.406671 0.026000
v 0.222318 0.414486 0.027062
v 0.198365 0.391439 0.028308
v 0.206568 0.399015 0.029721
v 0.214347 0.406681 0.031066
v 0.221483 0.414491 0.032294
v 0.231901 0.426697 -0.028988
v 0.220157 0.411429 -0.030854
v 0.220614 0.410534 -0.016976
v 0.230549 0.422457 -0.015149
v 0.203153 0.393299 -0.005259
v 0.224800 0.474512 -0.083389
v 0.221982 0.426395 -0.074933
v 0.193881 0.394800 -0.067431
v 0.177542 0.385187 -0.077786
v 0.211182 0.410476 -0.067627
v 0.214626 0.409763 -0.053504
v 0.226776 0.426347 -0.059308
v 0.233899 0.443700 -0.061030
v 0.184198 0.422614 -0.132162
v 0.226738 0.422690 -0.044756
v 0.197993 0.426487 -0.119305
v 0.191045 0.412479 -0.109055
v 0.207952 0.444385 -0.117805
v 0.209683 0.427025 -0.101628
v 0.161661 0.403867 -0.140662
v 0.175934 0.423622 -0.145947
v 0.170157 0.404792 -0.130510
v 0.188436 0.436106 -0.142617
v 0.141632 0.433842 -0.184212
v 0.141406 0.411256 -0.168102
v 0.152922 0.446653 -0.181236
v 0.204767 0.460846 -0.127969
v 0.154614 0.430997 -0.172023
v 0.148503 0.403052 -0.153999
v 0.163058 0.419106 -0.156068
v 0.097554 0.408281 -0.191602
v 0.098391 0.419359 -0.201165
v 0.126256 0.413323 -0.179627
v 0.095078 0.385605 -0.165201
v 0.104548 0.436889 -0.207073
v 0.113378 0.429597 -0.199205
v 0.105105 0.400774 -0.178274
v 0.114132 0.410321 -0.183797
v 0.124806 0.429194 -0.192840
v 0.072015 0.410613 -0.206930
v 0.064635 0.395229 -0.192565
v 0.071621 0.424598 -0.218781
v 0.083665 0.407301 -0.198524
v 0.023583 0.428080 -0.226159
v 0.009445 0.395806 -0.200252
v 0.035051 0.412089 -0.213537
v 0.036699 0.427479 -0.225300
v -0.024888 0.490174 -0.223118
v -0.042378 0.448999 -0.232249
v -0.023210 0.499939 -0.205202
v -0.019891 0.507719 -0.193519
v -0.014422 0.461213 -0.237125
v 0.012397 0.452006 -0.235201
v 0.007475 0.491297 -0.224246
v 0.070231 0.524765 -0.145405
v -0.012828 0.501288 -0.207238
v -0.008535 0.490190 -0.225550
v -0.005895 0.509151 -0.196690
v -0.012810 0.475474 -0.234316
v -0.015944 0.525116 -0.154957
v 0.000502 0.498623 -0.210214
v -0.068165 0.456816 -0.225015
v -0.068400 0.471451 -0.219891
v -0.055265 0.498624 -0.177982
v -0.053159 0.491640 -0.195388
v -0.061347 0.466463 -0.226290
v -0.054844 0.487920 -0.212923
v -0.038142 0.499413 -0.185305
v -0.054930 0.456898 -0.230225
v -0.047847 0.463915 -0.231375
v -0.050134 0.476037 -0.226819
v -0.080627 0.457977 -0.216537
v -0.042682 0.485297 -0.223578
v -0.040519 0.491433 -0.213588
v -0.102580 0.456255 -0.200372
v -0.084229 0.505098 -0.168031
v -0.097908 0.476388 -0.193376
v -0.084730 0.487966 -0.194518
v -0.091352 0.497802 -0.177052
v -0.071499 0.511373 -0.163485
v -0.091966 0.465983 -0.200964
v -0.018665 0.516058 -0.171971
v -0.033602 0.527027 -0.128316
v -0.090365 0.456587 -0.209608
v -0.081895 0.470842 -0.207413
v -0.072718 0.496006 -0.188426
v -0.139902 0.465519 -0.166821
v -0.138786 0.479360 -0.165478
v -0.142609 0.485963 -0.150572
v -0.130521 0.487122 -0.156877
v -0.162192 0.431709 -0.126495
v -0.116672 0.497346 -0.149829
v -0.105854 0.466641 -0.189331
v -0.130269 0.469519 -0.173633
v -0.102665 0.505789 -0.144063
v -0.120406 0.483474 -0.169003
v -0.090801 0.510522 -0.143806
v -0.120011 0.460189 -0.182697
v -0.108647 0.494372 -0.162544
v -0.115000 0.478485 -0.182619
v -0.103069 0.489065 -0.178035
v -0.055605 0.532800 -0.119844
v -0.166148 0.479039 -0.135816
v -0.164193 0.464959 -0.144871
v -0.158848 0.479870 -0.145390
v -0.145445 0.491060 -0.134233
v -0.133713 0.501305 -0.126772
v -0.198483 0.463859 -0.099134
v -0.186661 0.478925 -0.100563
v -0.171107 0.487731 -0.095835
v -0.188225 0.470798 -0.116066
v -0.148610 0.501634 -0.085905
v -0.158438 0.482751 -0.124197
v -0.168804 0.481294 -0.111708
v -0.142455 0.492627 -0.114892
v -0.152748 0.492570 -0.100932
v -0.207081 0.469344 -0.056799
v -0.179753 0.492065 -0.053495
v -0.204967 0.464806 -0.070120
v -0.197066 0.478030 -0.072349
v -0.185455 0.490976 -0.068270
v -0.172343 0.431663 -0.087947
v -0.203928 0.464485 -0.082904
v -0.169392 0.503730 -0.065007
v -0.223520 0.456776 -0.010389
v -0.217372 0.476485 -0.013021
v -0.224878 0.456904 -0.018925
v -0.223309 0.466676 -0.016073
v -0.174887 0.500465 -0.015190
v -0.222343 0.466907 -0.024545
v -0.214540 0.476097 -0.025322
v -0.201699 0.481919 -0.023642
v -0.186630 0.489608 -0.020755
v -0.223192 0.456839 -0.030089
v -0.174719 0.430861 -0.080192
v -0.171379 0.495219 -0.027285
v -0.215586 0.471359 -0.040636
v -0.195206 0.480297 -0.053438
v -0.166432 0.498891 -0.043210
v -0.222816 0.456923 0.032669
v -0.217668 0.476341 0.031611
v -0.222467 0.466359 0.026729
v -0.174790 0.501693 0.022469
v -0.224363 0.456921 0.021253
v -0.216458 0.475549 0.018779
v -0.207644 0.481424 0.019123
v -0.198982 0.488145 0.018409
v -0.188138 0.494361 0.018107
v -0.223081 0.466253 0.015345
v -0.177028 0.503940 0.012425
v -0.224554 0.456797 0.009763
v -0.206110 0.478567 0.007592
v -0.200731 0.488986 0.007644
v -0.191103 0.496723 0.007776
v -0.220729 0.465199 0.003926
v -0.193168 0.485852 -0.014389
v -0.168658 0.506834 -0.009281
v -0.209791 0.456873 0.079769
v -0.209001 0.466204 0.079465
v -0.206228 0.475975 0.078447
v -0.198335 0.483158 0.075493
v -0.189264 0.490175 0.072202
v -0.178701 0.497226 0.068540
v -0.167553 0.504610 0.065155
v -0.210667 0.456800 0.073994
v -0.210266 0.466134 0.073839
v -0.208036 0.476058 0.073081
v -0.200081 0.483256 0.070353
v -0.191299 0.490751 0.067323
v -0.180629 0.497808 0.063737
v -0.169394 0.505035 0.060504
v -0.210181 0.456730 0.067772
v -0.211273 0.466074 0.068127
v -0.209668 0.476156 0.067744
v -0.201124 0.482824 0.065223
v -0.191203 0.488888 0.062537
v -0.180550 0.496158 0.059147
v -0.169130 0.503168 0.055929
v -0.210956 0.456889 0.061964
v -0.213398 0.466150 0.062784
v -0.211192 0.476196 0.062350
v -0.201893 0.482140 0.060046
v -0.190901 0.486797 0.057779
v -0.179682 0.493041 0.054975
v -0.168182 0.500012 0.052508
v -0.214438 0.457042 0.057046
v -0.215792 0.466223 0.057535
v -0.213044 0.476064 0.056912
v -0.204272 0.482004 0.050935
v -0.193890 0.487849 0.049168
v -0.180965 0.492764 0.050011
v -0.169274 0.498945 0.047580
v -0.217590 0.457029 0.052030
v -0.218482 0.466247 0.049382
v -0.215305 0.476131 0.047334
v -0.184144 0.496023 0.043756
v -0.171253 0.501333 0.043829
v -0.189537 0.465866 0.118431
v -0.180047 0.483242 0.111778
v -0.171752 0.490033 0.106714
v -0.161436 0.497599 0.103469
v -0.151617 0.505065 0.097700
v -0.193494 0.456928 0.113890
v -0.190208 0.475962 0.111603
v -0.163389 0.496530 0.098955
v -0.152871 0.503398 0.093321
v -0.195865 0.466171 0.108274
v -0.183928 0.483014 0.104638
v -0.175144 0.489187 0.099739
v -0.166017 0.496818 0.094632
v -0.155212 0.503309 0.088968
v -0.199474 0.456885 0.103534
v -0.195500 0.476212 0.101504
v -0.187594 0.482982 0.097453
v -0.177793 0.489818 0.095202
v -0.168178 0.496477 0.090132
v -0.157540 0.503771 0.084863
v -0.200005 0.466219 0.100560
v -0.180269 0.489784 0.090657
v -0.170010 0.495709 0.085587
v -0.159147 0.502275 0.080448
v -0.203315 0.456891 0.095772
v -0.202498 0.466220 0.095391
v -0.199483 0.476049 0.094014
v -0.191524 0.482920 0.090268
v -0.182473 0.489008 0.085777
v -0.171684 0.494157 0.081079
v -0.160233 0.500188 0.076217
v -0.205700 0.456896 0.090526
v -0.204876 0.466225 0.090165
v -0.201959 0.475956 0.088881
v -0.194057 0.482892 0.085391
v -0.184304 0.488098 0.081017
v -0.173460 0.493378 0.076224
v -0.162274 0.499924 0.071533
v -0.079504 0.486453 0.195760
v -0.161212 0.465141 0.153510
v -0.154430 0.483511 0.146979
v -0.138539 0.499117 0.135613
v -0.129798 0.505924 0.127288
v -0.165737 0.457497 0.149670
v -0.163548 0.474094 0.148030
v -0.150916 0.490569 0.136432
v -0.141900 0.498513 0.131656
v -0.133044 0.506305 0.123599
v -0.168832 0.465016 0.145033
v -0.161185 0.483282 0.138402
v -0.144079 0.496943 0.127396
v -0.135384 0.505168 0.119445
v -0.173071 0.457358 0.141114
v -0.170923 0.474328 0.139343
v -0.156125 0.488184 0.127468
v -0.146464 0.495787 0.123015
v -0.136494 0.502411 0.115503
v -0.175994 0.465083 0.136413
v -0.167966 0.483289 0.129861
v -0.149207 0.495028 0.118816
v -0.139290 0.501717 0.111426
v -0.179980 0.457237 0.132619
v -0.177739 0.474748 0.130498
v -0.163358 0.489578 0.119845
v -0.152639 0.495252 0.114845
v -0.142580 0.502606 0.107905
v -0.156456 0.497796 0.112233
v -0.146151 0.504828 0.105396
v -0.125469 0.462735 0.182698
v -0.121575 0.481386 0.176886
v -0.116382 0.491776 0.168999
v -0.109671 0.499186 0.160649
v -0.105515 0.506587 0.149119
v -0.131385 0.459124 0.179358
v -0.128736 0.472343 0.177763
v -0.068505 0.531714 0.120269
v -0.101762 0.502899 0.158956
v -0.089119 0.494404 0.180563
v -0.134383 0.465486 0.175856
v -0.130564 0.482336 0.170027
v -0.125072 0.491419 0.162115
v -0.119640 0.498836 0.153089
v -0.082123 0.525125 0.126121
v -0.139960 0.458577 0.173294
v -0.137930 0.472751 0.171416
v -0.072615 0.534492 0.107246
v -0.115263 0.505214 0.140709
v -0.068919 0.487737 0.200762
v -0.143545 0.465323 0.169328
v -0.139040 0.483065 0.162457
v -0.130656 0.490519 0.156693
v -0.062139 0.526914 0.134996
v -0.073585 0.534104 0.106156
v -0.149145 0.458056 0.166095
v -0.147303 0.473516 0.164093
v -0.136169 0.489655 0.150983
v -0.126735 0.495575 0.144362
v -0.062723 0.529715 0.129244
v -0.072584 0.500478 0.184369
v -0.130675 0.495735 0.141020
v -0.122203 0.502460 0.132201
v -0.086046 0.468207 0.199876
v -0.085534 0.479585 0.197292
v -0.085813 0.489563 0.189557
v -0.080837 0.499066 0.179712
v -0.090421 0.454734 0.202025
v -0.058256 0.520331 0.155462
v -0.089662 0.498992 0.169723
v -0.094072 0.465776 0.197201
v -0.093759 0.479586 0.192715
v -0.052045 0.527808 0.140760
v -0.081010 0.504949 0.164865
v -0.098693 0.472897 0.193410
v -0.097348 0.489566 0.181610
v -0.074662 0.533939 0.104987
v -0.105753 0.459094 0.195332
v -0.104680 0.466874 0.193164
v -0.101625 0.480024 0.188303
v -0.072486 0.527289 0.127762
v -0.081689 0.523132 0.132252
v -0.073120 0.511226 0.163017
v -0.108944 0.473318 0.189097
v -0.097877 0.497246 0.167576
v -0.092276 0.505169 0.157877
v -0.084796 0.518356 0.139362
v -0.077858 0.528677 0.118201
v -0.047072 0.465975 0.220701
v -0.046258 0.474320 0.218728
v -0.044049 0.484460 0.214579
v -0.041478 0.493620 0.207014
v -0.036565 0.501986 0.198568
v -0.033672 0.509565 0.187209
v -0.052148 0.458334 0.219597
v -0.043852 0.501954 0.196454
v -0.038216 0.509172 0.185765
v -0.057149 0.469322 0.215082
v -0.055017 0.482767 0.211050
v -0.051726 0.493293 0.203897
v -0.042910 0.510064 0.184969
v -0.062113 0.458899 0.214753
v -0.067617 0.505067 0.180814
v -0.053573 0.501336 0.192834
v -0.047488 0.509817 0.183265
v -0.066347 0.468675 0.210398
v -0.065051 0.481533 0.207331
v -0.061873 0.492343 0.200182
v -0.051654 0.508419 0.180785
v -0.072353 0.458660 0.209661
v -0.056039 0.507969 0.178714
v -0.072605 0.494209 0.193142
v -0.060666 0.509097 0.177758
v 0.002637 0.457070 0.229879
v 0.002586 0.466410 0.228724
v 0.002564 0.475859 0.225828
v 0.002622 0.485267 0.220881
v 0.002608 0.494489 0.214058
v 0.002714 0.502955 0.204635
v 0.003271 0.509401 0.192161
v -0.003072 0.457062 0.229717
v -0.003076 0.466413 0.228638
v -0.003036 0.475837 0.225706
v -0.002802 0.485239 0.220823
v -0.002500 0.493944 0.213394
v -0.002126 0.502211 0.203900
v -0.001341 0.509561 0.192265
v -0.008779 0.457045 0.229441
v -0.008757 0.466413 0.228395
v -0.008666 0.475794 0.225368
v -0.008384 0.485277 0.220632
v -0.007884 0.494250 0.213402
v -0.007014 0.502625 0.203870
v -0.005900 0.510678 0.192510
v -0.017354 0.457019 0.228631
v -0.014463 0.466377 0.227912
v -0.014279 0.475792 0.225048
v -0.013775 0.485060 0.219844
v -0.013005 0.493867 0.212489
v -0.012057 0.502507 0.203233
v -0.010833 0.510962 0.192105
v -0.022988 0.466351 0.226883
v -0.022618 0.475811 0.224080
v -0.019149 0.485148 0.219317
v -0.018117 0.493513 0.211549
v -0.016902 0.501950 0.202270
v -0.015083 0.509308 0.190553
v -0.028906 0.457042 0.226972
v -0.024642 0.485197 0.218643
v -0.023334 0.493809 0.211016
v -0.021732 0.501194 0.200931
v -0.019844 0.508863 0.189548
v -0.026682 0.501507 0.200330
v -0.024478 0.510312 0.189693
v 0.049930 0.459733 0.225290
v 0.021811 0.511977 0.193216
v 0.047308 0.478841 0.219685
v 0.022777 0.503266 0.204032
v 0.045670 0.520575 0.174343
v 0.019803 0.457156 0.229613
v 0.019634 0.466477 0.228352
v 0.020634 0.490344 0.215344
v 0.014092 0.457133 0.229798
v 0.013948 0.466440 0.228528
v 0.013725 0.475844 0.225624
v 0.013414 0.485160 0.220697
v 0.013150 0.494477 0.213770
v 0.012608 0.502266 0.203856
v 0.012310 0.512131 0.194007
v 0.057747 0.543434 0.110087
v 0.063064 0.542939 0.114623
v 0.063650 0.470651 0.218948
v 0.059013 0.543901 0.109988
v 0.079420 0.501969 0.191293
v 0.049189 0.490523 0.211710
v 0.060347 0.517243 0.176437
v 0.129384 0.468198 0.193514
v 0.072637 0.541218 0.118115
v 0.106394 0.512077 0.166872
v 0.113623 0.503677 0.175359
v 0.109560 0.469145 0.203645
v 0.114659 0.490013 0.188659
v 0.097735 0.498608 0.187999
v 0.080039 0.522277 0.160387
v 0.093257 0.511909 0.173483
v 0.097310 0.478425 0.204831
v 0.169899 0.457703 0.165186
v 0.168679 0.466988 0.164024
v 0.145258 0.506562 0.143998
v 0.165631 0.457725 0.169054
v 0.164405 0.467025 0.167871
v 0.159865 0.476228 0.167035
v 0.156251 0.485625 0.162917
v 0.103042 0.534467 0.120369
v 0.161278 0.457737 0.172832
v 0.160145 0.467035 0.171599
v 0.120946 0.526671 0.123722
v 0.156733 0.457776 0.176369
v 0.155744 0.467047 0.175324
v 0.153669 0.476364 0.172718
v 0.132132 0.505233 0.159063
v 0.152251 0.457797 0.180010
v 0.151188 0.467023 0.178727
v 0.146876 0.476271 0.177841
v 0.143490 0.495030 0.163926
v 0.147723 0.457820 0.183564
v 0.146556 0.467023 0.182107
v 0.120041 0.512152 0.159003
v 0.143036 0.457813 0.186899
v 0.142036 0.467070 0.185588
v 0.199918 0.457624 0.130332
v 0.196748 0.466877 0.131624
v 0.132403 0.546200 0.017804
v 0.196580 0.457620 0.135010
v 0.190524 0.476143 0.134111
v 0.188724 0.485562 0.125921
v 0.165774 0.511735 0.115611
v 0.193111 0.457634 0.139610
v 0.191694 0.466911 0.138555
v 0.173475 0.498728 0.127484
v 0.189351 0.457676 0.143974
v 0.188028 0.466942 0.142998
v 0.183517 0.476205 0.142947
v 0.178868 0.485293 0.139034
v 0.154328 0.513858 0.124394
v 0.185712 0.457700 0.148449
v 0.184295 0.466899 0.147308
v 0.169036 0.494859 0.139595
v 0.159930 0.504080 0.135584
v 0.181936 0.457714 0.152816
v 0.180496 0.466937 0.151582
v 0.175859 0.476078 0.151375
v 0.171432 0.485129 0.147354
v 0.178021 0.457704 0.157037
v 0.176651 0.466922 0.155832
v 0.135478 0.527183 0.110050
v 0.219531 0.466745 0.092151
v 0.184589 0.510166 0.086921
v 0.218728 0.457510 0.098047
v 0.213570 0.476286 0.095415
v 0.167789 0.532269 0.000080
v 0.173274 0.518839 0.085239
v 0.214363 0.466757 0.102269
v 0.197767 0.500704 0.083183
v 0.214960 0.457527 0.105804
v 0.208613 0.476154 0.105773
v 0.200396 0.485760 0.107088
v 0.191840 0.495016 0.102331
v 0.212243 0.457575 0.110894
v 0.209019 0.466781 0.112398
v 0.158228 0.535016 0.014616
v 0.209410 0.457608 0.115917
v 0.202811 0.475925 0.115332
v 0.128780 0.541699 0.074960
v 0.174666 0.505558 0.105552
v 0.206317 0.457634 0.120763
v 0.220016 0.488795 0.050925
v 0.233239 0.462358 0.054627
v 0.195074 0.513115 0.050466
v 0.206726 0.503152 0.057330
v 0.231520 0.457426 0.066055
v 0.228761 0.466991 0.066506
v 0.224785 0.478404 0.058220
v 0.186183 0.520725 0.029409
v 0.212795 0.490480 0.070125
v 0.227832 0.457480 0.076945
v 0.221548 0.476674 0.074337
v 0.193247 0.512530 0.065200
v 0.206654 0.504701 0.039061
v 0.237991 0.468842 -0.000930
v 0.144953 0.541507 -0.011813
v 0.226908 0.485554 0.010888
v 0.146247 0.540101 -0.029640
v 0.190472 0.518185 0.013194
v 0.138251 0.537023 -0.059632
v 0.237051 0.471571 0.015819
v 0.206382 0.502326 0.022193
v 0.234085 0.471701 0.037235
v 0.183813 0.523476 -0.000564
v 0.180220 0.523064 0.041458
v 0.197504 0.511300 0.029707
v 0.233205 0.471964 -0.044481
v 0.237619 0.460385 -0.037331
v 0.214955 0.502634 -0.027227
v 0.234785 0.472886 -0.022995
v 0.223082 0.492302 -0.027810
v 0.216486 0.488770 -0.077617
v 0.193974 0.516662 -0.045843
v 0.205994 0.501686 -0.066532
v 0.196003 0.511252 -0.063484
v 0.232808 0.460616 -0.069555
v 0.220782 0.488335 -0.062957
v 0.121889 0.543357 -0.052936
v 0.192472 0.493713 -0.118041
v 0.211690 0.470283 -0.118110
v 0.203105 0.484955 -0.117910
v 0.186523 0.500818 -0.107726
v 0.182385 0.509753 -0.096155
v 0.206009 0.489074 -0.102925
v 0.218216 0.441994 -0.100097
v 0.217703 0.475913 -0.101869
v 0.193845 0.501316 -0.095957
v 0.207961 0.504215 -0.048960
v 0.159370 0.500546 -0.143434
v 0.152039 0.507423 -0.138409
v 0.179395 0.459832 -0.159376
v 0.175181 0.475855 -0.160372
v 0.106073 0.526178 -0.127234
v 0.130677 0.522127 -0.129628
v 0.113431 0.528201 -0.122409
v 0.134165 0.528433 -0.101176
v 0.158616 0.508174 -0.131400
v 0.193288 0.467824 -0.145348
v 0.169359 0.500565 -0.131707
v 0.112178 0.526875 -0.122802
v 0.197108 0.481795 -0.131748
v 0.122382 0.526189 -0.126082
v 0.150399 0.524214 -0.101493
v 0.166760 0.507859 -0.120328
v 0.178872 0.489793 -0.143734
v 0.184242 0.493677 -0.129857
v 0.138272 0.517964 -0.119573
v 0.127736 0.525307 -0.106854
v 0.195771 0.453203 -0.142425
v 0.132988 0.526978 -0.101642
v 0.142982 0.486234 -0.181521
v 0.131037 0.505451 -0.156114
v 0.152698 0.470359 -0.182375
v 0.145298 0.497307 -0.161710
v 0.160713 0.483516 -0.169871
v 0.163731 0.465168 -0.172966
v 0.162612 0.494497 -0.153281
v 0.143782 0.508540 -0.143089
v 0.097113 0.484518 -0.205216
v 0.094315 0.498003 -0.191366
v 0.054517 0.427755 -0.223014
v 0.122841 0.404114 -0.171953
v 0.112082 0.485787 -0.199172
v 0.109879 0.499987 -0.184387
v 0.120025 0.460947 -0.203674
v 0.110011 0.518714 -0.149810
v 0.074156 0.463120 -0.224180
v 0.072625 0.477923 -0.218951
v 0.086885 0.427145 -0.212054
v 0.066965 0.500746 -0.186176
v 0.072527 0.496240 -0.198060
v 0.072592 0.490334 -0.209896
v 0.085189 0.476779 -0.213737
v 0.088678 0.462694 -0.217491
v 0.009961 0.523019 -0.174060
v 0.025452 0.460654 -0.236240
v 0.029998 0.479621 -0.231308
v 0.026661 0.493577 -0.220606
v 0.005880 0.512528 -0.192136
v 0.031982 0.501630 -0.208595
v 0.029268 0.508482 -0.197017
v 0.039453 0.461643 -0.234664
v 0.056138 0.458360 -0.230339
v 0.058054 0.484216 -0.220861
v 0.045145 0.494002 -0.216831
v 0.052676 0.444579 -0.230587
v 0.049357 0.474843 -0.229928
v 0.042705 0.505348 -0.193302
vn 0.3207 0.8959 -0.3075
vn 0.3289 0.8808 -0.3406
vn 0.3205 0.8803 -0.3498
vn 0.3876 0.8714 -0.3007
vn 0.3193 0.8832 -0.3436
vn 0.3318 0.8712 -0.3619
vn 0.5022 0.8139 -0.2922
vn 0.4683 0.8246 -0.3173
vn 0.3801 0.8457 -0.3746
vn 0.4200 0.8658 -0.2720
vn 0.1713 0.9248 -0.3398
vn 0.3094 0.8915 -0.3310
vn 0.3359 0.8713 -0.3579
vn 0.3290 0.8757 -0.3534
vn 0.0469 0.8814 -0.4700
vn 0.1686 0.9090 -0.3812
vn -0.0714 0.9255 -0.3720
vn 0.1587 0.9069 -0.3902
vn 0.1246 0.8755 -0.4668
vn 0.5024 0.8133 -0.2936
vn 0.3372 0.8658 -0.3696
vn 0.0161 0.9230 -0.3845
vn -0.1183 0.9233 -0.3653
vn 0.1620 0.8914 -0.4232
vn 0.3093 0.8898 -0.3357
vn 0.4222 0.8524 -0.3085
vn 0.5002 0.8071 -0.3137
vn 0.4560 0.8349 -0.3082
vn 0.2177 0.9099 -0.3532
vn 0.1137 0.9281 -0.3545
vn 0.0790 0.9248 -0.3721
vn 0.3104 0.8838 -0.3501
vn 0.5821 0.7303 -0.3576
vn 0.1037 0.9176 -0.3838
vn 0.2817 0.8860 -0.3683
vn -0.0251 0.9184 -0.3948
vn 0.0587 0.9335 -0.3537
vn -0.0212 0.9251 -0.3792
vn 0.2120 0.8850 -0.4146
vn 0.0303 0.7639 -0.6446
vn 0.3885 0.8602 -0.3304
vn -0.0904 0.8452 -0.5267
vn 0.3457 0.9052 -0.2472
vn 0.0986 0.8988 -0.4271
vn -0.0406 0.9061 -0.4210
vn 0.1902 0.9166 -0.3516
vn 0.2437 0.9140 -0.3243
vn 0.1256 0.9626 -0.2402
vn 0.1582 0.8625 -0.4806
vn 0.2241 0.8836 -0.4111
vn 0.0599 0.9256 -0.3737
vn 0.1944 0.9138 -0.3566
vn 0.4077 0.8789 -0.2476
vn 0.1360 0.9302 -0.3410
vn -0.0409 0.8996 -0.4347
vn 0.1775 0.9092 -0.3765
vn -0.0288 0.9191 -0.3930
vn -0.0246 0.9042 -0.4263
vn -0.1864 0.8986 -0.3972
vn 0.1230 0.8979 -0.4226
vn -0.3721 0.8166 -0.4413
vn -0.0543 0.9132 -0.4039
vn 0.0433 0.8905 -0.4529
vn -0.0078 0.9215 -0.3882
vn -0.0925 0.9211 -0.3781
vn 0.1679 0.9074 -0.3853
vn 0.3998 0.8528 -0.3361
vn 0.1852 0.9196 -0.3465
vn 0.1220 0.9315 -0.3427
vn 0.0492 0.9231 -0.3814
vn 0.0067 0.9331 -0.3596
vn -0.0067 0.9182 -0.3961
vn 0.0489 0.9199 -0.3891
vn 0.2665 0.8943 -0.3595
vn -0.3366 0.8339 -0.4373
vn 0.2209 0.9313 -0.2896
vn 0.3250 0.9220 -0.2105
vn 0.2950 0.9256 -0.2371
vn 0.1358 0.9363 -0.3239
vn -0.0969 0.8835 -0.4583
vn -0.0697 0.8921 -0.4465
vn -0.1157 0.8898 -0.4414
vn 0.1307 0.9503 -0.2825
vn 0.0892 0.9349 -0.3435
vn -0.0284 0.8520 -0.5227
vn 0.1815 0.9422 -0.2817
vn 0.3877 0.9074 -0.1623
vn -0.0080 0.9233 -0.3839
vn 0.1817 0.9204 -0.3463
vn 0.2200 0.9291 -0.2973
vn 0.5258 0.8495 -0.0431
vn 0.2321 0.9223 -0.3090
vn 0.4525 0.8812 -0.1368
vn -0.1687 0.8943 -0.4145
vn 0.1747 0.9359 -0.3058
vn -0.0808 0.8961 -0.4364
vn -0.1583 0.8924 -0.4226
vn 0.0328 0.9213 -0.3876
vn -0.0953 0.8792 -0.4668
vn -0.4789 0.6865 -0.5472
vn -0.5159 0.6478 -0.5605
vn -0.5414 0.6651 -0.5143
vn -0.4115 0.7807 -0.4703
vn -0.1425 0.8702 -0.4717
vn -0.0776 0.8983 -0.4326
vn -0.1812 0.8848 -0.4294
vn 0.0468 0.9477 -0.3159
vn -0.0614 0.9290 -0.3649
vn -0.0745 0.8888 -0.4523
vn 0.0560 0.9341 -0.3527
vn 0.3449 0.9140 -0.2139
vn 0.2547 0.9347 -0.2478
vn 0.1271 0.9296 -0.3458
vn 0.0665 0.9274 -0.3682
vn 0.1611 0.9306 -0.3288
vn 0.1935 0.9128 -0.3596
vn 0.0950 0.9269 -0.3630
vn -0.1781 0.9018 -0.3937
vn 0.6405 0.7612 0.1013
vn 0.4378 0.8982 -0.0408
vn 0.3223 0.9372 -0.1331
vn 0.2189 0.9536 -0.2068
vn 0.0870 0.9424 -0.3230
vn -0.0795 0.9086 -0.4100
vn -0.1380 0.9568 -0.2559
vn 0.0805 0.8583 -0.5068
vn 0.5840 0.7643 -0.2736
vn 0.4841 0.3396 -0.8064
vn 0.4682 0.8824 -0.0458
vn 0.3355 0.9238 -0.1846
vn 0.4792 0.8777 -0.0099
vn 0.4863 0.8738 0.0091
vn 0.4287 0.9017 -0.0565
vn 0.3540 0.9236 -0.1472
vn 0.4665 0.8831 -0.0495
vn 0.5746 0.8145 0.0800
vn 0.3197 0.9367 -0.1428
vn 0.3131 0.9373 -0.1529
vn 0.2454 0.9434 -0.2229
vn 0.0229 0.9132 -0.4069
vn 0.1041 0.9036 -0.4154
vn 0.2367 0.9252 -0.2967
vn 0.4483 0.8933 -0.0317
vn 0.0478 0.9309 -0.3620
vn 0.3558 0.9164 -0.1832
vn 0.3530 0.9110 -0.2134
vn 0.4425 0.8131 -0.3783
vn 0.0595 0.9322 -0.3569
vn 0.0679 0.9298 -0.3617
vn 0.3792 0.9210 -0.0891
vn 0.1944 0.9493 -0.2471
vn 0.5605 0.8281 0.0135
vn -0.0472 0.8232 -0.5658
vn -0.2184 0.8056 -0.5507
vn -0.3382 0.7696 -0.5416
vn -0.0279 0.9077 -0.4187
vn -0.0726 0.9088 -0.4110
vn 0.0992 0.9346 -0.3415
vn 0.0766 0.9161 -0.3935
vn -0.0950 0.8788 -0.4676
vn -0.3965 0.6824 -0.6141
vn -0.3239 0.7455 -0.5825
vn -0.4172 0.6482 -0.6370
vn 0.2670 0.6464 -0.7147
vn 0.5377 0.8421 -0.0421
vn 0.4511 0.8891 -0.0772
vn 0.3932 0.9113 -0.1221
vn 0.5343 0.8448 0.0293
vn 0.6173 0.7799 0.1037
vn 0.6573 0.7398 0.1440
vn 0.5469 0.8372 0.0080
vn 0.1221 0.9330 -0.3386
vn -0.1944 0.8355 -0.5140
vn 0.2768 0.9348 -0.2226
vn 0.7396 0.6693 0.0703
vn 0.2971 0.9215 -0.2501
vn -0.4435 0.6922 -0.5694
vn 0.2550 0.9505 -0.1775
vn 0.0592 0.9393 -0.3380
vn -0.0619 0.9179 -0.3920
vn -0.0090 0.9235 -0.3834
vn 0.1376 0.9368 -0.3216
vn -0.0289 0.9021 -0.4305
vn 0.6385 0.7660 0.0738
vn -0.0541 0.8843 -0.4638
vn 0.5057 0.8586 0.0846
vn 0.4788 0.8761 0.0562
vn 0.5329 0.8317 0.1560
vn 0.5689 0.7751 0.2749
vn 0.5384 0.8090 0.2358
vn 0.6378 0.7148 0.2868
vn 0.5322 0.8307 0.1635
vn 0.3464 0.9365 -0.0540
vn 0.4493 0.8883 0.0952
vn 0.5249 0.8395 0.1402
vn 0.0899 0.8619 -0.4990
vn 0.3618 0.9144 -0.1815
vn 0.5646 0.8141 0.1357
vn 0.4529 0.8826 0.1263
vn 0.4034 0.9138 0.0475
vn 0.4273 0.9038 -0.0220
vn 0.0132 0.8989 -0.4379
vn 0.0735 0.9291 -0.3626
vn 0.4418 0.8946 0.0678
vn 0.3836 0.9235 0.0073
vn 0.3949 0.9184 -0.0222
vn -0.5669 0.6756 -0.4713
vn -0.3080 0.5973 -0.7405
vn -0.5388 0.4671 -0.7011
vn -0.0686 0.8641 -0.4985
vn -0.0142 0.8971 -0.4417
vn -0.0126 0.8956 -0.4448
vn 0.2125 0.9250 -0.3150
vn -0.0121 0.8828 -0.4696
vn -0.5770 0.2645 -0.7727
vn -0.4340 0.5063 -0.7452
vn -0.3636 0.5556 -0.7477
vn 0.4720 0.8789 -0.0690
vn 0.3818 0.9230 -0.0473
vn 0.3390 0.9318 -0.1298
vn 0.3654 0.9300 -0.0397
vn 0.3134 0.9481 -0.0534
vn 0.3802 0.9238 -0.0449
vn 0.6683 0.6748 0.3131
vn 0.5759 0.8171 0.0256
vn 0.6116 0.7888 0.0610
vn 0.6552 0.7546 0.0351
vn 0.5070 0.8618 -0.0158
vn 0.0869 0.9347 -0.3447
vn -0.5102 0.4832 -0.7115
vn -0.0429 0.9016 -0.4303
vn -0.1807 0.7894 -0.5866
vn -0.2295 0.7695 -0.5960
vn -0.0902 0.8712 -0.4825
vn 0.3654 0.9208 -0.1364
vn 0.3636 0.9239 -0.1188
vn 0.5824 0.8128 0.0108
vn 0.3422 0.9365 -0.0772
vn 0.4803 0.8263 0.2944
vn 0.3892 0.9071 0.1602
vn 0.3212 0.9017 -0.2895
vn 0.3018 0.9526 -0.0376
vn 0.4666 0.8548 0.2272
vn 0.5455 0.7636 0.3454
vn 0.2203 0.9707 -0.0956
vn 0.3690 0.9259 0.0815
vn 0.4754 0.8699 0.1315
vn 0.1231 0.9733 -0.1935
vn 0.1537 0.9716 -0.1798
vn 0.3971 0.9142 0.0808
vn 0.2984 0.9372 -0.1803
vn 0.2069 0.9640 -0.1672
vn -0.0696 0.8706 -0.4871
vn -0.0211 0.9144 -0.4043
vn 0.1505 0.9632 -0.2225
vn 0.2041 0.9781 -0.0401
vn 0.2536 0.9648 -0.0700
vn 0.2993 0.8608 -0.4116
vn 0.2952 0.9473 -0.1248
vn 0.4402 0.8771 0.1924
vn 0.1809 0.9715 -0.1530
vn 0.1254 0.9591 -0.2537
vn 0.1439 0.9663 -0.2132
vn 0.1684 0.9355 -0.3107
vn 0.4767 0.8549 0.2045
vn 0.5754 0.7809 0.2431
vn 0.5863 0.7827 0.2090
vn 0.4767 0.8762 0.0707
vn 0.0093 0.8841 -0.4672
vn 0.3694 0.9121 0.1778
vn -0.1503 0.8365 -0.5269
vn -0.0508 0.8660 -0.4974
vn 0.1702 0.9452 -0.2787
vn 0.6691 0.7160 -0.1994
vn 0.2997 0.8890 -0.3463
vn 0.5536 0.7431 -0.3759
vn 0.3611 0.9013 0.2395
vn 0.3071 0.9514 0.0239
vn 0.2850 0.9515 0.1156
vn 0.0775 0.9940 -0.0777
vn 0.0106 0.9746 -0.2238
vn 0.3001 0.9488 0.0990
vn 0.0686 0.9885 -0.1346
vn 0.0965 0.9953 0.0014
vn 0.2814 0.9593 -0.0251
vn 0.1199 0.9925 -0.0218
vn 0.1732 0.9561 -0.2362
vn 0.2393 0.9708 -0.0175
vn 0.3607 0.8934 0.2677
vn 0.2048 0.9766 -0.0659
vn 0.3033 0.9529 0.0033
vn 0.2802 0.9596 -0.0250
vn 0.1271 0.9699 -0.2075
vn 0.2328 0.9713 -0.0482
vn 0.6018 0.7537 0.2641
vn 0.2586 0.9622 -0.0857
vn 0.1609 0.9795 -0.1211
vn 0.0181 0.9697 -0.2437
vn 0.3028 0.9529 0.0145
vn 0.3027 0.9530 -0.0127
vn 0.3028 0.9529 -0.0198
vn 0.2793 0.9484 -0.1498
vn 0.0314 0.8762 -0.4809
vn 0.2206 0.9490 -0.2253
vn 0.3608 0.8842 0.2967
vn 0.1463 0.9795 -0.1388
vn 0.0762 0.9190 -0.3868
vn 0.1645 0.9693 -0.1826
vn 0.6828 0.7084 -0.1790
vn 0.1087 0.9924 0.0584
vn 0.2333 0.9654 -0.1168
vn 0.2048 0.9712 0.1219
vn 0.1857 0.9685 -0.1661
vn 0.1696 0.9854 -0.0159
vn 0.1968 0.9804 0.0041
vn 0.2289 0.9298 0.2880
vn 0.3203 0.8800 -0.3509
vn 0.1825 0.9524 -0.2441
vn 0.1673 0.9849 0.0440
vn 0.2779 0.9606 -0.0029
vn 0.6267 0.7767 0.0634
vn 0.1209 0.9926 -0.0089
vn 0.2909 0.9325 0.2141
vn 0.1144 0.9773 -0.1786
vn 0.0698 0.9664 -0.2475
vn 0.1650 0.9797 -0.1141
vn 0.2556 0.9497 0.1807
vn 0.1588 0.9751 -0.1548
vn 0.1976 0.9789 0.0512
vn 0.2721 0.9341 0.2310
vn 0.3141 0.9459 0.0817
vn 0.2720 0.9317 -0.2408
vn 0.2633 0.9389 -0.2217
vn 0.4564 0.8824 0.1145
vn 0.3998 0.8324 0.3837
vn 0.3276 0.9211 0.2103
vn 0.0137 0.8720 -0.4894
vn 0.1011 0.9595 -0.2631
vn 0.2689 0.7522 0.6015
vn 0.4409 0.8971 0.0290
vn 0.1428 0.9444 -0.2963
vn 0.6460 0.7123 -0.2744
vn 0.2768 0.9474 0.1606
vn 0.1459 0.9346 0.3243
vn 0.0612 0.9915 -0.1144
vn 0.2508 0.9648 0.0787
vn 0.1814 0.9055 0.3836
vn 0.0752 0.9948 0.0686
vn 0.2106 0.9776 0.0016
vn 0.2238 0.9412 0.2532
vn 0.1141 0.9764 0.1835
vn 0.6091 0.7859 0.1067
vn 0.8352 0.5500 0.0056
vn 0.1687 0.9563 -0.2388
vn 0.1401 0.9685 -0.2059
vn 0.2035 0.9694 0.1373
vn 0.1698 0.8970 0.4082
vn 0.6073 0.6904 0.3931
vn 0.7079 0.7063 -0.0070
vn 0.3381 0.9411 -0.0074
vn 0.1483 0.9600 -0.2376
vn 0.1898 0.9381 -0.2897
vn 0.2416 0.9697 -0.0372
vn 0.2282 0.9267 -0.2986
vn 0.1425 0.6619 -0.7359
vn 0.1544 0.8419 -0.5172
vn 0.2949 0.9548 0.0366
vn 0.1171 0.9820 0.1481
vn 0.0415 0.9864 -0.1589
vn 0.3280 0.9447 -0.0044
vn 0.3179 0.9137 0.2534
vn 0.3614 0.9306 0.0579
vn 0.3879 0.8911 0.2353
vn 0.3569 0.9252 -0.1288
vn 0.2423 0.9095 -0.3376
vn 0.2861 0.9573 0.0409
vn 0.1923 0.6819 -0.7057
vn 0.1504 0.7236 -0.6736
vn 0.2108 0.9729 -0.0948
vn 0.1699 0.9484 0.2677
vn -0.1533 0.7810 0.6054
vn 0.8771 0.4040 0.2597
vn 0.3088 0.9047 -0.2934
vn 0.2707 0.9384 0.2146
vn 0.1336 0.9905 -0.0335
vn 0.2613 0.9216 0.2869
vn 0.1230 0.9881 0.0924
vn 0.1966 0.8850 -0.4220
vn 0.2643 0.9190 0.2926
vn 0.0178 0.9173 0.3978
vn 0.2183 0.9590 0.1806
vn 0.1626 0.8450 0.5095
vn 0.2859 0.9572 -0.0440
vn 0.1996 0.9780 -0.0606
vn 0.2237 0.8494 0.4780
vn 0.2095 0.9683 -0.1363
vn 0.2524 0.9631 -0.0939
vn 0.4908 0.8554 0.1653
vn 0.7022 0.6436 0.3043
vn 0.1648 0.9562 0.2420
vn 0.1831 0.9675 0.1746
vn 0.1088 0.8622 0.4947
vn 0.1347 0.9545 -0.2659
vn 0.1995 0.8508 -0.4862
vn 0.1640 0.9832 -0.0798
vn 0.1143 0.8769 0.4669
vn 0.3159 0.9417 0.1154
vn 0.3421 0.7959 -0.4996
vn 0.3389 0.9308 0.1369
vn 0.1242 0.6660 0.7356
vn 0.2064 0.8997 0.3846
vn 0.2290 0.7915 -0.5666
vn 0.2367 0.9696 0.0621
vn 0.5145 0.8399 0.1728
vn 0.2158 0.9351 0.2810
vn 0.4258 0.8606 -0.2793
vn 0.0657 0.9965 -0.0514
vn 0.1873 0.9755 0.1153
vn 0.2862 0.9536 -0.0930
vn -0.0183 0.9725 0.2323
vn 0.1423 0.9896 0.0223
vn 0.2104 0.9727 -0.0980
vn 0.0207 0.9543 0.2981
vn 0.2028 0.9631 0.1771
vn 0.0597 0.9842 0.1666
vn 0.2843 0.9587 0.0040
vn 0.3852 0.9113 -0.1451
vn 0.1779 0.9836 0.0287
vn 0.2994 0.9162 -0.2663
vn 0.5310 0.7517 0.3911
vn 0.2286 0.9695 0.0882
vn 0.3664 0.8357 -0.4092
vn 0.3904 0.9162 0.0905
vn 0.2396 0.9688 0.0629
vn 0.2156 0.9693 0.1184
vn 0.2217 0.8150 -0.5353
vn 0.3838 0.9176 -0.1036
vn 0.2170 0.9146 0.3413
vn 0.3030 0.8894 0.3422
vn 0.5273 0.8472 0.0643
vn 0.5794 0.6442 -0.4992
vn 0.5342 0.8440 0.0484
vn 0.4667 0.6257 -0.6250
vn 0.3828 0.4639 -0.7989
vn 0.3842 0.9172 -0.1050
vn 0.3928 0.8563 -0.3353
vn 0.1990 0.9705 -0.1360
vn 0.5401 0.8107 0.2259
vn 0.6200 0.6695 0.4092
vn 0.5260 0.7170 0.4575
vn 0.5271 0.7610 0.3782
vn 0.4194 0.8676 0.2674
vn 0.2217 0.9607 0.1672
vn -0.0083 0.9940 0.1092
vn -0.0274 0.9081 0.4179
vn 0.0618 0.8803 0.4703
vn -0.0018 0.9158 0.4017
vn 0.0510 0.8661 0.4973
vn 0.4389 0.7047 0.5574
vn 0.0669 0.9466 0.3154
vn -0.0742 0.7913 0.6070
vn 0.2501 0.9544 0.1630
vn 0.3787 0.8329 0.4035
vn -0.1015 0.9657 0.2390
vn 0.1083 0.9702 0.2167
vn 0.3292 0.9193 0.2159
vn 0.0540 0.9365 0.3464
vn 0.3799 0.9108 0.1617
vn 0.2447 0.9412 0.2331
vn 0.1911 0.9311 0.3108
vn 0.4950 0.8166 -0.2968
vn 0.4202 0.8406 0.3419
vn 0.1280 0.9754 0.1794
vn 0.2095 0.9514 0.2256
vn 0.1454 0.9566 -0.2524
vn 0.1147 0.9899 0.0835
vn -0.0339 0.7818 0.6227
vn 0.3798 0.7845 0.4902
vn 0.6984 0.6986 0.1557
vn 0.7201 0.6852 0.1097
vn 0.5522 0.8043 0.2195
vn 0.7410 0.4804 -0.4692
vn 0.2767 0.9059 0.3207
vn 0.1312 0.9074 0.3992
vn 0.2222 0.9605 0.1676
vn 0.2138 0.9369 0.2766
vn 0.3360 0.8619 0.3798
vn 0.7089 0.5471 0.4451
vn 0.0598 0.9794 0.1928
vn 0.3101 0.9377 0.1568
vn 0.1627 0.8345 0.5265
vn 0.2350 0.9517 0.1974
vn 0.1240 0.8438 0.5222
vn 0.1768 0.9586 0.2234
vn 0.2511 0.8373 0.4856
vn 0.1813 0.9614 0.2070
vn 0.3097 0.9442 0.1120
vn 0.5763 0.7967 0.1820
vn 0.2169 0.9512 0.2192
vn 0.5268 0.8211 0.2195
vn 0.2745 0.8309 0.4840
vn 0.2745 0.9228 0.2702
vn 0.7044 0.6780 -0.2102
vn 0.7251 0.5255 0.4450
vn 0.1791 0.9196 0.3498
vn -0.0041 0.7904 0.6126
vn 0.3272 0.9172 0.2274
vn 0.0123 0.8061 0.5916
vn 0.4112 0.7229 0.5552
vn 0.6064 0.5691 0.5554
vn 0.7877 0.4890 0.3747
vn 0.7941 0.5238 0.3082
vn 0.6724 0.6724 0.3095
vn 0.3651 0.7432 0.5606
vn 0.3223 0.9253 0.1998
vn 0.4144 0.9005 0.1317
vn 0.3688 0.8506 0.3747
vn 0.3705 0.9238 0.0965
vn 0.2456 0.8249 0.5091
vn -0.2486 0.9060 0.3426
vn 0.0205 0.9656 0.2591
vn 0.0833 0.8553 0.5113
vn 0.1593 0.8681 0.4701
vn -0.2558 0.8826 0.3944
vn -0.3331 0.8200 0.4655
vn 0.0464 0.8080 0.5873
vn -0.0478 0.9601 0.2756
vn -0.0911 0.9044 0.4168
vn 0.2701 0.7754 0.5708
vn -0.0415 0.9586 0.2819
vn 0.1996 0.9111 0.3606
vn 0.6698 0.6716 0.3167
vn 0.0133 0.9669 0.2549
vn 0.1299 0.9092 0.3956
vn 0.3552 0.7795 0.5159
vn -0.0291 0.9453 0.3248
vn 0.3990 0.8782 0.2637
vn 0.6405 0.7395 0.2071
vn 0.5786 0.8150 -0.0309
vn -0.2163 0.7900 0.5736
vn 0.3979 0.7426 0.5387
vn 0.2276 0.6483 0.7266
vn 0.4657 0.5243 0.7129
vn 0.6560 0.3930 0.6444
vn 0.8325 0.3011 0.4651
vn 0.5317 0.4504 0.7173
vn 0.6182 0.5629 0.5486
vn 0.4528 0.6914 0.5630
vn 0.2966 0.8498 0.4357
vn 0.1835 0.9031 0.3882
vn 0.1147 0.9590 0.2590
vn 0.1637 0.8472 0.5054
vn 0.0635 0.9417 0.3303
vn 0.1465 0.9615 0.2326
vn -0.0835 0.8819 0.4640
vn 0.1659 0.7967 0.5811
vn 0.0954 0.9509 0.2944
vn 0.0936 0.9630 0.2525
vn 0.1161 0.9708 0.2097
vn 0.2642 0.8831 0.3877
vn 0.2222 0.7564 0.6152
vn 0.1590 0.9559 0.2470
vn 0.1519 0.9636 0.2198
vn 0.2569 0.8799 0.3997
vn 0.3223 0.7158 0.6195
vn 0.1967 0.9391 0.2818
vn 0.6452 0.7470 0.1603
vn 0.4317 0.7217 0.5411
vn 0.3822 0.9057 0.1836
vn 0.1937 0.9165 0.3500
vn 0.2646 0.7799 0.5672
vn 0.0808 0.8161 0.5723
vn 0.0205 0.9759 0.2171
vn -0.3448 0.8190 0.4586
vn -0.1183 0.7737 0.6224
vn 0.0436 0.9383 0.3431
vn 0.0977 0.9589 0.2663
vn 0.0341 0.8927 0.4494
vn -0.1421 0.7906 0.5956
vn 0.4755 0.6868 0.5498
vn 0.3942 0.6123 0.6853
vn 0.2180 0.4942 0.8416
vn 0.2665 0.3752 0.8878
vn 0.3584 0.3725 0.8560
vn 0.4456 0.4784 0.7567
vn 0.3374 0.5820 0.7398
vn 0.5916 0.6041 0.5339
vn 0.5256 0.7125 0.4648
vn -0.2825 0.7952 0.5365
vn -0.5095 0.8083 0.2952
vn -0.1832 0.9223 0.3402
vn 0.3487 0.9304 0.1127
vn 0.0730 0.9044 0.4205
vn 0.2892 0.8031 0.5210
vn -0.1196 0.9744 0.1901
vn -0.1894 0.9304 0.3139
vn 0.3938 0.6563 0.6436
vn 0.0417 0.9238 0.3807
vn 0.0416 0.9568 0.2877
vn 0.1476 0.9204 0.3621
vn 0.9484 0.2714 0.1642
vn 0.4910 0.7496 0.4440
vn -0.1234 0.9172 0.3789
vn 0.0197 0.9765 0.2148
vn 0.6436 0.7490 0.1573
vn 0.7865 0.5471 0.2866
vn 0.2657 0.8448 0.4645
vn -0.6031 0.6486 0.4643
vn -0.2853 0.8958 0.3409
vn 0.3112 0.9095 0.2758
vn 0.3736 0.8552 0.3593
vn -0.6106 0.7154 0.3397
vn -0.1975 0.7765 0.5983
vn 0.0932 0.9331 0.3473
vn 0.1750 0.9121 0.3707
vn -0.1277 0.9423 0.3094
vn -0.2201 0.9234 0.3144
vn 0.0758 0.8874 0.4547
vn 0.1143 0.7924 0.5992
vn 0.2809 0.8830 0.3761
vn 0.5207 0.8029 0.2902
vn 0.4237 0.8715 0.2469
vn 0.3502 0.8739 0.3372
vn 0.6395 0.7194 0.2710
vn 0.2585 0.8311 0.4923
vn 0.0513 0.9203 0.3879
vn 0.0012 0.9382 0.3460
vn -0.0527 0.9454 0.3216
vn 0.1969 0.9333 0.3002
vn -0.1661 0.9246 0.3427
vn -0.3852 0.8018 0.4568
vn 0.3231 0.6021 0.7301
vn -0.0235 0.9772 0.2112
vn -0.3497 0.8670 0.3550
vn -0.5579 0.7757 0.2949
vn 0.3558 0.8385 0.4128
vn 0.9871 -0.0641 -0.1464
vn 0.9966 0.0829 -0.0010
vn 0.3255 0.7253 0.6066
vn -0.4768 0.5441 0.6904
vn 0.1262 0.5097 0.8511
vn -0.1209 0.5550 0.8230
vn -0.2951 0.6022 0.7418
vn -0.0585 0.7207 0.6908
vn 0.2395 0.7462 0.6211
vn -0.2493 0.8152 0.5228
vn -0.8207 0.5060 0.2655
vn -0.4310 0.8840 0.1809
vn -0.5198 0.8043 0.2879
vn -0.4249 0.8554 0.2962
vn -0.3674 0.8612 0.3512
vn -0.2369 0.8768 0.4185
vn 0.0577 0.8474 0.5279
vn 0.1751 0.8945 0.4114
vn -0.1238 0.9114 0.3925
vn -0.1550 0.9201 0.3597
vn -0.2472 0.9118 0.3280
vn -0.1742 0.9112 0.3734
vn 0.7996 0.5104 0.3164
vn 0.9094 0.2384 0.3408
vn 0.6086 0.7129 0.3484
vn 0.5819 0.7446 0.3272
vn 0.3765 0.8509 0.3663
vn 0.4297 0.7404 0.5169
vn 0.1373 0.8530 0.5035
vn 0.0969 0.8527 0.5133
vn 0.2893 0.8789 0.3793
vn 0.3820 0.8707 0.3098
vn 0.6330 0.6921 0.3469
vn 0.5353 0.7086 0.4597
vn -0.5606 0.7434 0.3649
vn -0.7738 0.6029 0.1944
vn -0.1260 0.9086 0.3981
vn 0.0209 0.9277 0.3727
vn 0.1588 0.9226 0.3514
vn 0.1192 0.9456 0.3026
vn -0.1442 0.8981 0.4155
vn -0.4199 0.8140 0.4014
vn -0.2743 0.8876 0.3700
vn -0.2592 0.9128 0.3155
vn -0.3022 0.9169 0.2606
vn -0.4391 0.8515 0.2865
vn 0.2937 0.8533 0.4309
vn 0.0527 0.9057 0.4206
vn 0.1197 0.8863 0.4474
vn 0.1919 0.9010 0.3891
vn 0.2042 0.9249 0.3206
vn 0.0369 0.9302 0.3651
vn -0.2393 0.9127 0.3311
vn -0.4093 0.8586 0.3086
vn -0.7444 0.6031 0.2865
vn -0.8239 0.5293 0.2023
vn -0.8352 0.5245 0.1650
vn -0.8002 0.5673 0.1947
vn -0.8642 0.5018 0.0371
vn -0.0749 0.8953 0.4391
vn 0.3674 0.7659 0.5276
vn 0.9215 0.2729 0.2764
vn 0.2447 0.7882 0.5647
vn -0.5246 0.7020 0.4816
vn -0.3058 0.7088 0.6357
vn -0.7108 0.5347 0.4570
vn -0.5241 0.7072 0.4747
vn -0.1287 0.8107 0.5711
vn 0.0358 0.8471 0.5303
vn -0.0887 0.9079 0.4096
vn 0.1345 0.9150 0.3804
vn 0.5374 0.7684 0.3475
vn 0.1027 0.9206 0.3768
vn -0.1499 0.9151 0.3744
vn -0.2655 0.8786 0.3969
vn -0.2031 0.8827 0.4238
vn 0.2011 0.8434 0.4983
vn -0.2580 0.8532 0.4533
vn -0.3347 0.8339 0.4389
vn 0.1505 0.8870 0.4365
vn 0.5635 0.7305 0.3858
vn -0.1322 0.8986 0.4183
vn -0.3119 0.8494 0.4257
vn -0.6328 0.7383 0.2333
vn -0.4751 0.8447 0.2466
vn -0.1824 0.9340 0.3072
vn 0.1833 0.9125 0.3658
vn 0.2315 0.8647 0.4457
vn -0.0379 0.8993 0.4358
vn -0.3672 0.8426 0.3940
vn -0.7340 0.6654 0.1357
vn -0.4318 0.8653 0.2545
vn -0.3011 0.9209 0.2475
vn 0.0442 0.9167 0.3971
vn 0.4218 0.7851 0.4536
vn 0.0485 0.8909 0.4516
vn -0.3122 0.8489 0.4266
vn -0.7382 0.6700 0.0781
vn -0.5660 0.8053 0.1766
vn -0.2260 0.9248 0.3062
vn -0.0610 0.9161 0.3962
vn 0.5247 0.7517 0.3995
vn 0.1228 0.9045 0.4085
vn -0.3518 0.8881 0.2958
vn -0.6706 0.7188 0.1831
vn -0.5254 0.8177 0.2350
vn -0.5128 0.8034 0.3025
vn 0.0123 0.9186 0.3949
vn 0.5280 0.7423 0.4125
vn 0.1254 0.9017 0.4137
vn -0.2639 0.9054 0.3326
vn -0.6854 0.7230 0.0862
vn -0.0955 0.8627 0.4966
vn -0.4750 0.8373 0.2707
vn -0.0079 0.9302 0.3669
vn 0.4477 0.7821 0.4334
vn 0.1217 0.9021 0.4140
vn -0.2551 0.9164 0.3083
vn -0.5635 0.7745 0.2874
vn -0.6505 0.7223 0.2347
vn -0.4856 0.8345 0.2605
vn -0.2222 0.9273 0.3013
vn 0.0736 0.9507 0.3014
vn 0.5561 0.7228 0.4102
vn 0.4368 0.7651 0.4731
vn 0.1869 0.8102 0.5556
vn -0.1337 0.8618 0.4893
vn -0.1801 0.8628 0.4723
vn 0.0275 0.8250 0.5644
vn -0.3310 0.8714 0.3620
vn -0.8070 0.5854 0.0776
vn -0.4936 0.8279 0.2664
vn 0.0526 0.8825 0.4673
vn 0.2148 0.8578 0.4670
vn 0.2472 0.8618 0.4429
vn 0.0981 0.9236 0.3705
vn -0.3548 0.8888 0.2902
vn -0.1982 0.8902 0.4102
vn -0.3477 0.8859 0.3072
vn -0.3011 0.9068 0.2952
vn -0.1664 0.8730 0.4584
vn -0.5241 0.8121 0.2565
vn -0.1634 0.8898 0.4261
vn 0.0478 0.9259 0.3748
vn 0.2567 0.8374 0.4825
vn -0.2144 0.8896 0.4034
vn -0.4114 0.8672 0.2805
vn -0.3891 0.8886 0.2428
vn -0.2815 0.9235 0.2606
vn -0.1619 0.9440 0.2875
vn 0.0046 0.9021 0.4314
vn -0.3043 0.8998 0.3126
vn -0.4416 0.8785 0.1822
vn -0.3128 0.9209 0.2325
vn -0.1440 0.9256 0.3501
vn -0.3310 0.9067 0.2615
vn -0.3849 0.8912 0.2402
vn -0.4004 0.8941 0.2006
vn -0.2907 0.9167 0.2743
vn -0.2656 0.9184 0.2933
vn -0.3179 0.9120 0.2593
vn -0.4173 0.8875 0.1953
vn -0.4760 0.8649 0.1593
vn -0.1344 0.8855 0.4448
vn -0.2005 0.9255 0.3213
vn -0.2017 0.9284 0.3121
vn -0.3232 0.9101 0.2593
vn -0.3784 0.9024 0.2059
vn -0.3634 0.5715 0.7358
vn -0.1373 0.9277 0.3473
vn -0.2018 0.9261 0.3188
vn -0.1629 0.9202 0.3560
vn -0.2845 0.9220 0.2626
vn -0.3891 0.8676 0.3095
vn -0.3587 0.8854 0.2956
vn -0.2344 0.9060 0.3524
vn -0.2936 0.9340 0.2038
vn -0.0194 0.9345 0.3554
vn -0.0568 0.9303 0.3624
vn 0.1887 0.8334 0.5195
vn -0.0623 0.8984 0.4347
vn -0.0895 0.8901 0.4469
vn -0.2660 0.9041 0.3344
vn -0.3104 0.8828 0.3525
vn -0.5812 0.8129 0.0371
vn -0.3850 0.8963 0.2201
vn -0.1416 0.9117 0.3857
vn -0.2102 0.9197 0.3316
vn -0.2367 0.9220 0.3064
vn -0.2381 0.9253 0.2950
vn -0.2431 0.9285 0.2808
vn -0.4464 0.8813 0.1549
vn -0.2182 0.8765 0.4291
vn -0.3373 0.8985 0.2810
vn -0.4809 0.8698 0.1106
vn -0.2865 0.9298 0.2312
vn -0.2845 0.9232 0.2584
vn -0.2325 0.9206 0.3137
vn -0.1942 0.9120 0.3614
vn -0.4554 0.8457 0.2782
vn -0.5872 0.8078 -0.0510
vn -0.3124 0.9177 0.2454
vn -0.2731 0.9184 0.2864
vn -0.2168 0.9099 0.3537
vn -0.3791 0.8793 0.2883
vn -0.4246 0.8828 0.2009
vn -0.4179 0.8963 0.1487
vn -0.3263 0.9119 0.2490
vn -0.3253 0.9050 0.2741
vn -0.2237 0.8730 0.4334
vn -0.2556 0.9112 0.3230
vn -0.3748 0.9028 0.2107
vn -0.4047 0.8967 0.1793
vn -0.3659 0.9060 0.2127
vn -0.4983 0.8347 0.2345
vn -0.4386 0.8834 0.1652
vn -0.3271 0.9127 0.2448
vn -0.3941 0.9012 0.1801
vn -0.4367 0.8900 0.1310
vn -0.4356 0.8847 0.1659
vn -0.3796 0.9033 0.1999
vn -0.4916 0.8665 0.0866
vn -0.3474 0.9094 0.2286
vn -0.3570 0.9152 0.1870
vn -0.1249 0.9367 0.3271
vn -0.4136 0.9094 0.0451
vn -0.1483 0.9267 0.3452
vn -0.2350 0.9254 0.2973
vn -0.2377 0.9220 0.3055
vn -0.2193 0.9201 0.3245
vn -0.1011 0.9034 0.4166
vn -0.0513 0.8966 0.4398
vn -0.0641 0.8858 0.4596
vn -0.2559 0.9165 0.3075
vn -0.4905 0.8617 0.1303
vn -0.4460 0.8918 0.0760
vn -0.4964 0.8665 0.0525
vn -0.1375 0.9151 0.3791
vn -0.2062 0.9085 0.3635
vn -0.2643 0.9068 0.3284
vn -0.2062 0.8916 0.4032
vn -0.0947 0.8789 0.4676
vn -0.1585 0.8668 0.4728
vn -0.5711 0.8182 0.0663
vn -0.3195 0.9037 0.2850
vn -0.3796 0.8980 0.2224
vn -0.1524 0.8520 0.5008
vn -0.2006 0.8954 0.3975
vn -0.1623 0.9192 0.3587
vn 0.0381 0.8213 0.5693
vn 0.0651 0.7848 0.6164
vn -0.0986 0.8693 0.4844
vn -0.5333 0.8459 0.0120
vn -0.5338 0.8433 -0.0623
vn -0.4863 0.8735 -0.0211
vn -0.2956 0.9269 0.2314
vn -0.1651 0.9109 0.3781
vn -0.1546 0.8802 0.4488
vn -0.6841 0.6331 -0.3622
vn -0.6787 0.6558 -0.3307
vn -0.6284 0.7472 -0.2164
vn -0.5971 0.7681 -0.2315
vn -0.4798 0.8767 -0.0342
vn -0.3954 0.9111 0.1163
vn -0.5252 0.8509 0.0113
vn -0.5448 0.8374 -0.0431
vn -0.6018 0.7844 -0.1502
vn -0.5827 0.7925 -0.1799
vn -0.6481 0.6812 -0.3406
vn -0.6308 0.7362 -0.2453
vn -0.2886 0.8917 0.3486
vn -0.3067 0.9005 0.3084
vn -0.3599 0.9092 0.2093
vn -0.5247 0.8509 -0.0254
vn -0.4820 0.8755 0.0351
vn -0.5148 0.8573 -0.0010
vn -0.0085 0.7852 0.6191
vn -0.0772 0.8207 0.5662
vn -0.0774 0.8509 0.5196
vn -0.2501 0.8783 0.4075
vn -0.2466 0.8749 0.4168
vn -0.1655 0.8654 0.4729
vn 0.1911 0.6571 0.7291
vn 0.2009 0.6530 0.7302
vn 0.2240 0.6453 0.7304
vn 0.1976 0.7137 0.6720
vn 0.0727 0.7639 0.6412
vn -0.1154 0.8757 0.4689
vn -0.0879 0.8750 0.4761
vn 0.0827 0.8164 0.5716
vn 0.0185 0.8143 0.5801
vn -0.1910 0.9095 0.3694
vn -0.4040 0.9060 0.1260
vn -0.4392 0.8874 0.1398
vn -0.5418 0.8178 -0.1940
vn -0.2863 0.9162 0.2804
vn -0.2223 0.8923 0.3928
vn -0.2591 0.8930 0.3679
vn -0.1019 0.8309 0.5470
vn 0.1928 0.6249 0.7565
vn -0.0542 0.7891 0.6119
vn -0.0433 0.7985 0.6004
vn -0.1030 0.8287 0.5501
vn -0.2064 0.8398 0.5022
vn 0.0418 0.7149 0.6979
vn -0.3264 0.8681 0.3740
vn -0.5510 0.8337 0.0369
vn -0.6981 0.6710 -0.2499
vn -0.5736 0.8188 0.0238
vn -0.2005 0.8626 0.4645
vn -0.5376 0.8388 -0.0864
vn -0.4637 0.8854 0.0328
vn -0.4147 0.8959 0.1593
vn -0.3877 0.9140 0.1196
vn -0.2514 0.9377 0.2398
vn -0.2433 0.8980 0.3667
vn -0.3605 0.8757 0.3211
vn -0.4853 0.8736 0.0356
vn -0.4991 0.8649 -0.0532
vn -0.5070 0.8545 -0.1125
vn -0.4771 0.8565 -0.1969
vn -0.3085 0.9158 0.2572
vn -0.4915 0.8676 -0.0759
vn -0.5191 0.8494 -0.0953
vn -0.5145 0.8476 -0.1297
vn -0.5082 0.8476 -0.1529
vn -0.5439 0.8049 -0.2372
vn -0.4515 0.8908 -0.0518
vn -0.5981 0.6643 -0.4484
vn -0.5752 0.7353 -0.3585
vn -0.5618 0.7411 -0.3676
vn -0.5785 0.7379 -0.3478
vn -0.4908 0.8645 -0.1079
vn -0.5799 0.7204 -0.3804
vn -0.4990 0.8648 -0.0568
vn -0.5136 0.8523 -0.0984
vn -0.5293 0.8367 -0.1407
vn -0.5046 0.8567 -0.1067
vn -0.5568 0.8013 -0.2189
vn -0.4376 0.8984 0.0374
vn -0.3513 0.8936 0.2795
vn -0.3933 0.8775 0.2742
vn -0.3461 0.8664 0.3599
vn -0.3264 0.8900 0.3184
vn -0.3640 0.8893 0.2767
vn -0.4350 0.8916 0.1257
vn -0.4219 0.8834 0.2041
vn -0.3966 0.9046 0.1559
vn -0.3176 0.9137 0.2536
vn -0.2414 0.8916 0.3832
vn -0.0420 0.8329 0.5518
vn 0.0989 0.6618 0.7431
vn -0.1800 0.8642 0.4699
vn -0.2112 0.8871 0.4105
vn -0.2645 0.8945 0.3605
vn -0.2713 0.8943 0.3559
vn -0.3523 0.9114 0.2126
vn -0.4953 0.8553 -0.1520
vn -0.5599 0.7292 -0.3935
vn -0.3408 0.8609 0.3777
vn -0.2050 0.7894 0.5787
vn -0.1767 0.7693 0.6140
vn -0.2441 0.8143 0.5266
vn -0.1965 0.8212 0.5357
vn -0.0764 0.6892 0.7205
vn -0.1844 0.7279 0.6604
vn -0.1745 0.7908 0.5867
vn -0.2357 0.7511 0.6167
vn -0.4508 0.8650 0.2203
vn -0.5596 0.8068 -0.1896
vn -0.5406 0.7997 -0.2611
vn -0.5077 0.8528 0.1227
vn -0.4514 0.8807 0.1438
vn -0.5473 0.8342 -0.0674
vn -0.3384 0.9027 0.2659
vn -0.3224 0.8807 0.3471
vn -0.2936 0.8760 0.3827
vn -0.2968 0.8671 0.4000
vn -0.1443 0.8117 0.5660
vn -0.2466 0.8467 0.4715
vn -0.5157 0.7621 -0.3914
vn -0.5006 0.8179 -0.2838
vn -0.4655 0.8595 -0.2110
vn -0.4659 0.8822 -0.0682
vn -0.3923 0.9173 -0.0690
vn -0.3481 0.9121 0.2164
vn -0.5083 0.5040 -0.6983
vn -0.4708 0.4621 -0.7516
vn -0.4681 0.5547 -0.6879
vn -0.4935 0.8061 -0.3265
vn -0.4771 0.7995 -0.3650
vn -0.4323 0.8882 -0.1556
vn -0.5268 0.7963 -0.2971
vn -0.5298 0.7944 -0.2970
vn -0.5211 0.7776 -0.3519
vn -0.4925 0.6213 -0.6094
vn -0.5028 0.7549 -0.4212
vn -0.5057 0.7690 -0.3911
vn -0.3690 0.8736 0.3172
vn -0.4212 0.8836 0.2044
vn -0.4491 0.8895 0.0839
vn -0.4797 0.8762 -0.0464
vn -0.5133 0.8279 -0.2260
vn -0.4836 0.8751 -0.0197
vn -0.2490 0.7609 0.5991
vn -0.2222 0.7454 0.6285
vn -0.2737 0.7930 0.5442
vn -0.3516 0.8229 0.4462
vn -0.3437 0.8539 0.3907
vn -0.3929 0.8790 0.2701
vn -0.1001 0.6167 0.7808
vn 0.0213 0.5896 0.8074
vn -0.0406 0.5727 0.8188
vn -0.1038 0.7199 0.6862
vn -0.0510 0.6737 0.7372
vn 0.0699 0.4660 0.8820
vn -0.1754 0.7681 0.6159
vn -0.2294 0.8150 0.5321
vn -0.2818 0.8563 0.4329
vn -0.3848 0.9025 0.1936
vn -0.4105 0.9037 0.1220
vn -0.5046 0.8592 -0.0848
vn -0.4189 0.9073 -0.0361
vn -0.4304 0.9015 0.0462
vn -0.3716 0.8741 0.3130
vn -0.3349 0.8490 0.4087
vn -0.3170 0.8383 0.4436
vn -0.2298 0.7220 0.6526
vn -0.2304 0.7365 0.6360
vn -0.2816 0.7855 0.5511
vn -0.2362 0.7659 0.5980
vn -0.4140 0.8658 0.2812
vn -0.1199 0.6585 0.7429
vn -0.3467 0.8451 0.4070
vn -0.4931 0.8655 -0.0877
vn -0.4776 0.4867 -0.7315
vn -0.5439 0.7654 -0.3441
vn -0.4143 0.8521 0.3197
vn -0.4555 0.8449 -0.2804
vn -0.4609 0.8855 -0.0589
vn -0.4385 0.8955 -0.0759
vn -0.4283 0.9033 0.0242
vn -0.3942 0.9146 0.0895
vn -0.3957 0.9011 0.1775
vn -0.4745 0.8796 0.0343
vn -0.4624 0.8781 -0.1229
vn -0.4511 0.8903 -0.0632
vn -0.4410 0.8953 -0.0631
vn -0.4252 0.9015 -0.0805
vn -0.4054 0.9027 0.1441
vn -0.4417 0.8950 0.0620
vn -0.4652 0.8852 -0.0093
vn -0.4532 0.8818 -0.1308
vn -0.4384 0.8935 -0.0970
vn -0.4491 0.8909 -0.0682
vn -0.4294 0.8988 -0.0879
vn -0.4375 0.8889 0.1360
vn -0.4087 0.8831 0.2305
vn -0.4213 0.8913 0.1679
vn -0.4391 0.8970 0.0510
vn -0.4199 0.9057 0.0588
vn -0.4454 0.8915 -0.0835
vn -0.4195 0.8822 0.2139
vn -0.4211 0.8898 0.1757
vn -0.4147 0.8867 0.2045
vn -0.4068 0.8939 0.1882
vn -0.4415 0.8972 0.0132
vn -0.4095 0.8971 0.1657
vn -0.4650 0.8852 0.0095
vn -0.4289 0.8907 0.1508
vn -0.4188 0.8895 0.1829
vn -0.3968 0.8982 0.1893
vn -0.4181 0.9014 0.1128
vn -0.4311 0.9015 -0.0379
vn -0.4796 0.8598 -0.1754
vn -0.4100 0.9070 0.0964
vn -0.4232 0.8991 0.1124
vn -0.3895 0.9004 0.1941
vn -0.3659 0.8933 0.2611
vn -0.3143 0.8357 0.4503
vn -0.3779 0.8866 0.2666
vn -0.3858 0.8877 0.2512
vn -0.4132 0.8914 0.1862
vn -0.4070 0.8900 0.2058
vn -0.4270 0.9037 0.0315
vn -0.4455 0.8935 -0.0561
vn -0.4352 0.9002 0.0155
vn -0.4330 0.9010 0.0257
vn -0.4139 0.9093 -0.0424
vn -0.4245 0.9052 0.0182
vn -0.4350 0.8966 -0.0835
vn -0.3736 0.9227 0.0951
vn -0.4287 0.9000 0.0792
vn -0.4406 0.8968 0.0397
vn -0.4062 0.8790 0.2495
vn -0.4557 0.8371 -0.3026
vn -0.5505 0.8170 -0.1717
vn -0.5393 0.8421 0.0088
vn -0.4473 0.8838 0.1371
vn -0.5331 0.8420 0.0826
vn -0.3712 0.8092 -0.4554
vn -0.4002 0.8615 -0.3125
vn -0.3866 0.8367 -0.3879
vn -0.3719 0.8380 -0.3993
vn -0.3746 0.9240 -0.0769
vn -0.4242 0.8826 -0.2026
vn -0.3861 0.7737 -0.5022
vn -0.3241 0.7748 -0.5428
vn -0.3494 0.7870 -0.5085
vn -0.3724 0.7742 -0.5117
vn -0.2627 0.7511 -0.6057
vn -0.4262 0.8649 -0.2653
vn -0.3836 0.7886 -0.4805
vn -0.2773 0.6904 -0.6682
vn -0.3152 0.7375 -0.5974
vn -0.3177 0.7383 -0.5950
vn -0.3340 0.7690 -0.5450
vn -0.4533 0.8733 -0.1789
vn -0.2931 0.6769 -0.6752
vn -0.3747 0.7602 -0.5308
vn -0.4134 0.8160 -0.4039
vn -0.4560 0.8601 -0.2286
vn -0.4827 0.8609 -0.1610
vn -0.4840 0.8736 -0.0509
vn -0.4245 0.7811 -0.4580
vn -0.4676 0.8396 -0.2766
vn -0.4922 0.8478 -0.1975
vn -0.5062 0.8622 -0.0202
vn -0.5049 0.8610 0.0613
vn -0.5017 0.8615 0.0783
vn -0.5483 0.8211 0.1584
vn -0.5295 0.8177 0.2258
vn -0.5452 0.8033 0.2397
vn -0.5179 0.8086 0.2792
vn -0.5122 0.8436 0.1613
vn -0.4971 0.8455 0.1949
vn -0.4154 0.8921 -0.1778
vn -0.4314 0.8876 -0.1615
vn -0.4137 0.8844 -0.2161
vn -0.3563 0.9167 -0.1808
vn -0.4146 0.8424 0.3443
vn -0.4214 0.8979 -0.1272
vn -0.4201 0.9074 0.0111
vn -0.4135 0.9101 0.0265
vn -0.4077 0.9131 -0.0095
vn -0.4416 0.8963 -0.0413
vn -0.4769 0.8771 -0.0571
vn -0.4688 0.8806 0.0698
vn -0.4942 0.8644 0.0925
vn -0.4830 0.8649 0.1369
vn -0.4877 0.8385 0.2432
vn -0.4930 0.7941 0.3555
vn -0.4728 0.6719 0.5701
vn -0.4840 0.6025 0.6346
vn -0.4679 0.6013 0.6477
vn -0.4399 0.5367 0.7200
vn -0.6108 0.7125 0.3454
vn -0.5100 0.8439 0.1666
vn -0.3983 0.8089 -0.4324
vn -0.3488 0.8085 -0.4741
vn -0.4388 0.6234 -0.6472
vn -0.5082 0.8611 -0.0148
vn -0.5121 0.8498 0.1246
vn -0.4850 0.8720 0.0666
vn -0.4878 0.8700 0.0720
vn -0.4507 0.8893 0.0780
vn -0.4683 0.8797 0.0824
vn -0.5563 0.7941 0.2449
vn -0.5107 0.8348 0.2057
vn -0.4946 0.8605 0.1222
vn -0.5069 0.8391 0.1973
vn -0.4393 0.8982 -0.0151
vn -0.4590 0.8874 0.0423
vn -0.5454 0.8090 0.2192
vn -0.5022 0.8225 0.2670
vn -0.5301 0.7241 0.4413
vn -0.4558 0.8860 0.0852
vn -0.4453 0.8951 -0.0226
vn -0.4111 0.9043 -0.1151
vn -0.4959 0.8282 0.2611
vn -0.4568 0.8858 -0.0821
vn -0.3657 0.9206 -0.1369
vn -0.3507 0.9047 -0.2418
vn -0.3827 0.9037 -0.1919
vn -0.3791 0.8938 -0.2395
vn -0.4030 0.8790 -0.2549
vn -0.3850 0.9195 -0.0796
vn -0.2321 0.8393 -0.4916
vn -0.2936 0.8701 -0.3958
vn -0.3366 0.8876 -0.3143
vn -0.3246 0.8858 -0.3316
vn -0.2659 0.7957 -0.5442
vn -0.2186 0.8399 -0.4968
vn -0.3045 0.8642 -0.4005
vn -0.3460 0.9065 -0.2418
vn -0.3142 0.8706 -0.3785
vn -0.3222 0.8824 -0.3430
vn -0.5277 0.7990 0.2882
vn -0.5173 0.8062 0.2870
vn -0.5254 0.7914 0.3124
vn -0.4731 0.8615 0.1843
vn -0.4856 0.7606 0.4309
vn -0.4815 0.8639 0.1477
vn -0.4767 0.8725 0.1071
vn -0.4687 0.8817 0.0542
vn -0.4565 0.8897 -0.0042
vn -0.4388 0.8918 -0.1097
vn -0.4159 0.8979 -0.1443
vn -0.2972 0.8557 -0.4237
vn -0.3503 0.8842 -0.3091
vn -0.3379 0.8822 -0.3280
vn -0.3051 0.8671 -0.3937
vn -0.3011 0.8611 -0.4097
vn -0.2855 0.8931 -0.3477
vn -0.2917 0.8408 -0.4560
vn 0.0129 0.4281 -0.9036
vn -0.1912 0.8678 -0.4587
vn -0.2539 0.8004 -0.5431
vn -0.4696 0.8498 0.2395
vn -0.4244 0.8734 -0.2387
vn -0.3123 0.8706 -0.3800
vn -0.3583 0.8396 -0.4083
vn -0.3066 0.8648 -0.3976
vn -0.3595 0.8788 -0.3138
vn -0.3552 0.8801 -0.3152
vn -0.4080 0.8883 -0.2106
vn -0.4791 0.8656 -0.1455
vn -0.4013 0.8815 -0.2488
vn -0.3874 0.8809 -0.2719
vn -0.4045 0.8475 -0.3436
vn -0.3590 0.8673 -0.3449
vn -0.4175 0.8812 -0.2217
vn -0.4528 0.8762 -0.1652
vn -0.4118 0.8838 -0.2221
vn -0.4303 0.8810 -0.1968
vn -0.3933 0.8690 -0.3003
vn -0.3615 0.8539 -0.3744
vn -0.4123 0.8816 -0.2300
vn -0.4162 0.8802 -0.2280
vn -0.4136 0.8877 -0.2021
vn -0.3610 0.8699 -0.3361
vn -0.4101 0.8438 -0.3461
vn -0.5001 0.8601 -0.1002
vn -0.4365 0.8779 -0.1967
vn -0.4508 0.8798 -0.1509
vn -0.4079 0.8905 -0.2014
vn -0.6124 0.7597 -0.2187
vn -0.5110 0.8314 -0.2184
vn -0.4969 0.8650 -0.0695
vn -0.4527 0.8747 -0.1731
vn -0.4464 0.8830 -0.1448
vn -0.4018 0.8924 -0.2054
vn -0.4135 0.8563 -0.3094
vn -0.3348 0.7869 -0.5184
vn -0.1022 0.6931 -0.7136
vn 0.0652 0.5812 -0.8111
vn -0.3188 0.8700 -0.3760
vn -0.3152 0.8716 -0.3755
vn -0.3567 0.8854 -0.2981
vn -0.3820 0.8861 -0.2624
vn -0.3905 0.8891 -0.2388
vn -0.4042 0.8832 -0.2380
vn -0.3762 0.8879 -0.2647
vn -0.3964 0.8870 -0.2367
vn -0.3948 0.8902 -0.2275
vn -0.3953 0.8912 -0.2227
vn -0.3985 0.8938 -0.2056
vn -0.4324 0.8879 -0.1572
vn -0.4612 0.8733 -0.1574
vn -0.4454 0.8786 -0.1721
vn -0.3282 0.7641 -0.5554
vn -0.6389 0.7312 -0.2392
vn -0.4791 0.8735 -0.0868
vn -0.4980 0.8579 -0.1267
vn -0.4775 0.8740 -0.0896
vn -0.4306 0.8840 -0.1819
vn -0.4005 0.8923 -0.2080
vn -0.5127 0.8525 -0.1022
vn -0.4348 0.8903 -0.1352
vn -0.4835 0.8702 -0.0946
vn -0.4118 0.8908 -0.1921
vn -0.4598 0.8732 -0.1616
vn -0.2807 0.8959 -0.3443
vn -0.3895 0.8980 -0.2047
vn -0.4150 0.8905 -0.1865
vn -0.4555 0.6026 0.6552
vn -0.4790 0.8735 -0.0868
vn -0.5177 0.8543 -0.0460
vn -0.4281 0.8918 -0.1461
vn -0.3843 0.8984 -0.2125
vn -0.5165 0.8554 -0.0395
vn -0.5184 0.8551 -0.0106
vn -0.4331 0.8913 -0.1344
vn -0.4066 0.9001 -0.1567
vn -0.3075 0.9188 -0.2476
vn -0.5546 0.8321 0.0034
vn -0.5448 0.8361 0.0646
vn -0.4641 0.8840 -0.0563
vn -0.3595 0.9069 -0.2197
vn -0.6535 0.7547 -0.0580
vn -0.3748 0.8818 -0.2862
vn -0.4558 0.8744 -0.1665
vn -0.3367 0.8919 -0.3019
vn -0.3779 0.8949 -0.2375
vn -0.3878 0.8919 -0.2326
vn -0.4021 0.8936 -0.1993
vn -0.4069 0.8925 -0.1946
vn -0.3917 0.8936 -0.2194
vn -0.3538 0.9032 -0.2430
vn -0.3181 0.9038 -0.2862
vn -0.3760 0.9075 -0.1875
vn -0.1838 0.8955 -0.4053
vn -0.3461 0.9186 -0.1907
vn -0.4085 0.9065 -0.1067
vn -0.4569 0.8885 -0.0420
vn -0.6909 0.5125 0.5099
vn -0.4694 0.1323 -0.8730
vn -0.3676 0.8826 -0.2930
vn -0.4757 0.8232 -0.3099
vn -0.3265 0.7948 -0.5115
vn -0.6083 0.7797 0.1485
vn -0.1224 0.7999 -0.5875
vn -0.0679 0.8913 -0.4482
vn -0.0075 0.9035 -0.4286
vn -0.0500 0.9014 -0.4301
vn -0.0660 0.8978 -0.4355
vn -0.1373 0.9099 -0.3914
vn -0.4681 -0.3131 -0.8263
vn -0.0419 0.9118 -0.4085
vn -0.0004 0.8837 -0.4680
vn -0.0574 0.8908 -0.4508
vn -0.1252 0.8983 -0.4211
vn 0.3232 0.7145 -0.6204
vn 0.0250 0.8692 -0.4938
vn -0.0371 0.8797 -0.4742
vn -0.1178 0.8874 -0.4458
vn 0.1802 0.8668 -0.4650
vn -0.0607 0.9014 -0.4287
vn -0.0367 0.8674 -0.4963
vn -0.2065 0.9056 -0.3704
vn -0.2112 0.8933 -0.3967
vn -0.2889 0.9192 -0.2676
vn -0.2590 0.9057 -0.3356
vn -0.2482 0.9000 -0.3584
vn -0.3266 0.9043 -0.2750
vn -0.3154 0.9027 -0.2926
vn -0.3173 0.9044 -0.2854
vn -0.1907 0.8998 -0.3924
vn -0.5360 0.8442 0.0048
vn -0.2026 0.9448 -0.2576
vn -0.2351 0.9284 -0.2879
vn -0.1670 0.9225 -0.3481
vn -0.2129 0.9249 -0.3151
vn -0.2957 0.9076 -0.2980
vn -0.2249 0.9090 -0.3510
vn -0.2541 0.9174 -0.3062
vn -0.2374 0.8950 -0.3778
vn -0.1264 0.9178 -0.3763
vn -0.1810 0.8992 -0.3985
vn -0.1785 0.9190 -0.3514
vn -0.1238 0.9150 -0.3840
vn -0.3470 0.9066 -0.2401
vn -0.2806 0.9022 -0.3275
vn -0.3580 0.9025 -0.2394
vn -0.5089 0.3777 -0.7736
vn -0.6244 0.1951 -0.7564
vn -0.3001 0.8820 -0.3632
vn -0.2616 0.9353 -0.2381
vn -0.2991 0.9141 -0.2739
vn -0.2165 0.9155 -0.3392
vn -0.4776 0.8567 -0.1949
vn -0.0704 0.9064 -0.4164
vn -0.0409 0.9241 -0.3799
vn -0.0385 0.9154 -0.4007
vn -0.1481 0.9137 -0.3784
vn 0.0110 0.9053 -0.4245
vn 0.1587 0.8658 -0.4745
vn -0.0867 0.9144 -0.3953
vn -0.1062 0.9078 -0.4057
vn 0.0133 0.8714 -0.4903
vn 0.0518 0.8748 -0.4816
vn -0.0237 0.9096 -0.4148
vn 0.0523 0.9026 -0.4272
vn -0.0858 0.8965 -0.4347
vn -0.0957 0.9359 -0.3390
vn 0.1789 0.8537 -0.4891
vn -0.1200 0.9135 -0.3887
vn 0.1528 0.9028 -0.4019
vn 0.2693 0.8267 -0.4941
vn -0.3970 0.8762 -0.2732
vn -0.2662 0.9156 -0.3012
vn -0.2863 0.9052 -0.3140
vn -0.6785 0.7312 0.0705
vn -0.4153 0.8790 -0.2345
vn -0.1768 0.9156 -0.3611
vn -0.1984 0.9196 -0.3392
vn -0.2083 0.9108 -0.3565
vn -0.1930 0.9128 -0.3600
vn -0.0030 0.8895 -0.4569
vn 0.2688 0.7943 -0.5448
vn 0.0137 0.8948 -0.4463
vn 0.3765 0.7603 -0.5294
vn 0.2412 0.8377 -0.4900
vn 0.3712 0.7617 -0.5311
vn 0.4578 0.7563 -0.4675
vn 0.0629 0.9117 -0.4061
vn -0.3364 0.6673 -0.6645
vn -0.4919 0.8448 -0.2103
vn 0.0780 0.9285 -0.3631
vn -0.2266 0.8295 -0.5105
vn 0.3901 0.8245 -0.4098
vn 0.4143 0.8257 -0.3829
vn 0.4805 0.7813 -0.3985
vn 0.2117 0.8744 -0.4366
vn 0.5181 0.7665 -0.3797
vn 0.3105 0.8328 -0.4584
vn 0.0144 0.9109 -0.4124
vn 0.3620 0.8349 -0.4147
vn 0.7399 0.5644 -0.3661
vn -0.0094 0.9102 -0.4141
vn 0.1913 0.8752 -0.4443
vn 0.1935 0.8089 -0.5552
vn -0.1179 0.9552 -0.2716
vn -0.0000 0.9115 -0.4113
vn -0.0983 0.9094 -0.4041
vn -0.4472 0.8393 -0.3090
vn 0.3365 0.8401 -0.4253
vn -0.2924 0.8101 -0.5083
vn -0.0122 0.8535 -0.5210
vn 0.2310 0.7993 -0.5548
vn 0.2391 0.7771 -0.5822
vn -0.3907 0.8421 -0.3718
vn 0.1592 0.7896 -0.5926
vn -0.3944 0.8056 -0.4421
vn -0.1944 0.8845 -0.4241
vn 0.1844 0.8059 -0.5627
vn -0.1719 0.8944 -0.4129
vn -0.3964 0.8931 -0.2129
vn 0.2494 0.7156 -0.6525
vn -0.3317 0.8413 -0.4269
vn -0.2865 0.8986 -0.3323
vn -0.1799 0.8975 -0.4027
vn -0.2610 0.8896 -0.3747
vn -0.2618 0.9138 -0.3106
vn -0.3223 0.8597 -0.3962
vn -0.3748 0.8054 -0.4593
vn -0.3808 0.8863 -0.2635
vn -0.2362 0.8759 -0.4208
vn -0.3607 0.8773 -0.3166
vn -0.3787 0.9033 -0.2017
vn -0.3450 0.8345 -0.4297
vn -0.4185 0.7895 -0.4489
vn -0.4101 0.8616 -0.2991
vn -0.3073 0.8720 -0.3811
vn -0.3384 0.8431 -0.4179
vn -0.3364 0.8922 -0.3014
vn -0.3857 0.8324 -0.3980
vn -0.4888 0.7951 -0.3591
vn -0.5156 0.8392 0.1728
vn -0.3380 0.8897 -0.3068
vn -0.4804 0.8572 0.1855
vn -0.4451 0.8622 0.2417
vn -0.5930 0.8026 0.0643
vn -0.6061 0.6688 0.4305
vn -0.4521 0.8862 0.1011
vn -0.3965 0.9114 -0.1099
vn -0.5129 0.8526 -0.0999
vn -0.3847 0.9220 0.0429
vn -0.5302 0.8165 -0.2284
vn -0.6079 0.7939 -0.0157
vn -0.4585 0.8389 0.2934
vn -0.3982 0.9171 0.0219
vn -0.5110 0.8508 0.1225
vn -0.3084 0.8963 -0.3186
vn -0.5851 0.7364 0.3398
vn -0.6343 0.7450 0.2065
vn -0.5098 0.8293 0.2286
vn -0.4618 0.8760 -0.1395
vn -0.3733 0.8726 0.3149
vn -0.3448 0.9376 0.0449
vn -0.5130 0.7513 0.4152
vn -0.5425 0.6109 0.5766
vn -0.3483 0.8638 0.3641
vn -0.6049 0.7438 -0.2843
vn -0.4872 0.8733 -0.0068
vn -0.4333 0.8907 -0.1370
vn -0.5117 0.8095 0.2878
vn -0.5647 0.6953 0.4446
vn -0.1746 0.8048 0.5673
vn -0.5132 0.8574 0.0390
vn -0.5263 0.8487 0.0527
vn -0.3608 0.9325 0.0157
vn -0.3537 0.8047 0.4768
vn -0.1850 0.5751 0.7969
vn -0.3696 0.8683 0.3309
vn -0.6524 0.7576 0.0206
vn -0.6401 0.7542 0.1465
vn 0.1088 0.7645 0.6353
vn -0.8048 0.5843 -0.1047
vn -0.5724 0.7661 0.2922
vn -0.3522 0.8520 0.3874
vn -0.5337 0.7996 0.2752
vn -0.5453 0.7691 0.3334
vn -0.2962 0.8615 0.4125
vn -0.7033 0.6875 0.1805
vn -0.7082 0.6940 0.1299
vn -0.8906 0.3815 0.2476
vn -0.8578 0.4567 0.2359
vn -0.8464 0.4938 0.1996
vn -0.8009 0.4986 0.3317
vn -0.8168 0.5316 0.2241
vn -0.6609 0.7486 0.0525
vn -0.4716 0.3672 0.8017
vn -0.6822 0.5153 0.5186
vn -0.7438 0.6149 0.2621
vn -0.6048 0.5889 0.5362
vn -0.4619 0.8371 0.2930
vn -0.5649 0.8248 -0.0233
vn 0.0380 0.2104 0.9769
vn -0.3828 0.5086 0.7712
vn -0.2137 0.8512 0.4793
vn -0.2042 0.6327 0.7470
vn -0.2912 0.8896 0.3520
vn -0.4124 0.9019 -0.1286
vn 0.3789 0.1947 0.9047
vn 0.0363 0.4844 0.8741
vn 0.1986 0.7951 0.5730
vn 0.3980 0.5740 0.7156
vn 0.0709 0.9145 0.3984
vn -0.1826 0.9672 -0.1767
vn 0.8479 0.0891 0.5227
vn 0.6116 0.3287 0.7197
vn 0.7061 0.6064 0.3656
vn 0.9815 0.1845 0.0519
vn 0.7552 0.6407 0.1386
vn 0.3511 0.9202 -0.1728
vn 0.9650 0.2549 0.0612
vn 0.9541 0.2091 0.2143
vn 0.8591 0.3567 0.3671
vn 0.9882 0.1165 -0.0995
vn 0.8609 0.4941 0.1214
vn 0.6220 0.7647 -0.1683
vn 0.8901 0.4454 0.0967
vn 0.9740 0.2234 0.0383
vn 0.7454 0.3168 0.5865
vn 0.9909 0.1328 0.0235
vn 0.9409 0.2845 -0.1839
vn 0.7237 0.6323 -0.2766
vn 0.7252 0.6579 -0.2030
vn 0.7618 0.4455 -0.4703
vn 0.8665 0.3973 -0.3023
vn 0.7320 0.2335 -0.6400
vn 0.7963 0.1857 -0.5757
vn 0.6306 0.7113 -0.3105
vn 0.5055 0.8385 0.2033
vn 0.5278 0.4107 0.7435
vn 0.6637 0.7308 0.1593
vn 0.7590 0.6346 0.1454
vn 0.8064 0.5856 -0.0818
vn 0.4349 0.5960 -0.6751
vn 0.4096 0.8562 -0.3150
vn 0.3389 0.8748 -0.3462
vn 0.3895 0.7348 -0.5553
vn 0.3733 0.9267 0.0434
vn 0.5937 0.7948 -0.1256
vn 0.7238 0.6820 -0.1048
vn 0.3214 0.9464 -0.0320
vn 0.5112 0.8560 -0.0768
vn 0.5500 0.7779 -0.3040
vn 0.5351 0.8391 0.0974
vn 0.7409 0.6577 0.1362
vn 0.7593 0.4457 0.4742
vn 0.6971 0.5775 0.4249
vn 0.5205 0.8403 -0.1514
vn 0.0344 0.7409 -0.6708
vn 0.7441 0.5762 0.3382
vn 0.5458 0.8200 -0.1724
vn 0.1775 0.8334 -0.5234
vn 0.3103 0.9189 -0.2434
vn 0.7622 0.6110 0.2138
vn 0.8637 0.1543 0.4799
vn 0.4729 0.8575 -0.2025
vn 0.8966 0.3990 0.1921
vn 0.7931 0.6083 0.0305
vn 0.6185 0.7681 -0.1660
vn 0.2961 0.8767 -0.3791
vn -0.3188 0.7369 -0.5961
vn 0.2808 0.8159 -0.5054
vn 0.0328 0.8630 -0.5042
vn -0.1213 0.8212 -0.5577
vn 0.3600 0.8826 -0.3025
vn 0.5101 0.8361 -0.2017
vn 0.3010 0.8861 -0.3524
vn 0.2964 0.8920 -0.3412
vn 0.4642 0.8270 -0.3171
vn 0.3382 0.8669 -0.3663
vn 0.2428 0.8942 -0.3762
vn 0.2079 0.8960 -0.3923
vn 0.1642 0.8929 -0.4192
vn 0.3986 0.8686 -0.2943
vn 0.2615 0.8809 -0.3946
vn 0.0651 0.8942 -0.4428
vn 0.1395 0.9114 -0.3873
vn 0.2951 0.7983 -0.5250
vn 0.0295 0.9599 -0.2789
vn 0.2240 0.7479 -0.6249
vn -0.4818 0.8285 -0.2854
vn 0.0140 0.7163 -0.6976
vn 0.1347 0.8850 -0.4457
vn 0.0130 0.7132 -0.7009
vn -0.5177 0.8439 -0.1406
vn -0.1489 0.7937 -0.5898
vn -0.4504 0.8773 -0.1659
vn -0.3657 0.7868 -0.4973
vn -0.5430 0.8397 0.0121
vn -0.6264 0.7715 -0.1116
vn -0.5236 0.8069 0.2734
vn -0.6320 0.7738 0.0424
vn -0.4740 0.6243 0.6209
vn -0.6532 0.7434 0.1439
vn -0.4880 0.6175 0.6169
vn -0.6098 0.7901 0.0623
vn -0.2639 0.5900 0.7631
vn -0.6008 0.6604 0.4505
vn 0.0103 0.3935 0.9193
vn -0.6023 0.7090 0.3667
vn 0.0623 0.5604 0.8259
vn -0.5224 0.7358 0.4309
vn -0.2971 0.9337 0.1996
vn -0.7598 0.6474 0.0597
vn -0.2545 0.8702 0.4218
vn -0.4196 0.7714 0.4785
vn -0.8932 0.4314 0.1265
vn -0.8361 0.5386 -0.1040
vn -0.7383 0.6205 0.2645
vn -0.6099 0.7870 -0.0929
vn -0.2457 0.8374 0.4883
vn -0.3022 0.9356 -0.1824
vn 0.2260 0.8063 0.5467
vn -0.0444 0.9902 -0.1321
vn 0.7259 0.6212 0.2952
vn 0.4565 0.8565 -0.2408
vn 0.9287 0.3689 -0.0388
vn 0.6394 0.7409 -0.2054
vn 0.9692 0.1947 -0.1508
vn 0.7488 0.5372 -0.3882
vn 0.8684 0.4795 -0.1262
vn 0.5643 0.5765 -0.5910
vn 0.8009 0.5670 0.1926
vn 0.5689 0.5054 -0.6488
vn 0.3759 0.5355 -0.7562
vn 0.7146 0.6706 -0.1989
vn 0.6379 0.7687 0.0475
vn 0.7225 0.6820 -0.1135
vn 0.7615 0.5004 0.4119
vn 0.4625 0.8356 -0.2963
vn 0.4478 0.8275 -0.3387
vn 0.8607 0.4878 0.1460
vn 0.6285 0.7777 -0.0095
vn 0.1101 0.9016 -0.4182
vn 0.0567 0.8542 -0.5168
vn 0.3412 0.8463 -0.4090
vn -0.0175 0.8523 -0.5228
vn 0.2038 0.8776 -0.4340
vn -0.0986 0.8748 -0.4743
vn 0.3748 0.7906 -0.4842
vn 0.2479 0.8904 -0.3817
vn 0.7445 0.5811 -0.3287
vn 0.2127 0.7848 -0.5821
vn 0.1314 0.7999 -0.5856
vn 0.0364 0.7051 -0.7082
vn -0.2956 0.7262 -0.6207
vn -0.4102 0.7341 -0.5411
vn -0.5408 0.7735 -0.3304
vn -0.6095 0.7768 -0.1582
vn -0.7243 0.6710 0.1588
vn -0.6531 0.7255 0.2171
vn -0.5648 0.7230 0.3978
vn -0.5031 0.6711 0.5445
vn -0.4428 0.6754 0.5897
vn -0.5904 0.7092 0.3852
vn -0.5983 0.6865 0.4133
vn -0.1737 0.9804 0.0925
vn 0.1540 0.9391 -0.3071
vn -0.0773 0.8441 -0.5306
vn -0.2812 0.8100 -0.5147
vn -0.5238 0.8265 -0.2062
vn 0.1230 0.9396 -0.3195
vn 0.4212 0.8255 -0.3758
vn 0.8229 0.5286 -0.2083
vn 0.9088 0.3916 -0.1441
vn 0.9394 0.3425 0.0169
vn 0.9002 0.3762 -0.2193
vn 0.8173 0.4785 -0.3211
vn 0.4666 0.8272 -0.3130
vn 0.1296 0.8118 -0.5693
vn 0.3534 0.8225 -0.4456
vn 0.3314 0.8114 -0.4814
vn 0.4004 0.8696 -0.2889
vn 0.2375 0.9059 -0.3507
vn 0.6311 0.7031 -0.3275
vn -0.0393 0.9155 -0.4005
vn 0.0053 0.8927 -0.4507
vn 0.0251 0.9035 -0.4278
vn 0.0201 0.9065 -0.4218
vn 0.5286 0.7815 -0.3313
vn 0.2924 0.8859 -0.3600
vn 0.4939 0.7801 -0.3841
vn 0.0360 0.9363 -0.3494
vn 0.2066 0.8868 -0.4134
vn 0.1959 0.8771 -0.4384
vn 0.4118 0.8093 -0.4188
vn -0.0762 0.9511 -0.2995
vn -0.5650 0.7891 -0.2410
vn -0.5482 0.8152 -0.1866
vn -0.3342 0.8655 -0.3730
vn 0.2757 0.8512 -0.4466
vn 0.2344 0.8639 -0.4458
vn -0.0592 0.8781 -0.4749
vn 0.1898 0.8117 -0.5524
vn 0.3356 0.7828 -0.5240
vn 0.2672 0.7991 -0.5385
vn 0.0469 0.8812 -0.4704
vn -0.0690 0.8936 -0.4436
vn -0.2073 0.8836 -0.4199
vn -0.4198 0.8365 -0.3522
vn -0.2826 0.8991 -0.3343
vn -0.0072 0.8616 -0.5076
vn -0.4141 0.8895 -0.1933
vn 0.1824 0.6855 -0.7049
vn -0.1624 0.9083 -0.3855
vn -0.2781 0.8910 -0.3587
vn 0.1289 0.8250 -0.5502
vn -0.2680 0.9110 -0.3134
vn -0.2510 0.9042 -0.3456
vn -0.3066 0.9059 -0.2921
vn -0.3067 0.8983 -0.3146
vn -0.0908 0.8877 -0.4513
vn -0.5079 0.8502 -0.1385
vn -0.2759 0.9127 -0.3014
vn -0.3143 0.9040 -0.2899
vn -0.3467 0.8898 -0.2968
vn -0.3810 0.8931 -0.2392
vn -0.3143 0.8686 -0.3831
vn -0.3828 0.8878 -0.2556
vn -0.4168 0.8845 -0.2097
vn -0.3777 0.8951 -0.2368
vn -0.3589 0.8803 -0.3102
vn -0.2941 0.8695 -0.3968
vn -0.3426 0.8739 -0.3449
vn -0.4060 0.8957 -0.1813
vn -0.3764 0.8988 -0.2247
vn -0.4527 0.8790 -0.1498
vn -0.4034 0.8966 -0.1825
vn -0.4928 0.8700 0.0169
vn -0.4661 0.8620 0.1991
vn -0.4850 0.8687 -0.1004
vn -0.4859 0.8586 0.1631
vn -0.4745 0.8754 0.0925
vn -0.5019 0.8623 0.0670
vn -0.4199 0.8925 -0.1649
vn -0.4000 0.8929 -0.2067
vn -0.4185 0.9068 -0.0504
vn -0.4349 0.8923 -0.1207
vn -0.4173 0.9028 -0.1038
vn -0.4353 0.8943 -0.1039
vn -0.4731 0.8609 0.1871
vn -0.4277 0.8857 0.1807
vn -0.3564 0.8289 0.4313
vn -0.3843 0.8917 0.2391
vn -0.5303 0.7181 -0.4507
vn -0.3928 0.9187 -0.0405
vn -0.3461 0.8888 0.3004
vn -0.4167 0.8657 0.2772
vn -0.2907 0.8926 0.3447
vn -0.3061 0.8292 0.4677
vn -0.3927 0.9197 -0.0033
vn -0.5141 0.8538 -0.0820
vn -0.4492 0.8913 0.0611
vn -0.0887 0.7396 0.6672
vn -0.2521 0.8598 0.4442
vn -0.1424 0.8151 0.5616
vn -0.1120 0.8004 0.5889
vn -0.4232 0.9035 0.0680
vn -0.6384 0.6713 -0.3767
vn -0.3654 0.9169 0.1606
vn -0.1069 0.8442 0.5253
vn -0.1552 0.8424 0.5161
vn -0.1826 0.9419 0.2820
vn -0.1270 0.7873 0.6033
vn -0.3330 0.9021 0.2744
vn -0.6991 0.7028 -0.1314
vn -0.2571 0.9176 0.3032
vn 0.0154 0.8101 0.5862
vn -0.0502 0.8054 0.5906
vn -0.1238 0.9269 0.3543
vn -0.3380 0.9097 0.2412
vn -0.3958 0.8841 0.2483
vn -0.7399 0.6689 -0.0716
vn -0.1935 0.9027 0.3843
vn -0.1846 0.8715 0.4542
vn -0.1162 0.8641 0.4898
vn -0.2485 0.8635 0.4388
vn -0.2474 0.8243 0.5092
vn -0.8394 0.5430 0.0236
vn -0.3247 0.8938 0.3094
vn -0.0391 0.8593 0.5099
vn -0.3805 0.8337 0.4003
vn -0.3251 0.8451 0.4243
vn -0.1905 0.8426 0.5037
vn -0.3224 0.7540 0.5723
vn -0.6035 0.7149 0.3530
vn -0.9634 0.2514 0.0934
vn -0.7037 0.5964 0.3861
vn -0.3673 0.8061 0.4639
vn -0.4482 0.7484 0.4889
vn -0.6111 0.7090 0.3521
vn -0.0317 0.6822 0.7305
vn -0.4622 0.4772 0.7474
vn -0.6474 0.3326 0.6857
vn -0.5295 0.4599 0.7128
vn -0.3962 0.5551 0.7313
vn -0.3990 0.4691 0.7879
vn -0.2621 0.5703 0.7785
vn -0.0358 0.5261 0.8497
vn 0.0111 0.3716 0.9283
vn -0.1215 0.2633 0.9570
vn -0.0588 0.3757 0.9249
vn -0.0176 0.3647 0.9310
vn 0.3319 0.2404 0.9122
vn 0.0590 0.4858 0.8721
vn 0.4294 0.4228 0.7981
vn 0.6900 0.1641 0.7050
vn 0.3035 0.1328 0.9435
vn 0.5622 0.2489 0.7887
vn 0.2786 0.1915 0.9411
vn 0.6651 0.1414 0.7332
vn 0.6479 0.3267 0.6881
vn 0.7088 0.5567 0.4331
vn 0.8834 0.2227 0.4124
vn 0.9258 0.1280 0.3558
vn 0.8186 0.1101 0.5637
vn 0.4613 0.2807 0.8416
vn 0.6009 0.0917 0.7941
vn 0.9779 -0.0292 0.2068
vn 0.5166 0.8085 0.2817
vn 0.8581 0.4785 0.1862
vn 0.9375 0.3331 -0.1005
vn 0.9667 0.2535 -0.0363
vn 0.5419 0.4885 0.6839
vn 0.8030 0.2381 0.5463
vn 0.9284 0.1204 0.3516
vn 0.4597 0.8740 -0.1573
vn 0.5068 0.6884 0.5189
vn 0.7615 0.4633 -0.4534
vn 0.8880 0.4593 -0.0222
vn 0.5704 0.7391 0.3582
vn 0.7465 0.5418 0.3863
vn 0.9553 0.2621 0.1369
vn 0.3073 0.7308 0.6095
vn 0.3689 0.7806 0.5046
vn 0.5472 0.7343 -0.4018
vn 0.6170 0.6804 -0.3955
vn 0.4198 0.7802 0.4638
vn 0.6667 0.6799 0.3054
vn 0.6963 0.5310 0.4830
vn 0.2671 0.9518 -0.1506
vn 0.3019 0.8393 -0.4522
vn 0.5354 0.8440 -0.0306
vn 0.6973 0.7015 0.1472
vn 0.3202 0.9317 0.1715
vn 0.4670 0.8799 0.0879
vn 0.5507 0.7908 0.2673
vn 0.4526 0.7226 0.5225
vn 0.5388 0.6730 0.5067
vn 0.1639 0.7120 -0.6828
vn 0.3577 0.8462 -0.3949
vn 0.4772 0.5669 0.6715
vn 0.6098 0.7075 0.3571
vn 0.5807 0.8031 0.1334
vn 0.3903 0.8999 0.1945
vn 0.4497 0.8593 0.2435
vn 0.0302 0.7998 -0.5994
vn 0.3535 0.8643 -0.3577
vn 0.4341 0.8863 0.1614
vn 0.4008 0.9158 0.0252
vn 0.4322 0.9017 0.0081
vn 0.3596 0.9319 0.0478
vn 0.4818 0.8762 0.0104
vn 0.6576 0.7441 0.1178
vn 0.6649 0.7029 0.2526
vn 0.5413 0.7873 0.2950
vn 0.5716 0.8123 0.1162
vn 0.6057 0.7743 0.1832
vn -0.4248 0.5331 -0.7316
vn -0.2467 0.7518 -0.6115
vn 0.5722 0.8201 0.0014
vn 0.8083 0.2768 0.5197
vn -0.3096 0.7435 -0.5927
vn -0.0464 0.9258 -0.3753
vn 0.2424 0.9642 -0.1074
vn -0.1371 0.8882 -0.4385
vn 0.1090 0.8930 -0.4367
vn 0.8001 0.5998 0.0130
vn 0.2660 0.9024 -0.3390
vn 0.3330 0.9299 -0.1564
vn 0.3418 0.8913 -0.2978
vn 0.7213 0.6859 0.0962
vn 0.3698 0.9228 -0.1083
vn 0.4326 0.8908 -0.1387
vn 0.4479 0.8745 -0.1863
vn 0.0348 0.9144 -0.4034
vn 0.2042 0.9274 -0.3135
vn -0.1167 0.8509 -0.5123
vn -0.3242 0.7675 -0.5531
vn 0.3130 0.8916 -0.3273
vn 0.2273 0.9191 -0.3218
vn 0.1697 0.9125 -0.3723
vn 0.0077 0.9079 -0.4191
vn 0.2598 0.9105 -0.3217
vn 0.2099 0.9018 -0.3777
vn 0.0355 0.9069 -0.4199
vn 0.2671 0.7600 -0.5926
vn 0.0207 0.8316 -0.5550
vn 0.3279 0.7894 -0.5190
vn 0.2681 0.8310 -0.4875
vn 0.0240 0.8848 -0.4653
vn 0.0219 0.8865 -0.4623
vn 0.0409 0.8803 -0.4727
vn -0.1044 0.8910 -0.4417
vn 0.0373 0.8853 -0.4636
vn -0.0943 0.8859 -0.4543
vn -0.1585 0.8934 -0.4203
vn -0.1291 0.8701 -0.4757
vn -0.4232 0.8259 -0.3726
vn -0.6109 0.7423 -0.2752
vn -0.9205 0.3500 0.1738
vn -0.4583 0.8448 -0.2762
vn -0.5070 0.7753 -0.3766
vn -0.7618 0.6202 -0.1871
vn -0.7699 0.6259 -0.1247
vn -0.9488 0.3020 0.0921
vn -0.9756 0.2081 0.0704
vn -0.9575 0.2741 0.0897
vn -0.8120 0.5747 -0.1017
vn 0.7181 0.4951 -0.4891
vn 0.5377 0.6977 -0.4733
vn 0.2350 0.8288 -0.5078
vn 0.1880 0.8549 -0.4835
vn -0.0398 0.8830 -0.4676
vn -0.0362 0.8835 -0.4671
vn -0.3765 0.8509 -0.3664
vn -0.6560 0.7333 -0.1790
vn -0.5042 0.8124 -0.2930
vn -0.8054 0.5906 -0.0498
vn -0.3398 0.8878 -0.3103
vn -0.8240 0.5665 -0.0000
vn -0.8866 0.4625 -0.0100
vn -0.9661 0.2423 0.0891
vn -0.9705 0.1246 0.2066
vn -0.7130 0.6878 -0.1358
vn -0.1717 0.9070 -0.3846
vn -0.3179 0.8969 -0.3075
vn 0.0388 0.9195 -0.3912
vn 0.2222 0.9015 -0.3713
vn -0.2440 0.8870 -0.3920
vn 0.1731 0.9136 -0.3681
vn 0.5122 0.7680 -0.3846
vn 0.4679 0.7910 -0.3941
vn -0.2898 0.9011 -0.3226
vn 0.0851 0.9454 -0.3146
vn -0.0297 0.9288 -0.3693
vn 0.0035 0.9034 -0.4289
vn -0.2074 0.8404 -0.5007
vn 0.3250 0.7807 -0.5337
vn -0.6022 0.7829 -0.1560
vn -0.3645 0.8866 -0.2848
vn -0.5980 0.7740 -0.2081
vn -0.4394 0.8714 -0.2180
vn -0.3151 0.9101 -0.2690
vn -0.6237 0.7667 -0.1522
vn -0.2740 0.9258 -0.2604
vn 0.0394 0.9461 -0.3215
vn 0.0615 0.9591 -0.2763
vn 0.1382 0.9437 -0.3004
vn 0.2083 0.9230 -0.3236
vn -0.5317 0.8015 0.2734
vn -0.1877 0.8819 -0.4324
vn -0.5036 0.8366 -0.2156
vn -0.8360 0.5397 -0.0992
vn -0.4655 0.8425 -0.2710
vn -0.3917 0.8833 -0.2576
vn -0.0291 0.9259 -0.3767
vn -0.0214 0.9325 -0.3605
vn -0.0452 0.9378 -0.3442
vn -0.0416 0.9385 -0.3428
vn 0.6185 0.6716 -0.4079
vn -0.2066 0.9156 -0.3449
vn 0.2702 0.8970 -0.3499
vn 0.4583 0.8276 -0.3241
vn 0.4302 0.8474 -0.3110
vn 0.6104 0.7351 -0.2952
vn 0.6901 0.6713 -0.2702
vn 0.4257 0.8310 -0.3580
vn 0.0750 0.6180 -0.7826
vn -0.0370 0.8981 -0.4382
vn 0.1100 -0.6110 -0.7840
vn -0.0296 -0.4790 -0.8773
vn 0.0452 -0.6572 -0.7524
vn 0.1274 -0.0142 -0.9917
vn -0.0496 -0.4547 -0.8893
vn 0.0542 -0.6587 -0.7505
vn 0.0745 -0.5973 -0.7986
vn 0.0718 -0.4010 -0.9133
vn -0.2344 -0.7397 -0.6308
vn -0.2426 -0.7176 -0.6528
vn -0.2551 -0.6809 -0.6865
vn -0.2727 -0.6236 -0.7326
vn -0.2973 -0.5362 -0.7900
vn -0.3314 -0.4079 -0.8508
vn -0.2189 -0.7397 -0.6363
vn -0.2265 -0.7176 -0.6586
vn -0.2382 -0.6809 -0.6925
vn -0.2542 -0.6245 -0.7385
vn -0.2761 -0.5396 -0.7953
vn -0.3053 -0.4169 -0.8561
vn -0.2032 -0.7397 -0.6415
vn -0.2103 -0.7176 -0.6639
vn -0.2212 -0.6810 -0.6981
vn -0.2358 -0.6250 -0.7442
vn -0.2551 -0.5418 -0.8008
vn -0.2798 -0.4228 -0.8619
vn -0.1874 -0.7397 -0.6463
vn -0.1940 -0.7176 -0.6689
vn -0.2040 -0.6810 -0.7033
vn -0.2175 -0.6250 -0.7498
vn -0.2347 -0.5419 -0.8070
vn -0.2558 -0.4229 -0.8693
vn -0.1715 -0.7397 -0.6507
vn -0.1775 -0.7176 -0.6735
vn -0.1867 -0.6810 -0.7081
vn -0.1989 -0.6252 -0.7547
vn -0.2143 -0.5431 -0.8119
vn -0.2321 -0.4264 -0.8742
vn -0.1576 -0.7176 -0.6784
vn -0.1804 -0.6253 -0.7593
vn -0.0286 -0.6015 -0.7984
vn -0.2455 -0.7501 -0.6140
vn -0.2499 -0.7397 -0.6248
vn -0.2586 -0.7176 -0.6467
vn -0.2720 -0.6808 -0.6801
vn -0.2911 -0.6224 -0.7265
vn -0.3187 -0.5316 -0.7848
vn -0.3574 -0.3956 -0.8460
vn -0.4118 -0.1589 -0.8973
vn -0.3749 -0.2333 -0.8972
vn -0.3089 -0.2628 -0.9141
vn -0.2790 -0.2630 -0.9236
vn -0.2506 -0.2697 -0.9298
vn -0.0377 0.1973 -0.9796
vn -0.1906 -0.4280 -0.8834
vn -0.1223 -0.5489 -0.8269
vn 0.0629 -0.2120 -0.9752
vn -0.1077 -0.6747 -0.7302
vn 0.1245 -0.3503 -0.9283
vn -0.1528 -0.7501 -0.6434
vn -0.1686 -0.7501 -0.6395
vn -0.1842 -0.7501 -0.6351
vn -0.1997 -0.7501 -0.6304
vn -0.2151 -0.7501 -0.6253
vn -0.2304 -0.7501 -0.6199
vn -0.4425 -0.7285 -0.5230
vn -0.6135 -0.7449 -0.2624
vn -0.4868 -0.5944 -0.6400
vn -0.4106 -0.7386 -0.5347
vn -0.3468 -0.6840 -0.6417
vn -0.3978 -0.7122 -0.5784
vn -0.4205 -0.7320 -0.5360
vn -0.6648 -0.7251 -0.1797
vn -0.4289 -0.4999 -0.7525
vn -0.3642 -0.6140 -0.7003
vn -0.4034 -0.5002 -0.7662
vn -0.5370 0.3693 -0.7584
vn -0.2880 -0.7425 -0.6047
vn -0.3217 -0.6799 -0.6590
vn -0.3463 -0.6156 -0.7079
vn -0.3832 -0.5062 -0.7726
vn -0.4305 -0.3419 -0.8353
vn -0.2901 -0.7176 -0.6332
vn -0.3053 -0.6801 -0.6665
vn -0.3282 -0.6174 -0.7149
vn -0.3626 -0.5127 -0.7782
vn -0.5087 -0.1046 -0.8545
vn -0.4677 -0.6100 -0.6397
vn -0.2406 0.9259 -0.2914
vn -0.5274 0.5352 -0.6599
vn -0.4100 -0.3457 -0.8440
vn -0.4218 -0.3788 -0.8238
vn -0.3415 -0.5194 -0.7833
vn -0.3100 -0.6192 -0.7215
vn -0.2888 -0.6804 -0.6736
vn -0.2744 -0.7176 -0.6401
vn -0.2651 -0.7397 -0.6185
vn -0.2606 -0.7501 -0.6078
vn -0.3273 -0.7264 -0.6043
vn -0.6066 -0.2016 -0.7690
vn -0.5473 -0.6827 -0.4840
vn -0.7849 0.1092 -0.6099
vn -0.6435 -0.4969 -0.5822
vn -0.6532 -0.6491 -0.3898
vn -0.4733 -0.7113 -0.5196
vn -0.3559 -0.7272 -0.5870
vn -0.7799 0.1107 -0.6160
vn -0.7981 0.0840 -0.5966
vn -0.8298 -0.5116 -0.2230
vn -0.5430 -0.6956 -0.4705
vn -0.4710 -0.7543 -0.4574
vn -0.7910 -0.3527 -0.5000
vn -0.8432 -0.4973 -0.2040
vn -0.7097 -0.5784 -0.4022
vn -0.7992 -0.5110 -0.3165
vn -0.9063 -0.3564 -0.2274
vn -0.6304 -0.5767 -0.5196
vn -0.7317 -0.3650 -0.5757
vn -0.2663 0.4678 -0.8427
vn -0.9099 0.0292 -0.4139
vn -0.8160 0.1021 -0.5690
vn -0.9275 -0.3707 -0.0472
vn -0.5873 -0.6490 -0.4837
vn -0.9002 -0.4347 0.0268
vn -0.8845 -0.4665 -0.0015
vn -0.8983 -0.4393 0.0093
vn -0.9312 -0.3641 -0.0162
vn -0.5083 -0.7180 -0.4755
vn -0.9236 -0.3796 -0.0528
vn -0.8958 -0.4347 0.0923
vn -0.8041 -0.5914 -0.0605
vn -0.7990 -0.5579 -0.2241
vn -0.8443 -0.4034 -0.3528
vn -0.8724 -0.4519 -0.1863
vn -0.8976 -0.4409 0.0036
vn -0.8505 -0.5223 -0.0618
vn -0.8599 -0.5102 -0.0156
vn -0.8500 -0.5133 -0.1181
vn -0.8777 -0.4588 -0.1382
vn -0.1521 -0.4210 -0.8942
vn -0.1252 -0.7728 -0.6222
vn -0.3645 -0.8925 -0.2656
vn -0.5166 -0.7715 -0.3713
vn -0.0532 -0.6587 -0.7505
vn -0.3339 -0.8793 -0.3395
vn -0.3108 -0.8433 -0.4385
vn -0.4042 -0.7417 -0.5353
vn -0.2739 -0.8938 -0.3552
vn -0.4075 -0.8528 -0.3266
vn -0.3822 -0.7929 -0.4746
vn -0.7630 -0.6457 0.0305
vn -0.3519 -0.9200 -0.1726
vn -0.3936 -0.8470 -0.3573
vn -0.4056 -0.8065 -0.4302
vn -0.6752 -0.4899 -0.5515
vn -0.4911 -0.8676 0.0778
vn -0.4369 -0.8389 -0.3245
vn -0.4392 -0.7752 -0.4540
vn -0.3031 0.9451 -0.1223
vn -0.8929 0.1629 -0.4197
vn -0.6559 -0.7229 0.2173
vn -0.5614 -0.8162 -0.1365
vn -0.5136 -0.7731 -0.3722
vn -0.6708 -0.4031 -0.6226
vn -0.3899 -0.4209 -0.8190
vn -0.1814 -0.5568 -0.8106
vn -0.2790 -0.8706 -0.4052
vn -0.5763 -0.8005 -0.1645
vn -0.8424 -0.4046 -0.3558
vn -0.3860 0.8002 -0.4591
vn -0.9693 -0.1379 -0.2036
vn -0.7823 0.0782 -0.6180
vn -0.3693 -0.7906 -0.4885
vn -0.6657 -0.7049 -0.2449
vn -0.6816 -0.7300 -0.0506
vn -0.7763 -0.6002 0.1928
vn -0.9528 -0.2958 0.0686
vn -0.9297 -0.3101 0.1988
vn -0.9173 -0.3815 0.1138
vn -0.8287 -0.3357 -0.4478
vn -0.5503 -0.2465 -0.7977
vn -0.6089 -0.0962 -0.7874
vn -0.6657 -0.1927 -0.7209
vn -0.6666 -0.7431 -0.0597
vn -0.6889 -0.7229 -0.0532
vn -0.7552 -0.6539 -0.0460
vn -0.9015 -0.4193 -0.1070
vn -0.9098 -0.2847 -0.3020
vn -0.7184 -0.6665 -0.1990
vn -0.6591 -0.7446 -0.1060
vn -0.6824 -0.7246 -0.0965
vn -0.7881 -0.6083 -0.0939
vn -0.9228 -0.3222 -0.2113
vn -0.7340 -0.5629 -0.3800
vn -0.7275 -0.6637 0.1738
vn -0.6459 -0.7449 -0.1671
vn -0.6767 -0.7197 -0.1549
vn -0.8256 -0.5371 -0.1728
vn -0.8767 -0.3497 -0.3304
vn -0.6000 -0.7623 -0.2427
vn -0.7925 -0.5783 0.1937
vn -0.6303 -0.7364 -0.2458
vn -0.6609 -0.7120 -0.2369
vn -0.7991 -0.5265 -0.2901
vn -0.8389 -0.3398 -0.4253
vn -0.6381 -0.7674 0.0628
vn -0.8023 -0.5939 0.0595
vn -0.5987 -0.7232 -0.3443
vn -0.6384 -0.6787 -0.3630
vn -0.7792 -0.4394 -0.4470
vn -0.6959 -0.5500 -0.4619
vn -0.6344 -0.7687 0.0816
vn -0.8557 -0.5060 -0.1086
vn -0.5525 -0.6850 -0.4749
vn -0.5876 -0.6034 -0.5392
vn -0.6902 -0.3932 -0.6075
vn -0.5708 -0.7835 -0.2455
vn -0.6912 -0.7226 -0.0132
vn -0.8686 -0.4283 -0.2492
vn -0.6615 -0.7496 -0.0239
vn -0.6704 -0.7416 -0.0249
vn -0.6934 -0.7203 -0.0209
vn -0.7379 -0.6748 -0.0159
vn -0.8528 -0.5212 -0.0338
vn -0.9566 -0.2320 -0.1765
vn -0.8373 -0.3799 -0.3933
vn -0.8181 -0.5715 -0.0640
vn -0.9963 -0.0550 0.0659
vn -0.9151 -0.3574 0.1869
vn -0.9701 -0.2426 -0.0084
vn -0.9452 -0.2874 -0.1553
vn -0.9764 0.1878 -0.1063
vn -0.9158 -0.1647 -0.3662
vn -0.3653 0.8120 -0.4552
vn -0.8614 -0.3645 -0.3537
vn -0.7427 -0.6473 -0.1715
vn -0.5166 -0.8557 -0.0300
vn -0.5196 -0.4968 -0.6951
vn -0.4813 -0.4866 -0.7291
vn -0.4802 -0.5966 -0.6430
vn -0.6047 -0.6230 -0.4962
vn -0.6199 -0.6802 -0.3913
vn -0.6345 -0.7124 -0.2998
vn -0.6457 -0.7313 -0.2198
vn -0.6577 -0.7375 -0.1532
vn -0.6599 -0.7448 -0.0990
vn -0.6611 -0.7482 -0.0566
vn -0.6644 -0.7397 0.1069
vn -0.6876 -0.7176 0.1106
vn -0.7238 -0.6802 0.1164
vn -0.7723 -0.6200 0.1388
vn -0.8112 -0.5436 0.2156
vn -0.8729 -0.4322 0.2265
vn -0.6668 -0.7397 0.0905
vn -0.6901 -0.7176 0.0937
vn -0.7257 -0.6810 0.0985
vn -0.7731 -0.6251 0.1073
vn -0.8294 -0.5440 0.1271
vn -0.8935 -0.4293 0.1317
vn -0.6688 -0.7397 0.0742
vn -0.6922 -0.7176 0.0768
vn -0.7278 -0.6810 0.0807
vn -0.7756 -0.6253 0.0860
vn -0.8339 -0.5440 0.0929
vn -0.8977 -0.4292 0.0996
vn -0.6704 -0.7397 0.0577
vn -0.6939 -0.7176 0.0598
vn -0.7296 -0.6810 0.0628
vn -0.7775 -0.6253 0.0670
vn -0.8360 -0.5440 0.0720
vn -0.9000 -0.4292 0.0760
vn -0.6717 -0.7397 0.0409
vn -0.6952 -0.7176 0.0426
vn -0.7309 -0.6810 0.0449
vn -0.7789 -0.6253 0.0479
vn -0.8380 -0.5433 0.0501
vn -0.9054 -0.4235 0.0291
vn -0.6725 -0.7398 0.0228
vn -0.6960 -0.7176 0.0244
vn -0.7318 -0.6810 0.0266
vn -0.7803 -0.6247 0.0287
vn -0.8471 -0.5313 0.0126
vn -0.9181 -0.3871 -0.0848
vn -0.6501 -0.7501 0.1210
vn -0.6616 -0.7397 0.1232
vn -0.6847 -0.7176 0.1275
vn -0.7254 -0.6750 0.1352
vn -0.7877 -0.5901 0.1768
vn -0.7607 -0.5288 0.3763
vn -0.7906 -0.4432 0.4225
vn -0.8976 -0.2890 0.3329
vn -0.9477 -0.2589 0.1865
vn -0.9989 -0.0437 0.0171
vn -0.9588 -0.2636 0.1062
vn -0.9591 -0.2742 0.0708
vn -0.9733 0.0991 0.2071
vn -0.9501 -0.2120 -0.2289
vn -0.9036 -0.1334 -0.4071
vn -0.9200 -0.2890 -0.2647
vn -0.8746 -0.4807 -0.0630
vn -0.7868 -0.6171 0.0063
vn -0.7322 -0.6811 0.0069
vn -0.6962 -0.7179 0.0040
vn -0.6727 -0.7399 0.0017
vn -0.6614 -0.7500 0.0017
vn -0.6609 -0.7501 0.0224
vn -0.6601 -0.7501 0.0402
vn -0.6589 -0.7501 0.0567
vn -0.6573 -0.7501 0.0729
vn -0.6553 -0.7501 0.0890
vn -0.6529 -0.7501 0.1050
vn -0.6308 -0.7397 0.2343
vn -0.6528 -0.7176 0.2426
vn -0.6864 -0.6810 0.2551
vn -0.7315 -0.6253 0.2719
vn -0.7865 -0.5440 0.2923
vn -0.8475 -0.4273 0.3150
vn -0.6363 -0.7397 0.2189
vn -0.6586 -0.7176 0.2266
vn -0.6925 -0.6810 0.2382
vn -0.7380 -0.6253 0.2538
vn -0.7942 -0.5428 0.2731
vn -0.8639 -0.4086 0.2944
vn -0.6415 -0.7397 0.2032
vn -0.6639 -0.7176 0.2103
vn -0.6984 -0.6807 0.2212
vn -0.7478 -0.6206 0.2361
vn -0.8139 -0.5269 0.2450
vn -0.9048 -0.3528 0.2383
vn -0.6463 -0.7397 0.1874
vn -0.6689 -0.7176 0.1940
vn -0.7036 -0.6807 0.2040
vn -0.7558 -0.6205 0.2092
vn -0.8361 -0.5247 0.1599
vn -0.9351 -0.3463 0.0758
vn -0.6507 -0.7397 0.1715
vn -0.6735 -0.7176 0.1775
vn -0.7115 -0.6772 0.1874
vn -0.7866 -0.5907 0.1795
vn -0.8873 -0.4606 0.0226
vn -0.9592 -0.2565 -0.1186
vn -0.6547 -0.7397 0.1555
vn -0.6776 -0.7176 0.1610
vn -0.7245 -0.6675 0.1719
vn -0.8425 -0.5091 0.1762
vn -0.9316 -0.3625 -0.0263
vn -0.9564 -0.2866 0.0558
vn -0.6140 -0.7502 0.2455
vn -0.6248 -0.7397 0.2499
vn -0.6467 -0.7176 0.2584
vn -0.6800 -0.6810 0.2717
vn -0.7247 -0.6253 0.2895
vn -0.7792 -0.5440 0.3113
vn -0.8386 -0.4295 0.3350
vn -0.8941 -0.2701 0.3573
vn -0.9126 -0.2347 0.3348
vn -0.9477 -0.1425 0.2857
vn -0.9863 -0.0217 0.1635
vn -0.9995 -0.0221 -0.0209
vn -0.9973 -0.0301 -0.0670
vn -0.7950 -0.3850 0.4687
vn -0.7351 -0.4298 0.5243
vn -0.6706 -0.5010 0.5471
vn -0.8272 -0.4012 0.3934
vn -0.8940 -0.3992 0.2037
vn -0.7357 -0.6591 0.1559
vn -0.6815 -0.7175 0.1443
vn -0.6583 -0.7397 0.1394
vn -0.6470 -0.7501 0.1370
vn -0.6434 -0.7501 0.1528
vn -0.6395 -0.7501 0.1686
vn -0.6351 -0.7501 0.1842
vn -0.6304 -0.7501 0.1997
vn -0.6253 -0.7501 0.2151
vn -0.6199 -0.7501 0.2304
vn -0.5729 -0.7397 0.3530
vn -0.5929 -0.7177 0.3652
vn -0.6234 -0.6811 0.3841
vn -0.6643 -0.6255 0.4092
vn -0.7936 -0.4214 0.4390
vn -0.5814 -0.7397 0.3389
vn -0.6017 -0.7176 0.3506
vn -0.6328 -0.6810 0.3685
vn -0.6742 -0.6256 0.3926
vn -0.7246 -0.5447 0.4222
vn -0.3895 0.8470 -0.3619
vn -0.5897 -0.7397 0.3243
vn -0.6102 -0.7176 0.3357
vn -0.6417 -0.6809 0.3531
vn -0.6837 -0.6255 0.3758
vn -0.7352 -0.5442 0.4041
vn -0.7940 -0.4242 0.4354
vn -0.5973 -0.7397 0.3100
vn -0.6181 -0.7176 0.3209
vn -0.6500 -0.6809 0.3375
vn -0.6922 -0.6255 0.3599
vn -0.7446 -0.5442 0.3865
vn -0.8016 -0.4300 0.4154
vn -0.6047 -0.7397 0.2952
vn -0.6258 -0.7176 0.3055
vn -0.6580 -0.6810 0.3214
vn -0.7012 -0.6253 0.3424
vn -0.7541 -0.5439 0.3681
vn -0.8924 -0.0923 0.4416
vn -0.6118 -0.7397 0.2803
vn -0.6331 -0.7177 0.2901
vn -0.6658 -0.6810 0.3049
vn -0.7096 -0.6252 0.3249
vn -0.7628 -0.5440 0.3496
vn -0.8207 -0.4298 0.3764
vn -0.5544 -0.7502 0.3604
vn -0.5641 -0.7398 0.3667
vn -0.5839 -0.7177 0.3796
vn -0.6139 -0.6811 0.3990
vn -0.6542 -0.6256 0.4250
vn -0.7056 -0.5403 0.4585
vn -0.8049 0.2948 0.5150
vn -0.7771 -0.4288 0.4606
vn -0.8973 0.0868 0.4327
vn -0.8917 -0.0937 0.4428
vn -0.8732 -0.2784 0.4000
vn -0.8831 -0.2773 0.3785
vn -0.8300 -0.4295 0.3557
vn -0.7712 -0.5441 0.3305
vn -0.7173 -0.6253 0.3074
vn -0.6731 -0.6810 0.2884
vn -0.6400 -0.7177 0.2744
vn -0.6185 -0.7397 0.2650
vn -0.6077 -0.7502 0.2606
vn -0.6012 -0.7502 0.2753
vn -0.5942 -0.7502 0.2901
vn -0.5869 -0.7502 0.3045
vn -0.5795 -0.7502 0.3184
vn -0.5712 -0.7501 0.3332
vn -0.5630 -0.7502 0.3469
vn -0.4931 -0.7397 0.4578
vn -0.5104 -0.7178 0.4736
vn -0.5366 -0.6814 0.4978
vn -0.5732 -0.6230 0.5323
vn -0.7163 -0.3705 0.5913
vn -0.5040 -0.7398 0.4457
vn -0.5215 -0.7178 0.4613
vn -0.5481 -0.6815 0.4849
vn -0.6388 -0.5509 0.5371
vn -0.7656 0.2295 0.6009
vn -0.5150 -0.7398 0.4330
vn -0.5329 -0.7177 0.4482
vn -0.5602 -0.6814 0.4709
vn -0.5990 -0.6227 0.5034
vn -0.7234 -0.3785 0.5775
vn -0.5253 -0.7398 0.4204
vn -0.5436 -0.7177 0.4351
vn -0.5713 -0.6814 0.4574
vn -0.6084 -0.6266 0.4871
vn -0.3516 0.7972 0.4907
vn -0.5354 -0.7398 0.4075
vn -0.5540 -0.7178 0.4218
vn -0.5824 -0.6814 0.4432
vn -0.5452 -0.7398 0.3942
vn -0.5644 -0.7177 0.4079
vn -0.5932 -0.6814 0.4288
vn -0.6323 -0.6260 0.4563
vn -0.6236 -0.6221 0.4735
vn -0.4733 -0.7502 0.4618
vn -0.4815 -0.7398 0.4699
vn -0.4987 -0.7178 0.4858
vn -0.5244 -0.6813 0.5108
vn -0.5584 -0.6265 0.5438
vn -0.6008 -0.5431 0.5866
vn -0.6886 -0.3824 0.6160
vn -0.6417 0.0582 0.7648
vn -0.7742 -0.0566 0.6305
vn -0.7820 -0.0412 0.6219
vn -0.7463 -0.3870 0.5416
vn -0.7963 -0.2022 0.5701
vn -0.5947 0.7284 0.3404
vn -0.6037 -0.6812 0.4141
vn -0.5742 -0.7177 0.3939
vn -0.5549 -0.7398 0.3806
vn -0.5453 -0.7502 0.3740
vn -0.5359 -0.7502 0.3874
vn -0.5261 -0.7502 0.4005
vn -0.5163 -0.7502 0.4131
vn -0.5060 -0.7502 0.4257
vn -0.4955 -0.7502 0.4378
vn -0.4845 -0.7502 0.4500
vn -0.3944 -0.7398 0.5451
vn -0.4083 -0.7179 0.5639
vn -0.4293 -0.6816 0.5926
vn -0.4581 -0.6241 0.6330
vn -0.4951 -0.5481 0.6741
vn -0.6480 -0.3961 0.6505
vn -0.4074 -0.7399 0.5353
vn -0.4213 -0.7179 0.5542
vn -0.4427 -0.6817 0.5825
vn -0.5686 0.6118 0.5499
vn -0.5195 -0.5482 0.6554
vn -0.4206 -0.7398 0.5251
vn -0.4354 -0.7179 0.5432
vn -0.4575 -0.6817 0.5709
vn -0.4891 -0.6232 0.6103
vn -0.3680 0.7914 0.4882
vn -0.2312 0.8048 0.5466
vn -0.4331 -0.7398 0.5148
vn -0.4478 -0.7179 0.5330
vn -0.4710 -0.6817 0.5598
vn -0.5014 -0.6270 0.5961
vn -0.5122 -0.6264 0.5876
vn -0.5954 -0.3987 0.6975
vn -0.4456 -0.7400 0.5039
vn -0.4613 -0.7178 0.5216
vn -0.4845 -0.6817 0.5482
vn -0.4893 -0.6234 0.6098
vn -0.4579 -0.7400 0.4928
vn -0.4738 -0.7179 0.5101
vn -0.4977 -0.6817 0.5363
vn -0.5309 -0.6265 0.5707
vn -0.3742 -0.7502 0.5451
vn -0.3807 -0.7399 0.5546
vn -0.3943 -0.7179 0.5737
vn -0.4145 -0.6815 0.6031
vn -0.4409 -0.6274 0.6418
vn -0.5686 -0.3998 0.7190
vn -0.5323 -0.4202 0.7350
vn -0.3501 0.6235 0.6990
vn -0.6272 -0.1181 0.7698
vn -0.6538 0.2329 0.7200
vn -0.6069 0.1034 0.7880
vn -0.5714 -0.5434 0.6149
vn -0.5446 -0.6266 0.5575
vn -0.5115 -0.6813 0.5236
vn -0.4862 -0.7180 0.4981
vn -0.4699 -0.7400 0.4812
vn -0.4621 -0.7502 0.4730
vn -0.4497 -0.7503 0.4846
vn -0.4384 -0.7501 0.4951
vn -0.4255 -0.7502 0.5061
vn -0.4133 -0.7502 0.5162
vn -0.4006 -0.7502 0.5260
vn -0.3876 -0.7502 0.5357
vn -0.2807 -0.7397 0.6116
vn -0.2910 -0.7177 0.6326
vn -0.3061 -0.6817 0.6646
vn -0.3262 -0.6257 0.7086
vn -0.3696 -0.5162 0.7727
vn -0.2949 -0.7398 0.6048
vn -0.3050 -0.7179 0.6257
vn -0.3199 -0.6820 0.6576
vn -0.3983 -0.5033 0.7668
vn -0.4115 -0.2874 0.8649
vn -0.3105 -0.7399 0.5968
vn -0.3208 -0.7180 0.6177
vn -0.3369 -0.6819 0.6493
vn -0.3601 -0.6247 0.6929
vn -0.3244 -0.7399 0.5894
vn -0.3352 -0.7180 0.6100
vn -0.3525 -0.6819 0.6409
vn -0.3741 -0.6283 0.6821
vn -0.4552 -0.5425 0.7061
vn -0.3387 -0.7400 0.5811
vn -0.3505 -0.7179 0.6014
vn -0.3683 -0.6822 0.6316
vn -0.4558 -0.3829 0.8035
vn -0.3527 -0.7400 0.5726
vn -0.3650 -0.7179 0.5927
vn -0.3830 -0.6826 0.6224
vn -0.4104 -0.6270 0.6622
vn -0.2604 -0.7502 0.6077
vn -0.2652 -0.7399 0.6183
vn -0.2747 -0.7179 0.6397
vn -0.2881 -0.6816 0.6726
vn -0.3419 -0.3509 0.8717
vn -0.3946 -0.1238 0.9105
vn -0.4856 -0.2001 0.8510
vn -0.3994 -0.6817 0.6129
vn -0.3799 -0.7180 0.5832
vn -0.3670 -0.7401 0.5636
vn -0.3607 -0.7502 0.5542
vn -0.3470 -0.7501 0.5629
vn -0.3329 -0.7502 0.5713
vn -0.3191 -0.7501 0.5792
vn -0.3046 -0.7501 0.5870
vn -0.2899 -0.7503 0.5942
vn -0.2758 -0.7502 0.6009
vn -0.1680 -0.6925 0.7016
vn -0.1817 -0.6253 0.7589
vn -0.2324 -0.4008 0.8862
vn 0.2672 -0.7230 -0.6370
vn -0.1755 -0.7175 0.6741
vn -0.1981 -0.6255 0.7546
vn -0.2129 -0.5424 0.8127
vn -0.1899 -0.7401 0.6452
vn -0.1990 -0.7178 0.6672
vn -0.2080 -0.6815 0.7016
vn -0.2189 -0.6278 0.7470
vn -0.2758 -0.3693 0.8875
vn -0.2026 -0.7401 0.6413
vn -0.2099 -0.7178 0.6639
vn -0.2201 -0.6815 0.6979
vn -0.2339 -0.6278 0.7424
vn -0.3928 0.2420 0.8872
vn -0.2190 -0.7401 0.6359
vn -0.2267 -0.7180 0.6581
vn -0.2381 -0.6817 0.6918
vn -0.2540 -0.6283 0.7353
vn -0.2817 -0.5435 0.7907
vn -0.3230 -0.3318 0.8863
vn -0.2342 -0.7401 0.6304
vn -0.2427 -0.7181 0.6523
vn -0.2557 -0.6814 0.6858
vn -0.2722 -0.6277 0.7294
vn -0.3134 -0.5371 0.7831
vn -0.1369 -0.7401 0.6584
vn 0.4771 -0.7431 -0.4692
vn -0.1630 -0.6247 0.7636
vn -0.1742 -0.5418 0.8223
vn -0.2367 -0.4034 0.8839
vn -0.2869 -0.3726 0.8825
vn -0.2910 -0.6237 0.7255
vn -0.3759 0.2637 0.8883
vn -0.4272 -0.2775 0.8605
vn -0.5640 0.1782 0.8063
vn -0.4164 -0.6246 0.6607
vn -0.2494 -0.5435 0.8015
vn -0.2732 -0.6814 0.6790
vn -0.2590 -0.7180 0.6461
vn -0.2501 -0.7400 0.6244
vn -0.2455 -0.7504 0.6138
vn -0.2301 -0.7504 0.6197
vn -0.2157 -0.7503 0.6250
vn -0.1998 -0.7501 0.6304
vn -0.1853 -0.7501 0.6349
vn -0.1696 -0.7505 0.6388
vn -0.0186 -0.5439 0.8389
vn -0.0557 -0.4266 0.9027
vn 0.0102 -0.7185 0.6954
vn 0.0394 -0.7547 0.6549
vn 0.1351 -0.5372 0.8326
vn -0.0745 -0.4247 0.9023
vn 0.4351 0.3102 -0.8453
vn 0.6908 -0.3997 0.6025
vn -0.1027 -0.4247 0.8995
vn 0.4048 -0.7193 -0.5646
vn -0.1241 -0.5382 0.8336
vn -0.1230 -0.4279 0.8954
vn -0.1329 -0.5429 0.8292
vn -0.1422 -0.4286 0.8922
vn -0.0666 -0.5744 0.8158
vn 0.0697 -0.4599 0.8852
vn -0.0318 -0.3517 0.9356
vn -0.1448 -0.6797 0.7190
vn -0.0836 -0.2701 0.9592
vn -0.1038 -0.2702 0.9572
vn -0.1371 -0.2803 0.9501
vn -0.1705 -0.4188 0.8919
vn -0.1916 0.1311 0.9727
vn -0.1591 -0.5435 0.8242
vn -0.1503 -0.6233 0.7674
vn 0.3725 -0.6085 -0.7007
vn -0.1827 -0.6938 0.6966
vn -0.1215 -0.7078 0.6959
vn 0.0196 -0.6749 0.7377
vn 0.0218 -0.7335 0.6794
vn 0.2778 -0.7503 -0.5999
vn -0.0297 -0.6775 0.7349
vn -0.0746 -0.6438 0.7616
vn 0.4563 0.0452 0.8887
vn 0.0216 -0.6344 0.7727
vn 0.2800 -0.5048 0.8165
vn 0.4118 -0.7328 0.5417
vn 0.0225 -0.6733 0.7390
vn 0.1399 -0.7357 0.6627
vn -0.0071 -0.3090 0.9510
vn -0.1500 -0.6950 0.7032
vn 0.2816 -0.5044 0.8163
vn 0.3340 0.0367 0.9419
vn 0.1947 -0.2036 0.9595
vn 0.1582 -0.0646 0.9853
vn 0.4047 -0.7193 -0.5646
vn 0.0824 -0.2629 0.9613
vn 0.6737 -0.1095 -0.7308
vn -0.0551 -0.7396 0.6708
vn -0.1318 -0.7413 0.6582
vn 0.1035 0.6305 0.7692
vn 0.5029 -0.3737 -0.7794
vn -0.0395 -0.5629 0.8256
vn 0.5613 0.4020 0.7235
vn 0.1214 0.1352 0.9834
vn 0.1974 -0.6744 0.7115
vn 0.1577 -0.7040 0.6925
vn 0.1305 0.8719 0.4720
vn 0.4273 0.0051 0.9041
vn -0.1131 -0.6458 0.7551
vn 0.0956 0.6162 0.7818
vn 0.4376 0.4665 0.7687
vn 0.0797 0.8580 0.5075
vn 0.3339 -0.7324 -0.5933
vn 0.3723 -0.6059 0.7031
vn 0.2252 -0.7420 0.6315
vn 0.3940 0.2834 -0.8743
vn 0.2268 -0.3790 -0.8972
vn 0.1220 -0.5372 0.8346
vn 0.5220 -0.0988 -0.8472
vn 0.3448 -0.7145 0.6087
vn 0.4265 -0.3065 -0.8510
vn 0.4445 0.0414 -0.8948
vn 0.5351 -0.4941 -0.6852
vn 0.2449 -0.6674 0.7033
vn 0.4493 -0.3173 0.8351
vn 0.1365 -0.6002 -0.7881
vn -0.0782 0.6640 0.7437
vn 0.4105 -0.3222 -0.8531
vn 0.3825 -0.6081 0.6956
vn 0.2391 -0.7489 0.6180
vn 0.1028 0.8188 0.5647
vn 0.4207 -0.5322 -0.7347
vn 0.3809 -0.7479 0.5437
vn 0.3211 -0.6218 0.7143
vn 0.2250 -0.7497 0.6223
vn 0.4948 -0.5446 0.6772
vn 0.2657 -0.7352 0.6236
vn 0.4973 0.3373 -0.7993
vn 0.1226 0.4672 0.8756
vn 0.3112 -0.1940 0.9303
vn 0.3618 -0.5340 -0.7642
vn 0.2985 0.1415 0.9438
vn 0.3121 -0.7572 -0.5738
vn 0.1362 -0.7102 -0.6907
vn 0.4050 0.3193 -0.8567
vn 0.2582 -0.7302 0.6326
vn 0.0999 -0.6030 -0.7915
vn 0.4962 -0.5283 -0.6890
vn 0.5992 -0.4627 0.6534
vn 0.3947 -0.6158 0.6819
vn 0.4920 -0.5329 0.6884
vn 0.5544 -0.5609 0.6149
vn 0.4419 -0.7480 0.4952
vn 0.7185 -0.4894 0.4942
vn 0.4293 -0.3475 0.8336
vn 0.5968 -0.5586 0.5760
vn 0.5753 -0.4244 0.6993
vn 0.4428 -0.7496 0.4920
vn 0.3719 -0.7332 0.5693
vn 0.3282 -0.6080 0.7229
vn 0.3904 -0.6169 0.6834
vn 0.5266 -0.4272 0.7350
vn 0.2469 -0.6686 0.7014
vn 0.4699 -0.3302 0.8186
vn 0.4309 -0.6953 0.5752
vn 0.2436 -0.7445 0.6216
vn 0.2800 -0.7685 0.5754
vn 0.5115 -0.4371 0.7398
vn 0.4651 -0.7158 0.5209
vn 0.4374 -0.7734 0.4589
vn 0.6596 -0.2659 0.7030
vn 0.6528 -0.2609 0.7111
vn 0.6385 -0.2468 0.7290
vn 0.6459 -0.2378 0.7255
vn 0.5975 -0.2383 0.7656
vn 0.5892 -0.2498 0.7684
vn 0.5526 -0.2450 0.7966
vn 0.5156 -0.2477 0.8203
vn -0.6248 -0.6426 0.4435
vn 0.3677 -0.6197 0.6934
vn 0.4762 -0.5138 -0.7136
vn 0.4073 -0.5825 -0.7034
vn 0.6869 -0.6640 0.2956
vn 0.3668 -0.6977 0.6153
vn 0.4758 -0.4423 0.7602
vn 0.2766 -0.7711 0.5735
vn 0.5537 -0.6628 0.5041
vn 0.7054 -0.5773 0.4112
vn 0.5573 -0.8053 0.2021
vn 0.6953 -0.6553 0.2952
vn 0.4365 -0.7726 0.4611
vn 0.6902 -0.6545 0.3088
vn 0.5227 -0.6321 0.5721
vn 0.6957 -0.5231 0.4924
vn 0.6391 -0.7074 0.3020
vn 0.6742 -0.4612 0.5768
vn 0.7878 -0.2662 0.5555
vn 0.7824 -0.2584 0.5666
vn 0.7792 -0.2444 0.5772
vn 0.7611 -0.2494 0.5988
vn 0.7364 -0.2497 0.6287
vn 0.7162 -0.2589 0.6481
vn 0.7187 -0.2622 0.6440
vn 0.6805 -0.2527 0.6878
vn 0.5709 -0.6217 0.5363
vn 0.6048 -0.4643 0.6470
vn 0.5619 -0.7436 0.3625
vn 0.5574 -0.7335 0.3890
vn 0.5972 -0.7697 0.2255
vn 0.8180 -0.4201 0.3929
vn 0.5631 -0.7370 0.3739
vn 0.6353 -0.5218 0.5693
vn 0.6984 -0.6459 0.3083
vn 0.5364 -0.6686 0.5150
vn 0.6905 -0.4792 0.5418
vn 0.8055 -0.4288 0.4090
vn 0.7050 -0.5227 0.4793
vn 0.6796 -0.5426 0.4937
vn 0.7752 -0.4503 0.4431
vn 0.7660 -0.4557 0.4534
vn 0.6635 -0.6288 0.4054
vn 0.5130 -0.7334 0.4460
vn 0.7186 -0.5641 0.4066
vn 0.7728 -0.5403 0.3330
vn 0.8366 -0.4144 0.3583
vn 0.8906 -0.2394 0.3867
vn 0.8803 -0.2400 0.4093
vn 0.8728 -0.2428 0.4234
vn 0.8624 -0.2465 0.4422
vn 0.8471 -0.2464 0.4708
vn 0.8343 -0.2475 0.4926
vn 0.8185 -0.2507 0.5169
vn 0.8027 -0.2520 0.5405
vn 0.3909 -0.7017 0.5957
vn 0.5913 -0.7435 0.3124
vn 0.6538 -0.7400 0.1578
vn 0.6780 -0.7170 0.1621
vn 0.7133 -0.6798 0.1705
vn 0.7613 -0.6224 0.1818
vn 0.8210 -0.5371 0.1933
vn 0.8865 -0.4162 0.2021
vn 0.6421 -0.7430 0.1885
vn 0.6716 -0.7175 0.1846
vn 0.7056 -0.6822 0.1915
vn 0.7572 -0.6225 0.1979
vn 0.8155 -0.5381 0.2131
vn 0.8811 -0.4140 0.2286
vn 0.7165 -0.6463 0.2624
vn 0.6345 -0.6514 0.4160
vn 0.6900 -0.6888 0.2224
vn 0.7495 -0.6246 0.2195
vn 0.8097 -0.5392 0.2316
vn 0.8755 -0.4145 0.2486
vn 0.7151 -0.6214 0.3202
vn 0.8015 -0.5391 0.2589
vn 0.8677 -0.4145 0.2744
vn 0.6961 -0.5042 0.5112
vn 0.7904 -0.5412 0.2871
vn 0.8577 -0.4187 0.2985
vn 0.7883 -0.5460 0.2837
vn 0.8523 -0.4170 0.3157
vn 0.6471 -0.7498 0.1379
vn 0.6581 -0.7396 0.1409
vn 0.6817 -0.7170 0.1452
vn 0.7172 -0.6798 0.1530
vn 0.7664 -0.6214 0.1630
vn 0.9607 -0.2565 0.1061
vn 0.9420 -0.2246 0.2493
vn 0.9369 -0.2272 0.2657
vn 0.9295 -0.2337 0.2854
vn 0.9123 -0.2366 0.3344
vn 0.8993 -0.2399 0.3656
vn 0.8415 -0.4182 0.3419
vn 0.7798 -0.5417 0.3137
vn 0.6604 -0.7157 0.2274
vn 0.5743 -0.7386 0.3530
vn 0.4400 -0.6469 0.6229
vn 0.6734 -0.6814 0.2868
vn 0.6494 -0.7407 0.1724
vn 0.6428 -0.7500 0.1560
vn 0.8762 -0.4816 -0.0171
vn 0.6381 -0.7194 -0.2743
vn 0.7187 -0.6944 0.0343
vn 0.9671 -0.2444 0.0711
vn 0.7727 -0.6343 0.0228
vn 0.9031 0.4166 -0.1043
vn 0.8576 -0.4940 0.1432
vn 0.7814 -0.6090 0.1363
vn 0.6693 -0.7374 0.0914
vn 0.6967 -0.7163 0.0392
vn 0.6916 -0.7083 -0.1416
vn 0.7873 -0.5987 0.1476
vn 0.6647 -0.7394 0.1067
vn 0.6876 -0.7177 0.1100
vn 0.7242 -0.6796 0.1167
vn 0.7717 -0.6252 -0.1162
vn 0.7208 -0.6798 0.1355
vn 0.6848 -0.7174 0.1282
vn 0.6616 -0.7395 0.1238
vn 0.6501 -0.7501 0.1215
vn 0.6530 -0.7500 0.1051
vn 0.7084 -0.7059 0.0023
vn 0.6683 -0.7427 0.0410
vn 0.6766 -0.7279 -0.1117
vn 0.6182 -0.7257 -0.3018
vn 0.7607 0.5745 0.3021
vn 0.6964 -0.7143 -0.0690
vn 0.6619 -0.7468 -0.0647
vn 0.6865 -0.7257 -0.0444
vn 0.6390 -0.7090 -0.2984
vn 0.6735 -0.7384 0.0327
vn 0.8402 0.0345 -0.5411
vn 0.6586 -0.6531 -0.3737
vn 0.6667 -0.7319 -0.1408
vn 0.8996 -0.3889 -0.1985
vn 0.7731 -0.3895 -0.5007
vn 0.6362 -0.7105 -0.3008
vn 0.6670 -0.7413 0.0743
vn 0.7590 -0.6141 -0.2161
vn 0.8141 0.5121 -0.2738
vn 0.8689 -0.1096 -0.4828
vn 0.8046 0.5548 -0.2117
vn 0.6574 -0.7280 -0.1948
vn 0.6518 -0.7337 -0.1918
vn 0.6567 -0.6295 -0.4152
vn 0.4086 -0.6844 -0.6038
vn 0.6605 -0.7397 -0.1289
vn 0.8595 -0.3008 -0.4132
vn 0.7794 -0.2130 -0.5892
vn 0.7943 -0.5978 -0.1082
vn 0.5816 0.6966 -0.4201
vn 0.8154 0.0065 -0.5788
vn 0.6422 -0.6608 -0.3884
vn 0.5856 0.6993 -0.4100
vn 0.4468 0.8204 -0.3568
vn -0.0101 0.9998 0.0180
vn 0.3983 0.7801 -0.4825
vn 0.6424 -0.0602 -0.7640
vn 0.7329 -0.3076 -0.6068
vn 0.3015 -0.7247 -0.6197
vn 0.3843 0.7490 -0.5398
vn 0.5932 -0.2765 -0.7560
vn 0.3194 0.1893 -0.9285
vn 0.3304 -0.5391 -0.7747
vn 0.3846 -0.6197 -0.6842
vn 0.2850 0.8583 -0.4267
vn 0.3528 -0.7118 -0.6073
vn 0.4368 -0.3524 -0.8277
vn 0.4685 -0.3208 -0.8232
vn 0.4263 -0.3067 -0.8510
vn 0.3720 -0.7027 -0.6065
vn 0.5111 -0.0957 -0.8542
vn 0.3537 -0.6960 -0.6249
vn 0.4601 -0.0989 -0.8823
vn 0.4056 -0.2948 -0.8652
vn 0.2991 -0.7372 -0.6058
vn 0.1888 -0.7505 -0.6333
vn 0.4863 0.3246 -0.8112
vn 0.3535 -0.6902 -0.6314
vn 0.3308 -0.7104 -0.6212
vn 0.1974 0.5844 -0.7871
vn 0.1591 -0.7319 -0.6626
vn 0.1275 -0.1888 -0.9737
vn 0.3559 -0.7135 -0.6035
vn -0.1064 -0.7384 -0.6659
vn -0.1743 -0.2195 -0.9599
vn 0.0225 -0.4979 -0.8669
vn -0.1267 0.9350 -0.3313
vn -0.0991 -0.7320 -0.6740
vn 0.2229 -0.0385 -0.9741
vn -0.0055 -0.7582 -0.6520
vn 0.0889 -0.7153 -0.6931
vn 0.0256 -0.5925 -0.8052
vn -0.0821 -0.5310 -0.8434
vn 0.0514 -0.5754 -0.8163
vn 0.3631 0.3435 -0.8661
vn 0.3928 -0.5464 -0.7397
vn 0.0208 -0.7412 -0.6710
vn 0.2865 0.1415 -0.9476
vn 0.3623 0.5500 -0.7524
vn -0.0114 -0.1130 -0.9935
vn -0.2398 0.0834 -0.9672
vn 0.0239 0.5064 -0.8619
vn 0.2626 0.8743 -0.4083
vn 0.3118 0.8611 -0.4016
vn 0.4057 -0.2947 -0.8652
vn 0.2401 0.9070 -0.3460
vn 0.0345 0.5120 -0.8583
vn 0.3157 0.8472 -0.4273
vn -0.0309 0.8796 -0.4746
vn -0.1297 0.2057 -0.9700
vn -0.1253 -0.0918 -0.9879
vn -0.5066 0.8033 -0.3133
vn -0.1972 0.8515 -0.4858
vn -0.9305 0.1922 0.3118
vn 0.4215 0.8617 -0.2825
vn -0.1260 -0.7384 -0.6625
vn -0.0004 0.5169 -0.8560
vn 0.0964 -0.6718 -0.7344
vn 0.2087 -0.2004 -0.9572
vn -0.3636 0.1351 -0.9217
vn -0.3691 0.6030 -0.7073
vn -0.5657 0.7401 -0.3636
vn 0.2438 0.8075 -0.5372
vn -0.5990 0.2195 -0.7701
vn -0.5012 0.4661 -0.7291
vn -0.4525 0.5962 -0.6632
vn -0.2305 0.8506 -0.4725
vn -0.2363 0.4849 -0.8421
vn -0.1309 0.5553 -0.8213
vn -0.3508 -0.0508 -0.9351
vn -0.5831 0.5430 -0.6042
vn -0.1892 0.9269 -0.3241
vn -0.0711 0.9379 -0.3396
vn -0.4746 0.8715 -0.1237
vn -0.1352 -0.1022 -0.9855
vn -0.2630 0.2956 -0.9184
vn -0.2995 -0.0764 -0.9510
vn -0.6299 0.4071 -0.6614
vn -0.5342 0.2717 -0.8005
vn -0.5118 0.5448 -0.6642
vn -0.2381 0.8020 -0.5479
vn -0.4976 0.2739 -0.8230
vn -0.1601 0.9686 -0.1901
vn -0.3047 0.8211 -0.4827
vn -0.5613 0.4413 -0.7002
vn -0.5220 0.8504 -0.0667
vn 0.0778 0.7781 -0.6233
vn -0.5483 -0.0227 -0.8360
vn -0.5541 0.4056 -0.7270
vn 0.1794 0.7490 -0.6378
vn -0.4638 0.6851 -0.5617
vn -0.4235 0.8537 -0.3030
vn -0.3449 0.8430 -0.4129
vn -0.2064 0.8992 -0.3858
vn 0.1729 0.8477 -0.5015
vn -0.5874 0.1513 -0.7950
vn -0.2046 0.2307 -0.9513
vn -0.3901 -0.3355 -0.8574
vn -0.3782 0.8838 -0.2753
vn -0.4567 -0.2990 -0.8379
vn -0.6069 0.1251 -0.7849
vn 0.3448 0.9281 -0.1403
vn -0.3523 0.8372 -0.4182
vn -0.4518 0.7622 -0.4635
vn -0.4508 0.8345 -0.3168
vn -0.5717 0.0241 -0.8201
vn -0.1307 0.9370 -0.3238
vn -0.6919 -0.5447 -0.4739
vn -0.6816 0.5882 -0.4353
vn -0.2264 0.8238 -0.5197
vn -0.3474 0.8487 -0.3987
vn 0.1438 0.8342 -0.5324
vn -0.6230 0.0154 -0.7821
vn -0.6531 0.4016 -0.6420
vn -0.3122 0.8095 -0.4973
vn -0.6471 -0.2362 -0.7249
vn -0.7762 0.5872 -0.2296
vn -0.8261 -0.1102 -0.5526
vn -0.7433 0.6689 -0.0071
vn -0.4730 0.8403 -0.2648
vn -0.1711 0.8913 -0.4200
vn -0.6180 -0.0159 -0.7860
vn -0.7288 -0.3575 -0.5840
vn -0.5104 0.8378 -0.1941
vn -0.6115 0.3950 -0.6855
vn -0.3153 0.8351 -0.4507
vn -0.3587 0.8457 -0.3950
vn -0.5998 -0.4787 -0.6411
vn -0.5787 0.8127 -0.0685
vn -0.7051 0.7042 0.0832
vn -0.5535 0.1812 -0.8129
vn -0.3329 0.8559 -0.3959
vn -0.3352 0.8552 -0.3954
vn -0.8949 0.3184 -0.3126
vn -0.4235 -0.5274 -0.7366
vn -0.6744 0.7380 -0.0221
vn -0.8027 -0.2624 -0.5356
vn -0.6723 -0.5819 -0.4575
vn -0.6339 0.7499 0.1893
vn -0.3633 0.8397 -0.4036
vn -0.6807 -0.7141 -0.1636
vn -0.8763 -0.3715 -0.3068
vn -0.3584 0.9333 0.0215
vn -0.7603 0.6334 -0.1440
vn -0.7937 -0.2433 -0.5576
vn -0.2738 0.8550 -0.4404
vn -0.4737 0.7495 -0.4625
vn -0.5300 0.8474 0.0308
vn -0.8495 -0.5191 -0.0942
vn -0.8719 0.4863 -0.0573
vn -0.4727 0.8758 -0.0974
vn -0.8266 -0.3060 -0.4724
vn -0.4164 0.9037 -0.0994
vn -0.9753 0.1639 -0.1483
vn -0.3616 0.9255 -0.1125
vn -0.9154 0.2507 -0.3150
vn -0.8122 -0.5260 -0.2522
vn -0.4087 0.8934 -0.1869
vn -0.8421 -0.0281 -0.5386
vn -0.9528 0.0102 -0.3035
vn -0.6759 -0.3485 -0.6494
vn -0.8404 0.1535 -0.5198
vn -0.9267 -0.1863 0.3264
vn -0.9407 0.1063 0.3222
vn -0.9725 0.0940 0.2131
vn -0.4235 0.8697 0.2535
vn -0.9706 0.1055 -0.2161
vn -0.4868 0.8433 -0.2277
vn -0.5678 0.7926 -0.2223
vn -0.3608 0.9285 -0.0875
vn -0.8147 -0.5244 -0.2477
vn -0.3710 -0.7662 -0.5247
vn -0.9305 -0.2497 -0.2680
vn -0.9846 -0.0824 -0.1539
vn -0.3568 -0.6975 -0.6214
vn -0.8413 -0.4414 0.3120
vn -0.9894 -0.0997 0.1054
vn -0.5053 0.8570 -0.1006
vn -0.8995 -0.1773 0.3994
vn -0.4586 0.8865 0.0625
vn -0.8732 0.4744 -0.1116
vn -0.9948 -0.0875 -0.0523
vn -0.4410 0.8813 -0.1702
vn -0.5971 0.7864 0.1584
vn -0.4641 0.8253 0.3218
vn -0.7881 0.5766 -0.2155
vn -0.8651 0.4477 -0.2261
vn -0.9259 0.1982 -0.3216
vn -0.6607 0.7027 -0.2641
vn -0.5872 0.7770 -0.2270
vn -0.5338 0.7922 -0.2957
vn -0.5103 0.7976 -0.3217
vn -0.4974 0.8126 -0.3039
vn -0.9687 -0.0673 0.2389
vn -0.9770 0.0902 0.1930
vn -0.5519 0.8315 -0.0631
vn -0.6131 0.7900 -0.0020
vn -0.4720 0.8809 -0.0363
vn -0.5050 0.8595 -0.0784
vn -0.4369 0.8522 0.2880
vn -0.4031 0.8986 0.1735
vn -0.6062 0.7927 -0.0641
vn -0.5785 0.7686 -0.2732
vn -0.9468 0.0030 -0.3219
vn -0.9803 -0.1582 0.1183
vn -0.9522 -0.2761 0.1307
vn -0.9850 0.0882 0.1482
vn -0.9353 0.2871 0.2067
vn -0.6111 0.7610 0.2179
vn -0.5520 0.8088 0.2030
vn -0.4594 0.8393 0.2908
vn -0.4663 0.8363 0.2884
vn -0.9961 0.0414 -0.0783
vn -0.9592 0.2283 0.1667
vn -0.6179 0.7597 0.2027
vn -0.6349 0.7699 0.0642
vn -0.5944 0.7453 -0.3022
vn -0.5753 0.7666 -0.2853
vn -0.9845 -0.1200 0.1282
vn -0.9165 0.1599 0.3667
vn -0.5751 0.8005 0.1685
vn -0.5278 0.8487 -0.0336
vn -0.6015 0.7167 -0.3530
vn -0.5399 0.6165 -0.5731
vn -0.8091 -0.1496 0.5683
vn -0.8746 0.2697 0.4028
vn -0.4854 0.8623 0.1445
vn -0.4733 0.8740 0.1105
vn -0.3588 0.9033 0.2349
vn -0.4552 0.8878 0.0682
vn -0.8447 0.0707 0.5306
vn -0.8903 0.3473 0.2947
vn -0.6008 0.7914 0.1133
vn -0.3182 0.7648 0.5602
vn -0.9836 -0.0947 0.1538
vn -0.9304 -0.0628 0.3610
vn -0.9421 0.0964 0.3213
vn -0.9001 0.2997 0.3163
vn -0.5992 0.7664 0.2316
vn -0.3955 0.9017 0.1746
vn -0.2686 0.7847 0.5586
vn -0.1908 0.7345 0.6513
vn -0.0459 0.6228 0.7810
vn -0.3954 0.8872 0.2377
vn -0.5623 0.7537 -0.3401
vn -0.5401 0.5387 -0.6467
vn -0.5038 0.8606 -0.0746
vn -0.1991 0.7757 0.5989
vn -0.4484 0.8185 0.3591
vn -0.9209 0.3367 0.1964
vn -0.9876 -0.0819 0.1338
vn -0.5429 0.8347 0.0927
vn -0.9376 0.0092 0.3477
vn -0.9827 0.1234 0.1383
vn -0.7599 -0.3410 0.5534
vn -0.8333 -0.3156 0.4538
vn -0.9964 0.0850 -0.0029
vn -0.9964 0.0849 -0.0073
vn -0.9722 0.1830 0.1461
vn -0.9573 0.0285 0.2877
vn -0.8290 -0.0854 0.5527
vn -0.5167 0.8431 0.1489
vn -0.5818 0.8112 0.0596
vn -0.8427 0.1047 0.5282
vn -0.7231 -0.5418 0.4284
vn -0.4024 0.8641 0.3022
vn -0.8404 -0.2794 0.4644
vn -0.4677 0.8521 0.2349
vn -0.4590 0.8031 0.3798
vn -0.4503 0.8802 0.1497
vn -0.5979 0.7884 0.1447
vn -0.4066 0.8880 0.2149
vn -0.4976 0.8657 0.0543
vn -0.8535 0.3194 0.4116
vn -0.5505 0.7880 0.2757
vn -0.4150 0.9088 0.0429
vn -0.4995 0.8593 -0.1104
vn -0.9061 0.0960 0.4120
vn -0.8649 0.3112 0.3938
vn -0.5694 0.7797 0.2605
vn -0.3910 0.8989 0.1979
vn -0.4388 0.8986 -0.0030
vn -0.4920 0.8697 0.0404
vn -0.7667 -0.4104 0.4937
vn -0.8236 -0.0700 0.5628
vn -0.7776 0.2619 0.5716
vn -0.8657 -0.0938 0.4917
vn -0.5665 0.7582 0.3228
vn -0.5744 0.8036 0.1559
vn -0.5652 0.8218 0.0717
vn -0.4913 0.8686 0.0640
vn -0.6108 0.7822 -0.1228
vn -0.4728 0.8487 0.2369
vn -0.4007 0.8571 0.3238
vn -0.4979 0.8602 -0.1103
vn -0.5522 0.7952 -0.2504
vn -0.4400 0.8867 0.1417
vn -0.2654 0.8101 0.5228
vn -0.3113 0.8236 0.4741
vn -0.4502 0.8625 0.2310
vn -0.3802 0.9009 0.2092
vn -0.5888 0.7663 0.2571
vn -0.8798 0.2999 0.3688
vn -0.9176 0.0965 0.3856
vn -0.9161 -0.0916 0.3904
vn -0.9060 -0.0923 0.4131
vn -0.8764 0.1002 0.4710
vn -0.8603 -0.2784 0.4271
vn -0.5152 0.8186 0.2539
vn -0.8628 -0.0840 0.4986
vn -0.8057 0.0994 0.5839
vn -0.3983 0.5910 0.7015
vn -0.6921 -0.3861 0.6099
vn -0.4413 0.8638 0.2429
vn -0.7651 0.0978 0.6365
vn -0.5614 0.8204 0.1080
vn -0.6378 0.7690 0.0428
vn -0.7404 0.1048 0.6640
vn -0.5770 0.6758 0.4587
vn -0.6159 0.7770 0.1303
vn -0.5749 0.6906 0.4388
vn -0.7588 -0.0279 0.6508
vn -0.7506 0.2135 0.6253
vn -0.6308 -0.5418 0.5555
vn -0.3240 0.9102 0.2581
vn -0.4725 0.8682 0.1517
vn -0.7733 0.0893 0.6277
vn -0.7572 -0.1804 0.6278
vn -0.5644 0.6806 0.4672
vn -0.3699 0.8531 0.3679
vn -0.7581 0.2353 0.6082
vn -0.6456 -0.6221 0.4429
vn -0.4268 0.8413 0.3318
vn -0.7799 -0.1805 0.5993
vn -0.4311 0.7809 0.4521
vn -0.0130 0.7067 0.7074
vn -0.4196 0.5324 0.7352
vn -0.7297 -0.0116 0.6837
vn -0.6875 0.2069 0.6961
vn -0.6274 0.1429 0.7655
vn -0.4726 0.7497 0.4633
vn -0.5221 0.7790 0.3472
vn -0.1003 0.8991 0.4260
vn 0.1233 0.7376 0.6639
vn -0.3114 0.8775 0.3646
vn -0.5657 0.8192 0.0945
vn -0.7097 0.6554 -0.2585
vn -0.4672 0.8671 0.1727
vn -0.2312 0.8699 0.4356
vn -0.0085 0.7424 0.6699
vn -0.2165 0.8519 0.4769
vn -0.3633 0.8352 0.4128
vn -0.5990 -0.6227 0.5035
vn -0.7791 0.0963 0.6195
vn -0.7738 -0.2343 0.5885
vn -0.6455 0.7622 0.0492
vn -0.6959 -0.1478 0.7028
vn -0.5528 0.2483 0.7955
vn -0.4027 0.6726 0.6209
vn -0.3050 0.8476 0.4342
vn -0.2913 0.6860 0.6668
vn -0.1669 0.9308 0.3253
vn -0.2587 0.9131 0.3151
vn -0.2790 0.8519 0.4433
vn -0.4264 0.8251 0.3706
vn -0.5438 0.7136 0.4417
vn -0.1257 0.8027 0.5830
vn -0.5948 0.7806 0.1919
vn -0.6162 0.1292 0.7769
vn -0.4899 0.5410 0.6836
vn -0.4921 -0.5442 0.6794
vn -0.2548 0.8854 0.3887
vn -0.3947 0.8526 0.3424
vn -0.6213 0.1993 0.7578
vn -0.3526 0.8468 0.3981
vn -0.3889 0.8892 0.2410
vn -0.1563 0.9380 0.3096
vn 0.1427 0.8079 0.5718
vn -0.2922 0.8748 0.3864
vn -0.5686 -0.1270 0.8127
vn -0.4412 0.2688 0.8562
vn -0.3902 0.8488 0.3569
vn -0.3548 0.6884 0.6326
vn -0.2430 0.8142 0.5273
vn -0.2572 0.8248 0.5036
vn -0.3810 0.8750 0.2988
vn -0.4536 0.8874 0.0827
vn -0.1421 0.8605 0.4892
vn 0.1324 0.8009 0.5839
vn -0.5440 -0.5456 0.6375
vn -0.5882 0.2264 0.7764
vn -0.4231 0.7377 0.5261
vn -0.6833 -0.1646 0.7113
vn -0.6290 -0.1478 0.7632
vn -0.6531 -0.1177 0.7481
vn -0.6074 -0.0967 0.7885
vn -0.3735 0.7526 0.5424
vn -0.4050 0.5531 0.7280
vn -0.4357 0.8209 0.3693
vn -0.6944 0.0198 0.7193
vn -0.3423 0.8898 0.3017
vn -0.5842 0.7801 0.2239
vn -0.4519 0.1975 0.8699
vn -0.4310 0.4018 0.8080
vn -0.3251 0.8801 0.3460
vn -0.2768 0.8846 0.3753
vn -0.3290 0.4570 0.8264
vn -0.5901 0.7763 -0.2216
vn -0.2253 0.8511 0.4742
vn -0.4573 0.8357 0.3040
vn -0.4206 0.2969 0.8573
vn -0.2989 0.8323 0.4668
vn -0.4788 0.8112 0.3357
vn -0.3618 0.8224 0.4390
vn -0.1666 0.8797 0.4454
vn -0.2291 0.7634 0.6039
vn -0.4259 -0.6272 0.6521
vn -0.2128 -0.5423 0.8128
vn -0.4463 0.2445 0.8608
vn -0.4056 0.7514 0.5204
vn -0.3692 0.7549 0.5421
vn -0.3958 0.8857 0.2428
vn -0.3550 0.8050 0.4754
vn -0.3565 0.8750 0.3274
vn -0.5741 0.1661 0.8017
vn -0.1872 0.7502 0.6341
vn -0.5540 0.1246 0.8231
vn -0.4007 0.8545 0.3306
vn -0.4768 -0.1863 0.8590
vn -0.3027 0.1366 0.9432
vn -0.4078 0.2476 0.8789
vn -0.4601 0.2163 0.8611
vn -0.3211 0.6550 0.6840
vn -0.2509 0.5965 0.7623
vn -0.1547 0.8395 0.5208
vn -0.4791 0.2249 0.8485
vn -0.4321 0.0795 0.8983
vn -0.4384 0.1635 0.8838
vn -0.2698 0.7568 0.5953
vn -0.4562 0.1898 0.8694
vn -0.3242 0.5990 0.7322
vn -0.4401 0.1995 0.8755
vn -0.3841 0.1156 0.9160
vn -0.2550 0.7495 0.6110
vn 0.1825 0.8987 -0.3987
vn -0.3440 0.5862 0.7335
vn -0.2878 0.7511 0.5941
vn -0.7404 0.2215 0.6346
vn -0.1661 -0.4222 0.8912
vn -0.3583 0.0022 0.9336
vn -0.2967 0.2720 0.9154
vn -0.2760 0.4644 0.8415
vn -0.2039 0.6794 0.7049
vn -0.1578 0.7337 0.6609
vn -0.1801 0.8017 0.5699
vn -0.3376 0.8498 0.4048
vn -0.1987 0.9037 0.3793
vn 0.0922 0.8880 0.4505
vn -0.2033 0.8854 0.4181
vn -0.5049 0.7517 0.4243
vn -0.3005 0.8387 0.4542
vn 0.0972 0.8447 0.5263
vn -0.2833 0.8623 0.4198
vn -0.4320 -0.0225 0.9016
vn -0.3267 0.7603 0.5615
vn -0.2346 0.7912 0.5648
vn -0.4368 0.5435 0.7168
vn -0.3404 0.2101 0.9165
vn -0.3340 0.0204 0.9423
vn -0.3221 -0.2125 0.9225
vn -0.0283 0.1226 0.9921
vn -0.0143 0.2929 0.9560
vn -0.0212 0.4654 0.8849
vn -0.0117 0.5948 0.8038
vn -0.1639 0.7347 0.6583
vn -0.2015 0.8738 0.4426
vn -0.0483 0.1144 0.9923
vn -0.0407 0.2970 0.9540
vn -0.0566 0.4612 0.8855
vn -0.0216 0.6495 0.7601
vn 0.0438 0.7526 0.6571
vn 0.0678 0.8414 0.5361
vn -0.0938 0.1106 0.9894
vn -0.0823 0.3068 0.9482
vn -0.0511 0.4474 0.8929
vn -0.1373 0.6261 0.7675
vn -0.1704 0.7479 0.6415
vn -0.0911 0.8166 0.5700
vn -0.1413 0.0992 0.9850
vn -0.1156 0.2863 0.9511
vn -0.0999 0.4814 0.8708
vn -0.0603 0.6832 0.7277
vn -0.1708 0.7400 0.6505
vn -0.1962 0.8438 0.4994
vn -0.1603 0.4687 0.8687
vn -0.0849 0.6678 0.7395
vn -0.0144 0.8078 0.5892
vn -0.2688 0.8189 0.5071
vn -0.0281 0.7729 0.6340
vn -0.0087 -0.0737 0.9972
vn -0.0000 0.1377 0.9905
vn 0.0240 0.3004 0.9535
vn 0.0374 0.4524 0.8910
vn 0.0111 0.5846 0.8112
vn -0.0161 0.7149 0.6990
vn -0.1215 0.8115 0.5716
vn -0.5058 0.7361 0.4498
vn 0.0412 0.8883 0.4574
vn 0.2380 0.8828 0.4051
vn 0.0093 0.8682 0.4962
vn -0.4624 0.7607 0.4554
vn -0.1874 0.8345 0.5181
vn 0.2656 0.7946 0.5459
vn -0.0431 0.8757 0.4809
vn 0.0460 0.7901 0.6113
vn -0.1386 0.7825 0.6071
vn -0.4534 0.2498 0.8556
vn -0.1586 0.6679 0.7271
vn -0.2702 -0.2146 0.9386
vn -0.1739 -0.0913 0.9805
vn -0.1088 -0.0907 0.9899
vn -0.0815 -0.0819 0.9933
vn -0.0723 -0.0931 0.9930
vn -0.0345 -0.0778 0.9964
vn 0.2815 0.6111 0.7398
vn 0.1127 0.9205 0.3742
vn 0.0737 0.6499 0.7564
vn 0.2824 0.8712 0.4016
vn 0.1607 0.5918 0.7899
vn 0.0590 0.8575 0.5111
vn 0.3077 0.1173 0.9442
vn 0.1337 0.3539 0.9257
vn 0.1208 0.2946 0.9479
vn 0.0951 0.5368 0.8383
vn 0.1249 0.8650 0.4859
vn 0.0315 0.1356 0.9903
vn 0.0275 0.2955 0.9549
vn 0.2970 0.7587 0.5798
vn 0.0831 0.8492 0.5214
vn 0.0775 0.9548 0.2869
vn 0.1070 0.8916 0.4401
vn 0.1330 0.8930 0.4299
vn 0.0539 0.8724 0.4859
vn 0.0645 0.7800 0.6224
vn -0.1628 0.8452 0.5091
vn 0.3165 0.7789 0.5414
vn 0.0553 0.7143 0.6976
vn 0.0282 0.5846 0.8108
vn -0.0034 0.4524 0.8918
vn 0.0072 0.3002 0.9538
vn 0.0125 0.1378 0.9904
vn 0.0144 -0.0678 0.9976
vn 0.0311 -0.0667 0.9973
vn 0.1021 0.5496 0.8292
vn -0.0071 0.9779 0.2090
vn 0.1877 0.9008 0.3915
vn 0.1226 0.8857 0.4478
vn 0.1388 0.8130 0.5655
vn 0.2589 -0.4932 0.8305
vn 0.2528 -0.1595 0.9543
vn 0.0207 -0.6737 0.7387
vn 0.1097 0.7789 0.6175
vn 0.2031 0.5295 0.8236
vn 0.1927 0.3005 0.9341
vn -0.3523 0.8714 0.3415
vn 0.0747 0.8172 0.5716
vn 0.1126 0.9602 0.2555
vn 0.2486 0.6610 0.7080
vn 0.3114 0.4430 0.8407
vn 0.1478 0.9229 0.3555
vn 0.4714 0.4383 0.7653
vn 0.1775 0.9221 0.3439
vn 0.5004 0.7294 0.4665
vn 0.5668 0.4018 0.7193
vn 0.4371 0.7010 0.5634
vn 0.3078 0.2905 0.9060
vn 0.1026 0.8666 0.4884
vn 0.2680 0.7891 0.5527
vn 0.3290 0.8906 0.3140
vn -0.3387 0.9370 0.0850
vn -0.2966 0.9481 0.1151
vn 0.1723 -0.1702 0.9702
vn 0.6614 0.1780 0.7286
vn 0.2007 0.9478 0.2479
vn 0.6450 0.1795 0.7428
vn 0.6133 0.3661 0.6999
vn 0.5899 0.5035 0.6312
vn 0.3104 0.8738 0.3744
vn 0.6056 0.1766 0.7759
vn 0.6135 0.5352 0.5807
vn 0.3007 0.8813 0.3645
vn 0.6188 0.5513 0.5596
vn 0.6209 0.1777 0.7634
vn 0.5627 0.3348 0.7558
vn 0.1617 0.9108 0.3799
vn 0.6057 0.1987 0.7705
vn 0.4709 0.5990 0.6476
vn 0.5707 0.1753 0.8022
vn 0.3201 0.8615 0.3941
vn 0.6894 -0.0419 0.7232
vn 0.6883 0.1912 0.6997
vn 0.6693 0.3625 0.6486
vn 0.6210 0.3784 0.6864
vn 0.2697 0.9626 -0.0270
vn 0.1390 0.9461 0.2926
vn 0.5128 0.5118 0.6893
vn 0.5758 0.1500 0.8037
vn 0.5474 -0.0391 0.8360
vn 0.5742 -0.0348 0.8180
vn 0.6029 -0.0233 0.7975
vn 0.6300 -0.0228 0.7763
vn 0.6530 -0.0225 0.7570
vn 0.6404 -0.0544 0.7661
vn 0.6700 -0.0427 0.7411
vn 0.7985 0.1939 0.5699
vn 0.4016 0.8684 0.2908
vn 0.1650 0.9595 0.2282
vn 0.4276 0.8984 0.1001
vn 0.6475 0.5667 0.5095
vn 0.6592 0.5555 0.5069
vn 0.7451 0.1867 0.6403
vn 0.4979 0.7267 0.4732
vn 0.7617 0.1940 0.6183
vn 0.4601 0.6948 0.5528
vn 0.7165 0.3742 0.5887
vn 0.7412 0.2014 0.6403
vn 0.6968 0.3674 0.6161
vn 0.7558 0.4076 0.5125
vn 0.7190 0.1941 0.6674
vn 0.8269 -0.0275 0.5617
vn 0.7971 0.2239 0.5608
vn 0.7583 0.4113 0.5058
vn 0.7941 0.1871 0.5782
vn 0.7119 0.5095 0.4833
vn -0.0815 0.9794 0.1845
vn 0.4114 0.8493 0.3307
vn 0.6559 0.7448 0.1225
vn 0.5445 0.6807 0.4901
vn 0.3206 0.8718 0.3704
vn 0.6133 0.5513 0.5656
vn 0.3179 0.8722 0.3716
vn 0.6696 0.3626 0.6482
vn 0.7020 0.1913 0.6860
vn 0.7138 -0.0310 0.6996
vn 0.7335 -0.0314 0.6789
vn 0.7461 -0.0216 0.6655
vn 0.7703 -0.0160 0.6375
vn 0.7905 -0.0158 0.6122
vn 0.7888 -0.0488 0.6128
vn 0.8022 -0.0397 0.5958
vn 0.5192 0.8521 -0.0662
vn 0.9026 0.2095 0.3760
vn 0.2631 0.9537 0.1457
vn 0.4033 0.9122 0.0727
vn 0.8995 -0.0034 0.4370
vn 0.8615 0.2275 0.4540
vn 0.6153 0.7263 0.3064
vn 0.7824 0.2014 0.5894
vn 0.8711 0.2082 0.4448
vn -0.0395 0.8967 0.4409
vn 0.5931 0.7054 0.3881
vn 0.9331 0.2572 0.2514
vn 0.9071 -0.0020 0.4209
vn 0.8400 0.4145 0.3500
vn 0.6588 0.6407 0.3942
vn 0.8462 0.4315 0.3127
vn 0.7525 0.5821 0.3082
vn 0.3745 0.9245 0.0716
vn 0.6108 0.7233 0.3222
vn 0.4175 0.8766 0.2393
vn 0.2276 0.9341 0.2751
vn 0.6178 0.7262 0.3016
vn 0.8246 0.2104 0.5252
vn 0.8250 0.2106 0.5244
vn 0.8334 -0.0255 0.5521
vn 0.8469 -0.0306 0.5309
vn 0.8642 -0.0222 0.5026
vn 0.8756 -0.0135 0.4829
vn 0.8924 -0.0133 0.4510
vn 0.9076 -0.0009 0.4199
vn 0.9805 0.0773 0.1808
vn 0.5514 0.8342 0.0122
vn 0.7633 0.6021 0.2342
vn 0.9433 0.3225 -0.0780
vn 0.2474 0.9532 -0.1741
vn 0.5160 0.8518 0.0900
vn 0.5186 0.8528 -0.0619
vn 0.9283 0.0031 0.3717
vn 0.4820 0.8746 0.0516
vn 0.3922 0.9063 -0.1572
vn 0.5500 0.7779 0.3039
vn 0.9215 0.1987 -0.3338
vn 0.5708 0.8146 0.1031
vn 0.2460 0.9578 -0.1488
vn 0.9495 -0.0095 0.3135
vn 0.9098 0.2010 0.3633
vn 0.8448 0.4104 0.3433
vn 0.9411 -0.0080 0.3380
vn 0.7921 0.5693 0.2202
vn 0.9625 -0.0092 0.2710
vn 0.9205 -0.2224 0.3213
vn 0.9608 -0.2264 0.1602
vn 0.3253 0.9456 -0.0083
vn 0.6772 0.7167 0.1663
vn 0.3122 0.9422 -0.1213
vn 0.2635 0.9508 -0.1630
vn 0.4818 0.8760 -0.0208
vn 0.8115 0.5718 0.1200
vn 0.3310 0.9375 0.1077
vn 0.9971 -0.0580 -0.0488
vn 0.9149 -0.3433 -0.2123
vn 0.2913 0.9564 -0.0225
vn 0.5287 0.8267 -0.1927
vn 0.8555 0.5178 0.0087
vn 0.9785 0.2049 0.0216
vn 0.9918 0.0055 -0.1273
vn 0.8823 -0.4673 -0.0570
vn 0.1750 0.9744 0.1413
vn 0.3779 0.8678 -0.3226
vn 0.7997 0.5446 0.2530
vn 0.9049 -0.4064 -0.1265
vn 0.9530 0.2734 0.1303
vn 0.9294 0.1445 -0.3397
vn 0.1709 0.9575 -0.2322
vn 0.2879 0.9525 0.0988
vn 0.6933 0.7186 -0.0547
vn 0.9472 0.3098 -0.0829
vn 0.9746 -0.0971 -0.2016
vn 0.6525 0.7423 -0.1526
vn 0.3950 0.8993 -0.1875
vn 0.4801 0.8638 0.1525
vn 0.6803 0.7146 0.1626
vn 0.8576 -0.5050 0.0979
vn 0.9160 0.0184 -0.4008
vn 0.8176 -0.4265 -0.3868
vn 0.5867 -0.6937 -0.4179
vn 0.6514 0.7373 -0.1790
vn 0.7201 0.6854 0.1079
vn 0.1058 0.9849 -0.1373
vn 0.4845 0.8381 -0.2506
vn 0.6259 -0.7008 -0.3423
vn 0.5829 0.7530 -0.3054
vn 0.4606 0.7746 -0.4335
vn 0.4247 0.8081 -0.4082
vn 0.1838 0.7545 -0.6301
vn 0.5324 0.8087 -0.2500
vn 0.5709 -0.7095 -0.4131
vn 0.5705 0.7681 -0.2908
vn 0.6546 0.7226 -0.2223
vn 0.2932 0.8643 -0.4088
vn 0.4347 0.8611 -0.2635
vn 0.5118 0.8254 -0.2383
vn 0.2491 0.9480 -0.1982
vn 0.8328 0.2258 -0.5055
vn 0.2256 0.8969 -0.3804
vn 0.8088 -0.2953 -0.5086
vn 0.5115 0.7399 -0.4369
vn 0.8235 0.4858 -0.2931
vn 0.5291 0.5890 -0.6108
vn 0.5793 0.8090 0.0996
vn -0.5353 0.6617 -0.5251
vn 0.0666 0.9218 -0.3819
vn 0.5427 0.8119 -0.2151
vn 0.6081 0.7868 -0.1055
vn 0.6550 0.7049 0.2723
vn 0.6874 -0.5673 -0.4535
vn 0.4642 0.8853 0.0275
vn 0.3770 0.7949 -0.4754
vn -0.3345 0.3190 0.8868
vn 0.0501 0.9224 -0.3831
vn 0.2326 0.9537 -0.1908
vn -0.4195 0.5667 -0.7091
vn 0.5129 0.7795 -0.3596
vn 0.6758 0.4843 -0.5556
vn 0.7251 -0.3042 -0.6178
vn 0.2868 0.8304 -0.4776
vn 0.8212 -0.4250 -0.3808
vn -0.2461 0.8116 0.5299
vn 0.6623 -0.1013 -0.7423
vn 0.3871 0.7762 -0.4976
vn 0.2741 0.4894 -0.8279
vn -0.0280 0.8179 -0.5747
vn 0.3370 0.8477 -0.4097
vn 0.4439 0.8936 -0.0665
vn 0.4740 0.8334 -0.2842
vn 0.5961 -0.3584 -0.7185
vn 0.5484 0.3758 -0.7470
vn 0.4414 -0.0631 -0.8951
vn 0.3642 -0.1740 -0.9149
vn 0.4790 0.8474 -0.2292
vn 0.1993 0.5795 -0.7902
vn 0.3890 -0.6706 -0.6317
vn 0.3695 0.2716 -0.8886
vn 0.2093 0.8909 -0.4031
vn 0.3392 0.5551 -0.7595
vn 0.4947 -0.3635 -0.7894
vn 0.7684 -0.6240 -0.1417
vn 0.6749 0.1324 -0.7259
vn 0.4143 -0.0904 -0.9056
vn 0.2292 0.8690 -0.4385
vn -0.1259 -0.7418 -0.6587
vn 0.2644 0.9131 -0.3104
vn 0.2057 0.7216 -0.6610
vn -0.0403 0.9279 -0.3707
vn -0.7414 0.6521 -0.1584
vn 0.3897 0.8185 -0.4221
vn -0.0110 0.8911 -0.4537
vn -0.1729 0.8576 -0.4843
vn 0.4336 -0.5829 -0.6872
vn 0.3895 -0.5863 -0.7103
vn -0.0852 0.8779 -0.4711
vn 0.0439 -0.3695 -0.9282
vn 0.4891 0.3046 -0.8173
vn 0.2448 0.9433 -0.2241
vn -0.2022 -0.0709 -0.9768
vn 0.1426 0.6235 -0.7687
vn 0.3078 0.0633 -0.9493
vn 0.1066 0.7791 -0.6178
vn -0.5110 0.7471 -0.4251
vn -0.0524 0.8096 -0.5846
vn 0.3412 -0.6116 -0.7138
vn 0.6312 -0.0313 -0.7750
vn -0.0176 0.8710 -0.4909
vn -0.0402 0.8505 -0.5244
vn 0.3170 0.8969 -0.3084
vn 0.3143 0.8847 -0.3442
vn 0.1821 0.9075 -0.3784
vn 0.2060 0.9206 -0.3318
vn 0.2084 0.8937 -0.3973
vn 0.3095 0.8946 -0.3223
vn 0.3135 0.8846 -0.3452
vn 0.1436 0.9019 -0.4075
vn -0.0726 0.8869 -0.4562
vn 0.4639 0.8311 -0.3067
vn 0.3682 0.8609 -0.3512
vn 0.3414 0.8565 -0.3871
vn -0.1179 0.8914 -0.4376
vn -0.0636 0.8835 -0.4641
vn 0.3392 0.8807 -0.3306
vn 0.3274 0.8743 -0.3583
vn 0.5982 0.7367 -0.3152
vn -0.0993 0.8885 -0.4480
vn -0.0700 0.9275 -0.3672
vn 0.1621 0.9086 -0.3849
vn 0.0967 0.9158 -0.3899
vn -0.0104 0.8691 -0.4946
vn -0.1244 0.9192 -0.3736
vn 0.2815 0.8860 -0.3685
vn 0.0586 0.8598 -0.5073
vn 0.4948 0.8196 -0.2888
vn 0.4627 0.8250 -0.3246
vn 0.2243 0.9067 -0.3573
vn 0.3018 0.8943 -0.3305
vn 0.0180 0.9262 -0.3766
vn 0.0496 0.9241 -0.3790
vn 0.3347 0.8778 -0.3429
vn -0.0232 0.9253 -0.3785
vn 0.6107 0.7119 -0.3469
vn 0.1967 0.9077 -0.3706
vn 0.1952 0.9013 -0.3868
vn 0.0129 0.9351 -0.3540
vn 0.0515 0.9233 -0.3805
vn 0.1318 0.8909 -0.4347
vn -0.0886 0.9151 -0.3935
vn -0.0206 0.8705 -0.4917
vn 0.2482 0.9115 -0.3279
vn 0.0973 0.9190 -0.3821
vn -0.1352 0.9152 -0.3796
vn 0.1417 0.8979 -0.4169
vn -0.0295 0.8638 -0.5030
vn 0.1637 0.9284 -0.3335
vn 0.0426 0.9079 -0.4169
vn -0.0673 0.8949 -0.4411
vn 0.1408 0.9249 -0.3531
vn -0.0555 0.9091 -0.4128
vn 0.0581 0.9149 -0.3994
vn -0.0276 0.9192 -0.3929
vn -0.1875 0.8804 -0.4357
vn 0.2739 0.9019 -0.3341
vn 0.0086 0.9438 -0.3304
vn -0.3719 0.8174 -0.4400
vn -0.0713 0.8968 -0.4367
vn -0.3180 0.8510 -0.4179
vn -0.0545 0.8589 -0.5092
vn 0.1975 0.9597 -0.1999
vn -0.0109 0.8882 -0.4594
vn -0.1012 0.9118 -0.3979
vn 0.1846 0.9255 -0.3306
vn 0.1378 0.9066 -0.3990
vn 0.1357 0.9216 -0.3638
vn 0.0323 0.9280 -0.3712
vn 0.2399 0.9248 -0.2953
vn -0.1604 0.8913 -0.4240
vn -0.0482 0.9100 -0.4117
vn -0.0027 0.9122 -0.4097
vn 0.0161 0.9142 -0.4050
vn 0.1313 0.9043 -0.4062
vn 0.2967 0.9151 -0.2730
vn 0.5511 0.8242 -0.1307
vn 0.3176 0.9198 -0.2305
vn 0.2867 0.9140 -0.2870
vn 0.1394 0.8958 -0.4221
vn 0.4273 0.7990 -0.4230
vn 0.1486 0.7234 -0.6743
vn 0.1460 0.9434 -0.2977
vn 0.0541 0.9432 -0.3279
vn 0.0913 0.9352 -0.3423
vn 0.1990 0.9306 -0.3073
vn 0.3678 0.9186 -0.1443
vn 0.0291 0.9141 -0.4044
vn 0.0322 0.9321 -0.3608
vn 0.2283 0.9217 -0.3137
vn 0.5271 0.8486 -0.0451
vn 0.2192 0.9308 -0.2926
vn 0.4503 0.8827 -0.1346
vn 0.1802 0.9222 -0.3421
vn 0.1867 0.9239 -0.3340
vn -0.1020 0.9177 -0.3840
vn -0.1508 0.8796 -0.4512
vn 0.0315 0.9280 -0.3712
vn 0.1965 0.9219 -0.3339
vn -0.4948 0.7071 -0.5051
vn -0.5210 0.6562 -0.5459
vn -0.5333 0.6342 -0.5598
vn -0.4161 0.7549 -0.5069
vn 0.0979 0.9289 -0.3573
vn -0.0662 0.8882 -0.4546
vn -0.1723 0.8737 -0.4550
vn 0.0555 0.9301 -0.3631
vn -0.0596 0.9351 -0.3494
vn -0.1779 0.9020 -0.3934
vn 0.0725 0.9226 -0.3789
vn 0.3233 0.9262 -0.1941
vn 0.2820 0.9250 -0.2547
vn 0.0790 0.9267 -0.3673
vn 0.1440 0.9315 -0.3341
vn 0.0437 0.9231 -0.3821
vn 0.0232 0.9099 -0.4142
vn 0.0331 0.9114 -0.4101
vn 0.4157 0.8800 -0.2297
vn 0.4013 0.8986 -0.1775
vn 0.4546 0.8906 -0.0120
vn 0.6382 0.7662 0.0748
vn 0.4392 0.8955 -0.0720
vn 0.3299 0.9312 -0.1551
vn 0.2414 0.9344 -0.2620
vn 0.1042 0.9296 -0.3535
vn 0.6014 0.7652 -0.2298
vn 0.4802 0.8771 -0.0112
vn 0.4904 0.8715 0.0046
vn 0.4301 0.9010 -0.0575
vn 0.3471 0.9266 -0.1446
vn 0.1407 0.9305 -0.3380
vn 0.4069 0.7852 -0.4667
vn 0.3654 0.9095 -0.1981
vn 0.3117 0.9380 -0.1518
vn 0.2455 0.9434 -0.2230
vn 0.0378 0.9106 -0.4115
vn -0.1375 0.8420 -0.5217
vn 0.4538 0.8903 -0.0379
vn 0.0953 0.9053 -0.4139
vn 0.2841 0.9499 -0.1302
vn 0.3361 0.9193 -0.2045
vn 0.3232 0.9145 -0.2433
vn 0.0633 0.9326 -0.3552
vn 0.4205 0.8936 -0.1572
vn 0.1801 0.9601 -0.2138
vn 0.5606 0.8280 0.0132
vn 0.7227 0.6726 0.1591
vn 0.0666 0.7300 -0.6802
vn -0.3138 0.7537 -0.5774
vn -0.0243 0.9047 -0.4253
vn -0.0642 0.8978 -0.4356
vn 0.0986 0.9416 -0.3220
vn 0.3025 0.9254 -0.2281
vn -0.0910 0.8764 -0.4730
vn -0.4180 0.6991 -0.5801
vn -0.3199 0.7390 -0.5930
vn -0.4208 0.6704 -0.6112
vn -0.4693 0.6045 -0.6437
vn 0.4692 0.8456 -0.2546
vn 0.3273 0.9290 -0.1729
vn 0.4012 0.9061 -0.1342
vn 0.5293 0.8477 0.0352
vn 0.6042 0.7880 0.1185
vn 0.6497 0.7456 0.1484
vn 0.5463 0.8375 0.0081
vn 0.5041 0.8623 -0.0477
vn 0.1254 0.9336 -0.3356
vn -0.1910 0.8378 -0.5116
vn -0.1905 0.7764 -0.6008
vn 0.2652 0.9081 -0.3241
vn 0.8105 0.5472 0.2089
vn 0.1741 0.9208 -0.3492
vn -0.0450 0.9359 -0.3494
vn 0.2548 0.9424 -0.2167
vn 0.0550 0.9446 -0.3237
vn -0.0542 0.9116 -0.4074
vn 0.0015 0.9172 -0.3985
vn 0.1488 0.9305 -0.3348
vn -0.0788 0.8620 -0.5007
vn 0.4765 0.8675 -0.1426
vn 0.6273 0.7574 0.1813
vn 0.2726 0.8911 -0.3629
vn 0.2514 0.9150 -0.3154
vn 0.0565 0.8047 -0.5910
vn 0.2748 0.9351 -0.2236
vn -0.4829 0.5962 -0.6413
vn 0.4880 0.8715 0.0477
vn 0.5290 0.8337 0.1586
vn 0.5853 0.7651 0.2685
vn 0.5505 0.8010 0.2352
vn 0.3858 0.9218 -0.0368
vn 0.1287 0.9337 -0.3341
vn 0.5857 0.8006 0.1266
vn 0.4058 0.9098 -0.0871
vn 0.4341 0.8952 0.1003
vn 0.4753 0.8679 0.1443
vn 0.4607 0.8873 0.0205
vn 0.5254 0.8345 0.1660
vn 0.5372 0.8405 0.0701
vn 0.4101 0.9110 0.0441
vn 0.3724 0.9281 -0.0060
vn 0.4768 0.8767 0.0637
vn 0.0953 0.9190 -0.3827
vn 0.4987 0.8667 0.0106
vn 0.3831 0.9237 0.0079
vn 0.3795 0.9252 0.0032
vn 0.4752 0.8778 0.0614
vn -0.4634 0.4328 -0.7733
vn -0.0678 0.8637 -0.4994
vn -0.0052 0.8898 -0.4563
vn -0.0136 0.8973 -0.4413
vn 0.0839 0.9227 -0.3763
vn 0.5822 0.7007 -0.4124
vn 0.0026 0.8759 -0.4825
vn -0.6188 0.2867 -0.7314
vn -0.4225 0.4959 -0.7586
vn -0.3727 0.5779 -0.7260
vn -0.5137 0.3643 -0.7768
vn 0.4186 0.8979 -0.1364
vn 0.3341 0.9342 -0.1254
vn 0.3863 0.9206 -0.0567
vn 0.3434 0.9364 -0.0724
vn 0.3338 0.9423 -0.0240
vn 0.5889 0.7461 0.3107
vn 0.4305 0.8900 -0.1502
vn 0.5503 0.8345 -0.0257
vn 0.4241 0.8661 -0.2648
vn 0.6789 0.7284 0.0922
vn 0.7934 0.2795 0.5408
vn 0.5764 0.8114 0.0975
vn -0.2666 0.7194 -0.6413
vn -0.2888 0.7596 -0.5828
vn -0.0369 0.8737 -0.4850
vn -0.1890 0.7988 -0.5711
vn -0.2447 0.7768 -0.5803
vn -0.0565 0.8551 -0.5154
vn 0.3474 0.9293 -0.1258
vn 0.4179 0.8726 -0.2528
vn 0.3544 0.8402 -0.4105
vn 0.3843 0.9009 -0.2016
vn 0.2026 0.9492 -0.2408
vn 0.4823 0.8252 0.2940
vn 0.4382 0.8822 0.1724
vn 0.1675 0.9355 -0.3111
vn 0.4010 0.8848 0.2371
vn 0.5008 0.7924 0.3482
vn 0.5165 0.8276 0.2198
vn 0.5400 0.8416 0.0116
vn 0.2953 0.9495 0.1058
vn 0.3880 0.9119 0.1341
vn 0.5088 0.8258 0.2431
vn 0.1419 0.9751 -0.1704
vn 0.3743 0.9211 0.1071
vn 0.5266 0.7998 0.2880
vn -0.0656 0.8686 -0.4912
vn -0.0094 0.9046 -0.4261
vn 0.4455 0.8758 0.1859
vn 0.2466 0.9651 -0.0885
vn 0.2274 0.9738 -0.0090
vn 0.0069 0.9317 -0.3633
vn 0.6828 0.7085 -0.1784
vn 0.2567 0.9468 -0.1943
vn 0.1239 0.9594 -0.2533
vn 0.1487 0.9659 -0.2121
vn -0.0849 0.7909 -0.6061
vn 0.1423 0.9206 -0.3637
vn 0.3447 0.9155 -0.2074
vn 0.4849 0.8727 -0.0574
vn 0.6362 0.7074 0.3079
vn 0.6251 0.7059 0.3331
vn 0.4925 0.8636 0.1078
vn 0.3824 0.9024 0.1984
vn 0.3707 0.9121 0.1751
vn -0.1113 0.8195 -0.5621
vn -0.0184 0.8549 -0.5185
vn 0.3165 0.9387 -0.1369
vn 0.2862 0.9512 0.1156
vn 0.2494 0.9680 -0.0284
vn 0.0469 0.9823 -0.1812
vn 0.2768 0.9601 -0.0405
vn 0.2572 0.9626 -0.0854
vn 0.0646 0.9867 -0.1493
vn 0.1567 0.9651 -0.2097
vn 0.2822 0.9591 -0.0213
vn 0.0803 0.9821 -0.1706
vn 0.5883 0.8084 0.0184
vn 0.2038 0.9586 -0.1991
vn 0.1864 0.9585 -0.2157
vn 0.3717 0.8915 0.2588
vn -0.0384 0.9020 -0.4300
vn 0.4411 0.8973 -0.0136
vn 0.2610 0.9642 0.0466
vn 0.2054 0.9632 -0.1734
vn 0.2170 0.9758 -0.0288
vn 0.3774 0.8899 0.2560
vn 0.2454 0.9595 -0.1383
vn 0.1192 0.9624 -0.2439
vn 0.0708 0.9933 -0.0917
vn 0.2894 0.9561 -0.0462
vn 0.3003 0.9535 -0.0266
vn 0.2761 0.9481 -0.1577
vn 0.3306 0.9378 0.1058
vn 0.2187 0.9542 -0.2041
vn 0.0159 0.8598 -0.5104
vn 0.4186 0.8023 0.4255
vn 0.3803 0.8378 0.3917
vn 0.1803 0.9634 -0.1983
vn 0.0656 0.9229 -0.3794
vn 0.2549 0.9620 -0.0980
vn 0.3344 0.9411 -0.0504
vn 0.3584 0.9186 -0.1664
vn 0.2518 0.9565 0.1475
vn 0.2070 0.9656 0.1576
vn 0.1044 0.9945 -0.0008
vn 0.1954 0.9807 -0.0037
vn 0.1680 0.9850 -0.0389
vn 0.1567 0.9866 0.0454
vn 0.1969 0.9391 0.2815
vn 0.1931 0.9440 -0.2675
vn 0.1666 0.9852 0.0415
vn 0.2118 0.9580 -0.1933
vn 0.1918 0.9380 0.2887
vn 0.3181 0.8873 0.3338
vn 0.1145 0.9908 -0.0718
vn 0.3004 0.7892 0.5356
vn 0.6283 0.7640 -0.1466
vn -0.0150 0.9814 0.1912
vn 0.2254 0.9631 -0.1473
vn 0.1860 0.9815 0.0444
vn 0.1822 0.9608 -0.2090
vn 0.2749 0.9549 -0.1125
vn 0.3103 0.9468 -0.0852
vn 0.2895 0.9551 -0.0633
vn 0.2296 0.9270 -0.2964
vn 0.1342 0.7964 -0.5896
vn 0.4223 0.5486 0.7216
vn 0.3386 0.5181 0.7854
vn 0.1963 0.9092 0.3672
vn 0.0398 0.8631 -0.5034
vn 0.1332 0.9532 -0.2714
vn 0.6269 0.7789 -0.0174
vn 0.6591 0.7103 -0.2470
vn 0.2341 0.9026 0.3613
vn 0.2004 0.9796 0.0155
vn 0.0776 0.9678 -0.2393
vn 0.6397 0.7686 0.0077
vn 0.1794 0.9062 0.3829
vn 0.2307 0.9591 0.1641
vn 0.1178 0.9732 -0.1976
vn 0.1930 0.9788 0.0683
vn 0.1982 0.9802 -0.0003
vn 0.1561 0.9589 0.2370
vn 0.2298 0.9461 0.2284
vn 0.1334 0.9881 0.0767
vn 0.3976 0.9171 -0.0270
vn 0.1781 0.9624 -0.2050
vn 0.1661 0.9765 0.1373
vn 0.2076 0.8892 0.4078
vn 0.1381 0.9889 -0.0544
vn 0.1447 0.9492 -0.2793
vn 0.2167 0.9760 -0.0229
vn 0.2043 0.9298 -0.3061
vn 0.1733 0.6498 -0.7401
vn 0.1903 0.8227 -0.5357
vn 0.2307 0.9673 0.1049
vn 0.6560 0.7458 -0.1156
vn 0.2767 0.9452 0.1734
vn 0.1503 0.9820 -0.1148
vn 0.0542 0.9536 -0.2963
vn 0.3226 0.9462 0.0268
vn 0.3607 0.9323 0.0279
vn 0.3842 0.9159 -0.1166
vn 0.4243 0.9054 -0.0147
vn 0.4135 0.8275 0.3799
vn 0.3538 0.8916 0.2827
vn 0.2541 0.9503 -0.1797
vn 0.2996 0.9176 -0.2613
vn 0.1491 0.7185 -0.6794
vn 0.1455 0.7257 -0.6724
vn 0.1969 0.9759 -0.0943
vn 0.3162 0.9486 0.0160
vn 0.5455 0.6984 0.4633
vn 0.6554 0.6961 0.2931
vn 0.2925 0.9434 0.1564
vn 0.1551 0.9830 -0.0987
vn 0.1701 0.9582 0.2302
vn 0.2346 0.9692 -0.0755
vn 0.2741 0.9267 0.2570
vn 0.0334 0.9433 0.3302
vn 0.1718 0.8618 0.4772
vn 0.1622 0.9867 0.0129
vn 0.3387 0.9349 0.1060
vn 0.1594 0.8457 0.5093
vn 0.2384 0.8368 -0.4929
vn 0.2199 0.9728 -0.0724
vn 0.2151 0.9763 -0.0235
vn 0.1072 0.8577 0.5028
vn 0.2685 0.9464 0.1794
vn 0.1274 0.9895 0.0678
vn 0.2020 0.9769 -0.0695
vn 0.0881 0.6519 0.7532
vn 0.3266 0.9282 -0.1780
vn 0.1892 0.8464 -0.4977
vn 0.1978 0.8552 -0.4791
vn 0.2095 0.9562 -0.2044
vn 0.3445 0.9086 -0.2360
vn 0.3495 0.9369 -0.0075
vn 0.3715 0.8672 -0.3316
vn 0.3304 0.9330 -0.1425
vn 0.1247 0.6679 0.7337
vn 0.0176 0.4734 0.8807
vn 0.0925 0.9067 0.4115
vn 0.3074 0.7715 -0.5570
vn 0.4536 0.8522 0.2607
vn 0.4231 0.8822 0.2068
vn 0.2944 0.9555 -0.0172
vn 0.1938 0.9720 0.1330
vn 0.1146 0.9825 -0.1468
vn 0.3674 0.9123 0.1809
vn 0.3926 0.9149 0.0934
vn 0.2524 0.9676 -0.0087
vn 0.2685 0.9565 -0.1142
vn 0.0248 0.9454 0.3251
vn 0.1583 0.9831 -0.0915
vn 0.0679 0.9832 0.1694
vn -0.0226 0.9622 0.2715
vn 0.2866 0.9300 -0.2300
vn 0.1184 0.9924 -0.0335
vn 0.3556 0.7644 -0.5378
vn 0.2616 0.9254 -0.2742
vn 0.2283 0.9628 0.1448
vn 0.2051 0.9769 -0.0606
vn 0.3691 0.8344 -0.4092
vn 0.3761 0.7245 -0.5777
vn 0.4721 0.8798 -0.0544
vn -0.0759 0.7974 -0.5987
vn 0.4458 0.8202 -0.3585
vn 0.1821 0.8768 -0.4451
vn 0.3596 0.9315 -0.0540
vn 0.4433 0.8954 -0.0406
vn 0.5758 0.8030 -0.1538
vn 0.5889 0.8035 -0.0871
vn 0.5977 0.7910 -0.1304
vn 0.5600 0.8091 -0.1784
vn -0.0099 0.5857 0.8105
vn 0.1074 0.9337 0.3416
vn 0.4440 0.4163 -0.7935
vn 0.3306 0.9370 -0.1125
vn 0.4587 0.8749 0.1554
vn -0.1243 0.9568 0.2630
vn -0.1215 0.9710 0.2057
vn 0.0230 0.9301 0.3666
vn 0.1048 0.8961 0.4312
vn -0.1665 0.9595 0.2273
vn 0.0191 0.9244 0.3811
vn -0.0394 0.8209 0.5697
vn -0.1523 0.8405 0.5200
vn 0.2435 0.9195 0.3086
vn 0.1634 0.9806 0.1086
vn 0.4080 0.9123 0.0358
vn 0.1878 0.9766 0.1049
vn 0.4145 0.9065 0.0803
vn 0.3046 0.9384 0.1629
vn 0.4866 0.8213 -0.2977
vn 0.2464 0.9011 0.3568
vn 0.6298 0.6674 0.3973
vn 0.3624 0.8983 0.2484
vn 0.0834 0.9863 0.1421
vn 0.1480 0.9767 0.1552
vn 0.2969 0.9478 0.1162
vn 0.4684 0.5852 -0.6619
vn 0.5552 0.6579 -0.5089
vn 0.7141 0.5902 -0.3765
vn 0.7848 0.5665 -0.2513
vn 0.7448 0.6661 -0.0392
vn 0.7259 0.6824 0.0860
vn -0.1938 0.4044 0.8938
vn 0.4785 0.8208 0.3119
vn 0.5629 0.6666 -0.4886
vn 0.2019 0.9329 0.2984
vn -0.0645 0.9842 0.1649
vn 0.4839 0.7927 0.3709
vn 0.4389 0.7502 0.4946
vn 0.4101 0.8486 0.3342
vn 0.2932 0.9498 0.1094
vn 0.1527 0.9469 0.2829
vn 0.0029 0.7827 0.6224
vn 0.2188 0.9640 0.1512
vn 0.0988 0.9490 0.2994
vn 0.5425 0.8269 0.1481
vn 0.1634 0.9675 0.1930
vn 0.1650 0.9586 0.2321
vn 0.5546 0.8040 0.2145
vn 0.2687 0.9630 -0.0225
vn 0.1865 0.9623 0.1979
vn 0.2744 0.9583 0.0798
vn 0.4018 0.9155 -0.0202
vn 0.5706 0.7984 0.1923
vn 0.2778 0.9498 0.1439
vn 0.4189 0.8270 0.3749
vn 0.6291 0.7419 -0.2322
vn 0.2288 0.8289 0.5105
vn -0.0558 0.8569 0.5125
vn 0.3284 0.8766 0.3517
vn 0.6385 0.7682 -0.0461
vn 0.8274 0.5616 -0.0081
vn 0.9140 0.4031 -0.0465
vn 0.9444 0.3283 -0.0205
vn 0.7084 0.4926 0.5055
vn 0.6165 0.5200 0.5913
vn -0.3139 0.2863 0.9053
vn -0.2597 0.4657 0.8460
vn -0.0127 0.8432 0.5375
vn 0.3424 0.9149 0.2139
vn 0.2508 0.9067 0.3390
vn -0.0862 0.9689 0.2321
vn 0.5731 0.5350 0.6208
vn 0.2042 0.9266 0.3159
vn 0.0182 0.9694 0.2450
vn 0.1433 0.9683 0.2044
vn 0.5315 0.8096 0.2490
vn -0.3413 0.8424 0.4169
vn 0.0899 0.9430 0.3205
vn 0.6919 0.6968 0.1893
vn -0.1460 0.9402 0.3076
vn 0.2008 0.9311 0.3044
vn 0.7909 0.5909 0.1591
vn 0.0874 0.9782 0.1884
vn 0.4910 0.8656 0.0979
vn 0.6554 0.6765 0.3358
vn 0.0124 0.9667 0.2555
vn 0.1144 0.9066 0.4062
vn -0.1058 0.6484 0.7539
vn 0.4860 0.5902 0.6446
vn 0.2525 0.9585 0.1321
vn 0.5125 0.8437 0.1598
vn 0.0192 0.7467 0.6649
vn 0.2140 0.9276 0.3061
vn 0.5135 0.6087 0.6048
vn -0.0972 0.9706 0.2201
vn 0.5122 0.8461 -0.1475
vn -0.2674 0.8637 0.4272
vn 0.5173 0.8400 0.1636
vn 0.7863 0.5671 0.2452
vn 0.9024 0.3949 0.1721
vn 0.9444 0.2702 0.1871
vn 0.9939 0.1079 -0.0237
vn 0.5415 0.2955 0.7871
vn -0.1642 0.3001 0.9397
vn -0.2999 0.3464 0.8888
vn -0.2861 0.4695 0.8353
vn 0.2314 0.8468 0.4789
vn 0.2243 0.9049 0.3617
vn 0.0979 0.9580 0.2696
vn 0.4155 0.7308 0.5417
vn 0.1507 0.9555 0.2536
vn -0.0803 0.9576 0.2767
vn 0.2444 0.8851 0.3962
vn 0.6490 0.6551 0.3868
vn 0.2473 0.7512 0.6120
vn 0.1252 0.9583 0.2571
vn 0.2618 0.9483 0.1791
vn 0.3353 0.8675 0.3674
vn 0.6163 0.6368 0.4632
vn 0.1795 0.9547 0.2372
vn 0.2257 0.9523 0.2055
vn 0.3357 0.8624 0.3790
vn 0.4936 0.6653 0.5601
vn 0.5910 0.8050 0.0525
vn 0.3129 0.8668 0.3882
vn -0.0666 0.6945 0.7165
vn 0.1514 0.9436 0.2943
vn 0.0570 0.9096 0.4117
vn -0.0772 0.7423 0.6656
vn -0.3995 0.8497 0.3442
vn -0.3062 0.8388 0.4502
vn -0.1502 0.7648 0.6265
vn -0.0005 0.9573 0.2891
vn -0.1451 0.8648 0.4807
vn 0.5718 0.7315 0.3713
vn 0.9352 0.3174 0.1568
vn 0.8980 0.3040 0.3181
vn 0.9010 0.2217 0.3729
vn 0.6174 0.2905 0.7311
vn -0.0135 0.3282 0.9445
vn -0.3326 0.3333 0.8822
vn -0.4671 0.3921 0.7925
vn -0.3473 0.5381 0.7680
vn 0.4521 0.7342 0.5065
vn 0.3699 0.8759 0.3099
vn -0.3965 0.8771 0.2709
vn -0.4732 0.7791 0.4111
vn 0.1076 0.9369 0.3325
vn 0.0779 0.9280 0.3644
vn 0.0472 0.9328 0.3572
vn 0.2797 0.8750 0.3951
vn 0.0005 0.9718 0.2357
vn 0.0318 0.9765 0.2130
vn 0.1465 0.9461 0.2888
vn 0.9505 0.2829 0.1285
vn 0.5159 0.7642 0.3871
vn 0.5200 0.7339 0.4371
vn -0.1211 0.9102 0.3960
vn 0.6474 0.7350 0.2016
vn 0.7865 0.6034 0.1314
vn 0.2800 0.8817 0.3797
vn -0.5513 0.7557 0.3536
vn -0.2419 0.7671 0.5942
vn -0.2842 0.8926 0.3499
vn 0.3220 0.8602 0.3953
vn 0.3673 0.8886 0.2746
vn -0.6031 0.7576 0.2496
vn -0.1664 0.8704 0.4633
vn 0.2564 0.7429 0.6184
vn 0.1704 0.9314 0.3216
vn -0.1122 0.8919 0.4381
vn -0.2187 0.9203 0.3244
vn 0.0327 0.9608 0.2753
vn 0.0551 0.8869 0.4587
vn -0.3107 0.7151 0.6262
vn 0.5194 0.8101 0.2718
vn 0.4309 0.8399 0.3299
vn 0.3375 0.9001 0.2755
vn 0.6268 0.7432 0.2339
vn 0.2139 0.8715 0.4413
vn -0.5732 0.6442 0.5064
vn 0.0047 0.9169 0.3990
vn -0.0494 0.9332 0.3559
vn 0.1926 0.9426 0.2728
vn -0.1634 0.9221 0.3506
vn -0.4433 0.8222 0.3571
vn -0.4104 0.7907 0.4543
vn -0.0007 0.9430 0.3329
vn 0.0328 0.9441 0.3281
vn -0.5557 0.7685 0.3174
vn 0.3503 0.8836 0.3107
vn 0.9928 -0.0813 -0.0880
vn 0.9938 0.0808 -0.0762
vn 0.9468 0.2903 0.1387
vn 0.7403 0.5022 0.4470
vn 0.7873 0.3494 0.5080
vn 0.0782 0.5157 0.8532
vn -0.4913 0.4260 0.7597
vn -0.7488 0.3438 0.5666
vn -0.6863 0.4476 0.5733
vn -0.2033 0.7081 0.6762
vn 0.1106 0.8543 0.5079
vn -0.3345 0.8838 0.3271
vn -0.8315 0.5373 0.1409
vn -0.4281 0.8565 0.2884
vn -0.5197 0.8009 0.2973
vn -0.4264 0.8323 0.3542
vn -0.3643 0.8242 0.4336
vn -0.1560 0.9109 0.3819
vn -0.2473 0.9111 0.3298
vn -0.1697 0.9204 0.3521
vn 0.7765 0.4818 0.4060
vn 0.9421 0.2440 0.2301
vn 0.3457 0.7929 0.5017
vn 0.5802 0.7368 0.3472
vn 0.3830 0.8703 0.3098
vn 0.4632 0.8038 0.3733
vn 0.1428 0.8596 0.4905
vn 0.1066 0.8603 0.4986
vn -0.2904 0.8681 0.4027
vn 0.3740 0.8397 0.3936
vn 0.6346 0.6964 0.3353
vn 0.5545 0.7575 0.3445
vn -0.5197 0.8277 0.2116
vn -0.7771 0.5954 0.2037
vn -0.2146 0.8363 0.5045
vn 0.0190 0.9216 0.3876
vn 0.1579 0.9195 0.3600
vn 0.1152 0.9275 0.3557
vn -0.1436 0.9421 0.3032
vn -0.4219 0.8236 0.3790
vn -0.7601 0.5850 0.2831
vn -0.2666 0.8899 0.3703
vn -0.3070 0.8988 0.3128
vn -0.4381 0.8639 0.2485
vn 0.2745 0.9078 0.3172
vn 0.0651 0.8915 0.4484
vn -0.6237 0.7167 0.3121
vn 0.1838 0.8794 0.4392
vn 0.1963 0.9002 0.3887
vn 0.0379 0.9440 0.3279
vn -0.2367 0.9070 0.3484
vn -0.4110 0.8593 0.3043
vn -0.3818 0.8692 0.3143
vn -0.8242 0.5262 0.2093
vn -0.8359 0.5148 0.1903
vn -0.8002 0.5670 0.1954
vn -0.8750 0.4669 0.1283
vn -0.0640 0.9218 0.3824
vn 0.3944 0.7923 0.4655
vn 0.8923 0.2701 0.3617
vn 0.8656 0.3794 0.3269
vn 0.3990 0.7233 0.5636
vn 0.1961 0.7051 0.6814
vn -0.1417 0.7099 0.6899
vn -0.6661 0.5693 0.4818
vn -0.9455 0.2722 0.1787
vn -0.4226 0.7409 0.5220
vn -0.5261 0.7379 0.4227
vn -0.0390 0.9094 0.4142
vn -0.0954 0.9250 0.3678
vn 0.1345 0.9150 0.3805
vn 0.5388 0.7720 0.3373
vn 0.1024 0.9198 0.3787
vn -0.1554 0.9019 0.4030
vn -0.2698 0.8660 0.4211
vn 0.1083 0.8509 0.5140
vn -0.2857 0.8448 0.4525
vn -0.1308 0.8896 0.4377
vn 0.2794 0.8391 0.4667
vn 0.6050 0.6953 0.3879
vn -0.1252 0.8985 0.4208
vn -0.6242 0.7553 0.1998
vn -0.5046 0.7962 0.3338
vn -0.2231 0.8911 0.3952
vn 0.1295 0.8882 0.4408
vn 0.2925 0.8682 0.4009
vn 0.1489 0.8955 0.4195
vn -0.3275 0.9047 0.2724
vn -0.7226 0.6835 0.1038
vn -0.4788 0.8032 0.3543
vn -0.3500 0.8848 0.3077
vn 0.0326 0.9134 0.4058
vn 0.0247 0.9209 0.3889
vn 0.0945 0.9429 0.3193
vn -0.2618 0.9216 0.2866
vn -0.7399 0.6677 0.0819
vn -0.5875 0.7775 0.2243
vn -0.2702 0.8915 0.3636
vn 0.1144 0.8782 0.4645
vn 0.5273 0.7546 0.3906
vn 0.1221 0.9036 0.4106
vn -0.3579 0.8773 0.3197
vn -0.6682 0.7244 0.1696
vn -0.5263 0.8137 0.2468
vn -0.3308 0.8922 0.3074
vn 0.0043 0.9088 0.4172
vn 0.5315 0.7466 0.4001
vn 0.1264 0.9035 0.4094
vn -0.2642 0.9037 0.3370
vn -0.6785 0.7129 0.1775
vn -0.8193 0.5734 -0.0017
vn -0.4600 0.8566 0.2338
vn -0.0142 0.9223 0.3861
vn 0.4546 0.7945 0.4026
vn 0.1219 0.9027 0.4127
vn -0.2469 0.9075 0.3399
vn -0.5241 0.8266 0.2051
vn -0.6447 0.7341 0.2132
vn -0.5088 0.7871 0.3486
vn -0.2509 0.8820 0.3989
vn 0.0368 0.9096 0.4138
vn 0.5488 0.7171 0.4296
vn 0.4880 0.7767 0.3983
vn 0.3385 0.8229 0.4564
vn 0.2873 0.7592 0.5840
vn -0.1247 0.8602 0.4945
vn -0.1122 0.8513 0.5125
vn -0.4495 0.8595 0.2434
vn -0.0576 0.8861 0.4599
vn -0.2640 0.8770 0.4015
vn -0.8357 0.5480 0.0356
vn -0.4750 0.8342 0.2800
vn 0.0339 0.9012 0.4321
vn 0.2159 0.8719 0.4395
vn 0.2605 0.8821 0.3924
vn 0.0882 0.9123 0.4000
vn -0.3573 0.8857 0.2963
vn -0.2479 0.8822 0.4003
vn -0.2655 0.8637 0.4285
vn -0.0844 0.8786 0.4700
vn -0.4983 0.8256 0.2648
vn -0.0738 0.8972 0.4355
vn 0.3975 0.7533 0.5239
vn -0.0139 0.9330 0.3596
vn -0.2953 0.8878 0.3531
vn -0.3186 0.8866 0.3353
vn -0.3157 0.8982 0.3058
vn -0.1995 0.9262 0.3198
vn 0.0377 0.9079 0.4174
vn 0.0039 0.9024 0.4310
vn -0.4437 0.8770 0.1845
vn -0.3482 0.8998 0.2630
vn -0.1570 0.9209 0.3568
vn -0.0274 0.8979 0.4394
vn -0.3930 0.8974 0.2004
vn -0.3725 0.9008 0.2234
vn -0.4131 0.8849 0.2150
vn -0.3054 0.9077 0.2877
vn -0.2412 0.9165 0.3190
vn -0.3136 0.9157 0.2512
vn -0.4225 0.8821 0.2085
vn -0.4759 0.8651 0.1586
vn -0.3139 0.9116 0.2652
vn -0.4432 0.8799 0.1713
vn -0.2051 0.9252 0.3194
vn -0.3225 0.9112 0.2563
vn -0.3776 0.8976 0.2272
vn -0.5774 0.8144 0.0575
vn -0.2025 0.9255 0.3201
vn -0.1607 0.9276 0.3373
vn -0.2778 0.9146 0.2937
vn -0.3967 0.8982 0.1896
vn -0.2723 0.8653 0.4208
vn -0.2612 0.8772 0.4028
vn -0.3365 0.9008 0.2745
vn -0.0343 0.9264 0.3749
vn -0.0362 0.9377 0.3455
vn 0.2044 0.8338 0.5128
vn 0.3492 0.7143 0.6065
vn 0.0636 0.8462 0.5291
vn -0.0601 0.8801 0.4710
vn -0.1066 0.8753 0.4716
vn -0.1881 0.8881 0.4193
vn -0.7466 0.6540 -0.1223
vn -0.4305 0.8820 0.1915
vn -0.2949 0.9082 0.2971
vn -0.1458 0.9180 0.3689
vn -0.2097 0.9231 0.3224
vn -0.2333 0.9258 0.2975
vn -0.2344 0.9283 0.2887
vn -0.2516 0.8507 0.4615
vn -0.3000 0.8835 0.3597
vn -0.5436 0.7768 0.3179
vn -0.3939 0.9035 0.1691
vn -0.2709 0.9302 0.2476
vn -0.2328 0.9205 0.3138
vn -0.1876 0.9137 0.3606
vn -0.1332 0.8966 0.4224
vn -0.3476 0.8978 0.2704
vn -0.2761 0.9170 0.2879
vn -0.2136 0.9109 0.3531
vn -0.1185 0.8822 0.4556
vn 0.0563 0.8134 0.5790
vn -0.2495 0.8444 0.4741
vn -0.4460 0.8782 0.1727
vn -0.3368 0.9058 0.2571
vn -0.3110 0.9119 0.2679
vn -0.2894 0.9030 0.3177
vn -0.3673 0.8743 0.3173
vn -0.2892 0.8975 0.3330
vn -0.3891 0.8920 0.2300
vn -0.4072 0.8947 0.1836
vn -0.3658 0.9061 0.2124
vn -0.4854 0.8681 0.1038
vn -0.4311 0.8593 0.2753
vn -0.3312 0.9095 0.2513
vn -0.3965 0.8989 0.1864
vn -0.4380 0.8878 0.1413
vn -0.4413 0.8884 0.1267
vn -0.3867 0.8985 0.2079
vn -0.4961 0.8632 0.0935
vn -0.3455 0.9112 0.2244
vn -0.3599 0.9072 0.2180
vn -0.4961 0.8665 0.0547
vn -0.5159 0.8439 0.1473
vn -0.2515 0.9141 0.3180
vn -0.1696 0.8998 0.4021
vn -0.2193 0.9344 0.2807
vn -0.2317 0.9252 0.3005
vn -0.2194 0.9201 0.3245
vn -0.1238 0.9007 0.4165
vn -0.1725 0.9248 0.3392
vn 0.0458 0.8409 0.5392
vn -0.0059 0.8550 0.5186
vn -0.1494 0.8901 0.4307
vn -0.2583 0.9076 0.3310
vn -0.6977 0.6846 -0.2110
vn -0.3884 0.9096 0.1475
vn -0.3686 0.9055 0.2100
vn -0.1378 0.9000 0.4136
vn -0.2085 0.9053 0.3701
vn -0.2750 0.8954 0.3503
vn -0.2006 0.8966 0.3947
vn -0.1203 0.8598 0.4963
vn -0.2604 0.8770 0.4039
vn -0.2633 0.8748 0.4068
vn -0.3577 0.8864 0.2938
vn -0.3057 0.8589 0.4110
vn -0.2176 0.8865 0.4085
vn -0.2054 0.8976 0.3901
vn 0.0044 0.8071 0.5903
vn 0.0757 0.7871 0.6122
vn -0.0553 0.8725 0.4855
vn -0.0300 0.8211 0.5701
vn -0.5535 0.8315 -0.0480
vn -0.5133 0.8582 -0.0028
vn -0.3584 0.8941 0.2687
vn -0.2003 0.8972 0.3936
vn -0.1164 0.8870 0.4468
vn -0.2099 0.9070 0.3650
vn -0.6819 0.6538 -0.3280
vn -0.6184 0.7532 -0.2243
vn -0.6250 0.7516 -0.2107
vn -0.5337 0.8456 -0.0129
vn -0.4133 0.9026 0.1208
vn -0.3915 0.9117 0.1245
vn -0.5603 0.8278 -0.0302
vn -0.6127 0.7780 -0.1390
vn -0.6055 0.7803 -0.1562
vn -0.6637 0.6734 -0.3255
vn -0.6129 0.7416 -0.2727
vn -0.4146 0.9058 0.0872
vn -0.3220 0.8910 0.3201
vn -0.3863 0.8933 0.2298
vn -0.5400 0.8416 -0.0107
vn -0.4810 0.8761 0.0337
vn -0.5128 0.8585 -0.0063
vn -0.5639 0.8227 -0.0725
vn -0.0847 0.8151 0.5731
vn -0.1068 0.8316 0.5450
vn -0.2319 0.8915 0.3891
vn -0.2441 0.8774 0.4131
vn -0.1692 0.8568 0.4871
vn -0.2781 0.8859 0.3713
vn 0.1967 0.6502 0.7339
vn 0.2133 0.6379 0.7400
vn 0.1578 0.6876 0.7088
vn 0.0932 0.7765 0.6232
vn -0.0908 0.8853 0.4560
vn -0.1057 0.8708 0.4802
vn -0.0099 0.8246 0.5656
vn 0.2650 0.6025 0.7529
vn 0.0268 0.8062 0.5910
vn -0.0416 0.8035 0.5939
vn -0.3132 0.8935 0.3217
vn -0.3814 0.8987 0.2167
vn -0.6326 0.6639 -0.3989
vn -0.4150 0.9021 0.1185
vn -0.1820 0.8809 0.4369
vn -0.2230 0.8872 0.4039
vn -0.2699 0.8822 0.3858
vn -0.1160 0.8174 0.5643
vn 0.1918 0.6243 0.7573
vn -0.0424 0.7981 0.6010
vn -0.0354 0.8032 0.5946
vn -0.1180 0.8197 0.5605
vn -0.0547 0.7553 0.6531
vn -0.3195 0.8684 0.3793
vn -0.5545 0.8315 0.0329
vn -0.7019 0.6218 -0.3476
vn -0.5687 0.8216 0.0397
vn -0.1666 0.8421 0.5130
vn -0.5069 0.8603 0.0541
vn -0.4246 0.8904 0.1640
vn -0.4240 0.8964 0.1293
vn -0.3373 0.9073 0.2510
vn -0.1840 0.9062 0.3808
vn -0.2343 0.8928 0.3847
vn -0.4518 0.8919 0.0209
vn -0.5039 0.8623 -0.0514
vn -0.5091 0.8534 -0.1120
vn -0.5212 0.8310 -0.1946
vn -0.3472 0.9048 0.2463
vn -0.2679 0.8945 0.3579
vn -0.4959 0.8620 -0.1046
vn -0.5236 0.8426 -0.1263
vn -0.5171 0.8427 -0.1497
vn -0.5213 0.8182 -0.2426
vn -0.5092 0.8593 -0.0483
vn -0.3819 0.9015 0.2034
vn -0.5647 0.7405 -0.3643
vn -0.5756 0.7344 -0.3597
vn -0.5596 0.7465 -0.3599
vn -0.4843 0.8675 -0.1131
vn -0.5913 0.7166 -0.3698
vn -0.5030 0.8527 -0.1408
vn -0.5209 0.8484 -0.0944
vn -0.5325 0.8350 -0.1388
vn -0.5126 0.8527 -0.1007
vn -0.5539 0.8025 -0.2218
vn -0.4394 0.8973 0.0409
vn -0.5758 0.7425 -0.3423
vn -0.3653 0.8933 0.2617
vn -0.3359 0.8733 0.3529
vn -0.3592 0.8687 0.3410
vn -0.3593 0.8930 0.2709
vn -0.4427 0.8847 0.1462
vn -0.3391 0.8943 0.2920
vn -0.4307 0.8851 0.1761
vn -0.3537 0.8948 0.2723
vn -0.2575 0.8844 0.3892
vn -0.1283 0.7962 0.5913
vn 0.1012 0.6622 0.7424
vn -0.1007 0.8856 0.4534
vn -0.2142 0.8870 0.4092
vn -0.1490 0.8175 0.5563
vn -0.2556 0.8865 0.3857
vn -0.2353 0.8598 0.4532
vn -0.3446 0.9079 0.2388
vn -0.4277 0.9038 0.0122
vn -0.5005 0.8473 -0.1779
vn -0.3180 0.8549 0.4099
vn -0.3170 0.8468 0.4271
vn -0.2064 0.7872 0.5811
vn -0.1726 0.7743 0.6088
vn -0.2172 0.8315 0.5112
vn -0.2376 0.7950 0.5582
vn -0.0987 0.6736 0.7324
vn -0.1278 0.7679 0.6277
vn -0.2303 0.7488 0.6214
vn -0.3901 0.8699 0.3019
vn -0.4922 0.8684 -0.0603
vn -0.6134 0.6560 -0.4399
vn -0.5365 0.8420 -0.0566
vn -0.3949 0.8558 0.3341
vn -0.5491 0.8319 -0.0804
vn -0.3211 0.8813 0.3468
vn -0.3124 0.8680 0.3861
vn -0.2889 0.8700 0.3996
vn -0.2438 0.7908 0.5614
vn -0.1703 0.8476 0.5025
vn -0.2512 0.8527 0.4581
vn -0.5296 0.8009 -0.2796
vn -0.5052 0.8381 -0.2058
vn -0.4642 0.8831 -0.0684
vn -0.4662 0.8815 -0.0751
vn -0.3464 0.9126 0.2170
vn -0.3446 0.9086 0.2360
vn -0.4799 0.4562 -0.7494
vn -0.5082 0.5281 -0.6803
vn -0.5591 0.7639 -0.3224
vn -0.4892 0.7920 -0.3654
vn -0.4772 0.8619 -0.1714
vn -0.4092 0.9041 0.1227
vn -0.5271 0.7959 -0.2980
vn -0.5404 0.7677 -0.3445
vn -0.5400 0.6003 -0.5900
vn -0.4880 0.7604 -0.4285
vn -0.4989 0.7708 -0.3962
vn -0.4610 0.8740 -0.1534
vn -0.4322 0.8775 0.2078
vn -0.4731 0.8761 0.0930
vn -0.4934 0.8689 -0.0394
vn -0.5210 0.8246 -0.2203
vn -0.4610 0.8860 -0.0489
vn -0.4583 0.8871 0.0542
vn -0.2230 0.7449 0.6288
vn -0.2858 0.7858 0.5484
vn -0.3396 0.8309 0.4408
vn -0.3703 0.8330 0.4111
vn -0.4012 0.8713 0.2824
vn -0.4496 0.8826 0.1374
vn -0.0722 0.5548 0.8288
vn 0.0177 0.5976 0.8016
vn -0.1170 0.7145 0.6898
vn -0.0731 0.6652 0.7431
vn 0.0533 0.4623 0.8851
vn -0.1043 0.7733 0.6254
vn -0.2090 0.8137 0.5424
vn -0.2157 0.7882 0.5763
vn -0.2648 0.8235 0.5018
vn -0.3723 0.8895 0.2651
vn -0.3222 0.7782 0.5391
vn -0.4672 0.8823 0.0579
vn -0.4946 0.7045 -0.5089
vn -0.3820 0.9061 0.1820
vn -0.3683 0.8726 0.3208
vn -0.3763 0.8686 0.3225
vn -0.3360 0.8480 0.4100
vn -0.3478 0.8187 0.4569
vn -0.2200 0.7278 0.6495
vn -0.2199 0.7427 0.6325
vn -0.2747 0.7892 0.5492
vn -0.2084 0.7788 0.5916
vn -0.2595 0.7556 0.6014
vn -0.3979 0.8574 0.3263
vn -0.5575 0.7788 -0.2876
vn -0.4966 0.5108 -0.7018
vn -0.5346 0.7513 -0.3870
vn -0.4200 0.8631 0.2805
vn -0.4859 0.8721 -0.0581
vn -0.4595 0.8849 -0.0759
vn -0.4433 0.8961 0.0228
vn -0.4302 0.8994 0.0778
vn -0.3873 0.9033 0.1845
vn -0.3930 0.8941 0.2148
vn -0.4585 0.8802 -0.1229
vn -0.4691 0.8808 -0.0648
vn -0.4509 0.8902 -0.0649
vn -0.4382 0.8946 -0.0878
vn -0.4294 0.8943 0.1256
vn -0.4029 0.8906 0.2110
vn -0.4357 0.9000 -0.0078
vn -0.4509 0.8829 -0.1306
vn -0.4570 0.8838 -0.1006
vn -0.4417 0.8946 -0.0672
vn -0.4470 0.8895 -0.0951
vn -0.4380 0.8986 0.0271
vn -0.4039 0.8854 0.2299
vn -0.4285 0.8876 0.1692
vn -0.4498 0.8914 0.0545
vn -0.4363 0.8974 0.0655
vn -0.4466 0.8909 -0.0828
vn -0.4417 0.8952 -0.0591
vn -0.4321 0.8842 0.1772
vn -0.4126 0.8878 0.2041
vn -0.4185 0.8879 0.1909
vn -0.4402 0.8978 0.0125
vn -0.4085 0.8978 0.1646
vn -0.4417 0.8968 0.0250
vn -0.4273 0.8915 0.1506
vn -0.4204 0.8887 0.1830
vn -0.4158 0.8883 0.1949
vn -0.4115 0.9047 0.1100
vn -0.4427 0.8963 -0.0263
vn -0.4227 0.9062 0.0082
vn -0.5438 0.8310 0.1172
vn -0.4100 0.9052 0.1115
vn -0.4204 0.8864 0.1938
vn -0.3841 0.8858 0.2603
vn -0.3429 0.8252 0.4489
vn -0.3485 0.8954 0.2770
vn -0.3788 0.8888 0.2580
vn -0.3810 0.8428 0.3802
vn -0.4118 0.8967 0.1624
vn -0.4063 0.8632 0.2997
vn -0.4384 0.8779 0.1924
vn -0.4465 0.8922 -0.0679
vn -0.4435 0.8908 -0.0988
vn -0.4349 0.9004 0.0072
vn -0.4156 0.8948 -0.1634
vn -0.4308 0.9021 -0.0256
vn -0.4224 0.9063 0.0172
vn -0.3935 0.9140 -0.0986
vn -0.4239 0.8995 0.1057
vn -0.4328 0.8979 0.0801
vn -0.4641 0.8847 0.0428
vn -0.4039 0.8802 0.2492
vn -0.4295 0.8857 0.1763
vn -0.4562 0.8892 0.0342
vn -0.5330 0.8406 0.0969
vn -0.4304 0.8455 -0.3162
vn -0.3715 0.8458 -0.3830
vn -0.3801 0.8322 -0.4037
vn -0.4672 0.8742 -0.1324
vn -0.3653 0.9230 -0.1211
vn -0.4500 0.8881 -0.0939
vn -0.3610 0.7559 -0.5461
vn -0.3436 0.7901 -0.5076
vn -0.3514 0.7886 -0.5046
vn -0.3022 0.7169 -0.6283
vn -0.4091 0.8787 -0.2459
vn -0.4565 0.8753 -0.1597
vn -0.2637 0.6988 -0.6649
vn -0.3242 0.7318 -0.5994
vn -0.3168 0.7389 -0.5947
vn -0.3456 0.7610 -0.5490
vn -0.4662 0.8644 -0.1885
vn -0.4804 0.8737 -0.0766
vn -0.3247 0.7850 -0.5277
vn -0.3948 0.8253 -0.4038
vn -0.4330 0.8713 -0.2310
vn -0.4615 0.8718 -0.1641
vn -0.4819 0.8747 -0.0518
vn -0.4840 0.8736 -0.0503
vn -0.4406 0.8545 -0.2751
vn -0.4714 0.8596 -0.1973
vn -0.4962 0.8679 -0.0215
vn -0.5060 0.8604 0.0617
vn -0.5033 0.8605 0.0794
vn -0.5000 0.8587 0.1124
vn -0.5358 0.8138 0.2253
vn -0.5268 0.8151 0.2409
vn -0.5387 0.7944 0.2806
vn -0.5274 0.8330 0.1673
vn -0.5068 0.8379 0.2026
vn -0.5041 0.8572 0.1056
vn -0.5633 0.8069 -0.1778
vn -0.4208 0.8931 -0.1591
vn -0.4154 0.8835 -0.2164
vn -0.4209 0.8870 -0.1902
vn -0.4406 0.8323 0.3363
vn -0.3733 0.9221 -0.1021
vn -0.4406 0.8975 -0.0176
vn -0.3994 0.9152 -0.0537
vn -0.4146 0.9095 0.0293
vn -0.4695 0.8613 0.1943
vn -0.4749 0.8764 0.0803
vn -0.4823 0.8612 0.1603
vn -0.4575 0.8776 -0.1434
vn -0.4847 0.8383 0.2495
vn -0.4656 0.8825 -0.0661
vn -0.4948 0.8562 0.1485
vn -0.5113 0.8207 0.2551
vn -0.5186 0.7772 0.3564
vn -0.5122 0.6444 0.5678
vn -0.4743 0.6096 0.6351
vn -0.4865 0.5901 0.6443
vn -0.4977 0.4968 0.7110
vn -0.5107 0.8442 0.1627
vn -0.3956 0.7979 -0.4549
vn -0.3101 0.6939 -0.6499
vn -0.3428 0.8009 -0.4910
vn -0.5479 0.8292 0.1105
vn -0.4936 0.8674 0.0637
vn -0.4868 0.8705 0.0724
vn -0.4816 0.8747 0.0540
vn -0.4560 0.8842 0.1009
vn -0.4655 0.8820 0.0730
vn -0.5437 0.8162 0.1954
vn -0.4866 0.8646 0.1253
vn -0.5152 0.8353 0.1920
vn -0.4335 0.9011 -0.0105
vn -0.4578 0.8880 0.0439
vn -0.4508 0.8924 0.0209
vn -0.5537 0.7946 0.2492
vn -0.5378 0.7203 0.4381
vn -0.4404 0.8930 0.0922
vn -0.4192 0.9078 -0.0093
vn -0.4109 0.9044 -0.1149
vn -0.4275 0.9006 -0.0790
vn -0.4939 0.8653 -0.0855
vn -0.4476 0.8814 -0.1510
vn -0.3460 0.9066 -0.2416
vn -0.3623 0.9121 -0.1917
vn -0.3730 0.8962 -0.2402
vn -0.4014 0.9028 -0.1540
vn -0.4239 0.9012 -0.0900
vn -0.2840 0.8191 -0.4984
vn -0.2635 0.8811 -0.3927
vn -0.3186 0.8933 -0.3172
vn -0.3332 0.8840 -0.3279
vn -0.2883 0.8554 -0.4304
vn -0.2743 0.8086 -0.5205
vn -0.2561 0.8864 -0.3855
vn -0.3505 0.9047 -0.2422
vn -0.3029 0.8749 -0.3780
vn -0.3251 0.8817 -0.3418
vn -0.3289 0.8874 -0.3231
vn -0.5537 0.7827 0.2843
vn -0.5272 0.8005 0.2851
vn -0.5220 0.7932 0.3137
vn -0.4978 0.8498 0.1731
vn -0.5204 0.7459 0.4156
vn -0.4572 0.8733 0.1682
vn -0.4729 0.8738 0.1134
vn -0.4875 0.8631 0.1321
vn -0.4752 0.8770 0.0705
vn -0.4972 0.8619 0.0995
vn -0.4152 0.8958 -0.1584
vn -0.4075 0.8952 -0.1804
vn -0.3178 0.8732 -0.3695
vn -0.3400 0.8760 -0.3422
vn -0.3319 0.8787 -0.3430
vn -0.3278 0.8846 -0.3318
vn -0.3068 0.8666 -0.3935
vn -0.2622 0.8737 -0.4098
vn -0.3292 0.8763 -0.3517
vn -0.2497 0.8605 -0.4441
vn 0.0401 0.4383 -0.8979
vn -0.3769 0.8914 -0.2519
vn -0.7681 0.6397 -0.0282
vn -0.5229 0.8516 0.0380
vn -0.4739 0.8370 0.2736
vn -0.4015 0.8486 -0.3444
vn -0.3170 0.8675 -0.3834
vn -0.3176 0.8715 -0.3737
vn -0.3392 0.8351 -0.4331
vn -0.3612 0.8746 -0.3235
vn -0.3786 0.8797 -0.2877
vn -0.4137 0.6783 -0.6072
vn -0.4254 0.8775 -0.2214
vn -0.4621 0.8771 -0.1313
vn -0.4090 0.8752 -0.2583
vn -0.3865 0.8819 -0.2699
vn -0.3897 0.8808 -0.2688
vn -0.4417 0.8646 -0.2397
vn -0.4556 0.8744 -0.1670
vn -0.4144 0.8818 -0.2250
vn -0.4296 0.8816 -0.1958
vn -0.4029 0.8846 -0.2348
vn -0.3622 0.8535 -0.3746
vn -0.4213 0.8765 -0.2329
vn -0.4132 0.8818 -0.2274
vn -0.4263 0.8817 -0.2021
vn -0.3865 0.8843 -0.2619
vn -0.5016 0.8592 -0.1008
vn -0.4652 0.8617 -0.2028
vn -0.4523 0.8790 -0.1509
vn -0.4340 0.8794 -0.1956
vn -0.3914 0.8886 -0.2394
vn -0.5518 0.8282 -0.0982
vn -0.4605 0.8699 -0.1767
vn -0.4621 0.8745 -0.1472
vn -0.4234 0.8834 -0.2009
vn -0.3904 0.8914 -0.2302
vn -0.3056 0.9031 -0.3017
vn -0.1229 0.6779 -0.7248
vn 0.0576 0.5742 -0.8167
vn -0.3595 0.8401 -0.4061
vn -0.3174 0.8697 -0.3781
vn -0.3602 0.8790 -0.3126
vn -0.3684 0.8852 -0.2843
vn -0.3655 0.8874 -0.2810
vn -0.4515 0.8784 -0.1567
vn -0.4207 0.8809 -0.2169
vn -0.3166 0.8681 -0.3823
vn -0.4039 0.8878 -0.2206
vn -0.3701 0.8873 -0.2751
vn -0.3887 0.8906 -0.2361
vn -0.3901 0.8931 -0.2240
vn -0.4119 0.8881 -0.2038
vn -0.4605 0.8733 -0.1589
vn -0.4521 0.8784 -0.1547
vn -0.5206 0.8296 -0.2020
vn -0.4168 0.8954 -0.1565
vn -0.2816 0.7973 -0.5339
vn -0.4930 0.8688 0.0472
vn -0.4956 0.8643 -0.0859
vn -0.5006 0.8568 -0.1234
vn -0.4195 0.8939 -0.1580
vn -0.4010 0.8904 -0.2155
vn -0.3997 0.8925 -0.2090
vn -0.4411 0.8860 -0.1432
vn -0.4572 0.8739 -0.1653
vn -0.4787 0.8738 -0.0852
vn -0.4100 0.8946 -0.1775
vn -0.4063 0.8920 -0.1982
vn -0.5184 0.8545 0.0341
vn -0.5742 0.7955 -0.1935
vn -0.2708 0.9027 -0.3344
vn -0.4065 0.8843 -0.2295
vn -0.4126 0.8927 -0.1813
vn -0.3899 0.8961 -0.2121
vn -0.5483 0.8197 -0.1657
vn -0.4534 0.8744 -0.1725
vn -0.5037 0.8631 -0.0359
vn -0.4585 0.8740 -0.1610
vn -0.3877 0.8968 -0.2133
vn -0.3645 0.8989 -0.2431
vn -0.5281 0.8490 -0.0152
vn -0.4522 0.8810 -0.1392
vn -0.4198 0.8940 -0.1568
vn -0.3222 0.9028 -0.2848
vn -0.5743 0.8174 0.0457
vn -0.4826 0.8736 -0.0625
vn -0.3622 0.9058 -0.2196
vn -0.3841 0.9049 -0.1836
vn -0.2739 0.9410 -0.1987
vn -0.4701 0.8649 -0.1756
vn -0.3356 0.8927 -0.3006
vn -0.3840 0.8887 -0.2505
vn -0.3885 0.8935 -0.2253
vn -0.2996 0.9014 -0.3125
vn -0.4050 0.8929 -0.1968
vn -0.4226 0.8882 -0.1802
vn -0.3766 0.8964 -0.2336
vn -0.3084 0.8976 -0.3150
vn -0.3199 0.9040 -0.2835
vn -0.2783 0.9027 -0.3281
vn -0.2419 0.9139 -0.3261
vn -0.1642 0.8989 -0.4062
vn -0.3509 0.9166 -0.1916
vn -0.4168 0.9022 -0.1108
vn -0.4979 0.8640 -0.0740
vn -0.4519 0.8556 -0.2524
vn -0.4725 0.8753 -0.1030
vn 0.2434 0.6627 -0.7082
vn -0.0382 0.9107 -0.4114
vn -0.0623 0.9039 -0.4233
vn -0.1368 0.9084 -0.3951
vn -0.2307 0.9140 -0.3336
vn -0.2928 0.8120 -0.5049
vn 0.0165 0.8987 -0.4383
vn -0.0549 0.8960 -0.4406
vn -0.1255 0.9005 -0.4164
vn -0.2410 0.9059 -0.3482
vn -0.5685 0.1591 -0.8071
vn 0.0214 0.8656 -0.5002
vn -0.0340 0.8841 -0.4661
vn -0.1146 0.8921 -0.4372
vn -0.2371 0.8967 -0.3737
vn -0.0144 0.8799 -0.4750
vn -0.1871 0.9149 -0.3577
vn -0.1890 0.9028 -0.3863
vn -0.2234 0.8957 -0.3846
vn 0.2355 0.7677 -0.5960
vn -0.2378 0.9184 -0.3162
vn -0.2406 0.9036 -0.3545
vn -0.3331 0.9015 -0.2764
vn -0.2120 0.8934 -0.3961
vn -0.3203 0.9027 -0.2874
vn -0.1958 0.8983 -0.3934
vn -0.2416 0.9077 -0.3432
vn -0.5034 0.8635 -0.0310
vn -0.5245 0.0756 -0.8481
vn -0.2721 0.9004 -0.3395
vn -0.2091 0.9446 -0.2530
vn -0.1616 0.9272 -0.3380
vn -0.2133 0.9240 -0.3174
vn -0.3005 0.9187 -0.2562
vn -0.2612 0.9102 -0.3215
vn -0.1362 0.9104 -0.3907
vn -0.5019 0.8505 -0.1571
vn -0.2727 0.8928 -0.3585
vn 0.3029 0.6892 -0.6582
vn -0.3829 0.9028 -0.1959
vn 0.0034 0.8601 -0.5101
vn -0.1079 0.9112 -0.3976
vn -0.1871 0.8995 -0.3948
vn -0.3663 0.8963 -0.2501
vn -0.2754 0.9054 -0.3230
vn -0.0375 0.8821 -0.4697
vn -0.3318 0.9196 -0.2102
vn 0.0564 0.9096 -0.4117
vn -0.3029 0.8798 -0.3664
vn -0.3340 0.8226 -0.4603
vn -0.2907 0.9304 -0.2232
vn -0.2179 0.9263 -0.3075
vn -0.2175 0.9154 -0.3388
vn 0.0642 0.8832 -0.4646
vn 0.1568 0.8636 -0.4791
vn -0.0357 0.9235 -0.3818
vn -0.1506 0.9187 -0.3651
vn -0.1926 0.9126 -0.3607
vn 0.1553 0.8336 -0.5301
vn -0.0889 0.9112 -0.4024
vn -0.1045 0.9149 -0.3899
vn -0.0040 0.8985 -0.4389
vn -0.0358 0.9031 -0.4279
vn 0.0331 0.8944 -0.4461
vn 0.2785 0.7946 -0.5395
vn -0.1557 0.9085 -0.3878
vn 0.1853 0.8545 -0.4852
vn 0.0675 0.8989 -0.4329
vn -0.3873 0.8144 -0.4323
vn 0.0554 0.8695 -0.4908
vn 0.3067 0.8292 -0.4673
vn 0.3670 0.7625 -0.5328
vn -0.3833 0.9124 -0.1438
vn -0.1738 0.9213 -0.3478
vn -0.1944 0.9152 -0.3529
vn -0.3404 0.8987 -0.2766
vn -0.1840 0.9129 -0.3644
vn -0.3099 0.8956 -0.3193
vn 0.0861 0.8765 -0.4737
vn 0.0621 0.8826 -0.4659
vn 0.2500 0.8027 -0.5414
vn 0.3527 0.7765 -0.5222
vn 0.4249 0.7321 -0.5324
vn 0.2439 0.8379 -0.4882
vn 0.4439 0.7669 -0.4635
vn 0.4063 0.7322 -0.5466
vn -0.0867 0.8613 -0.5007
vn 0.3843 0.8383 -0.3866
vn 0.4841 0.7795 -0.3976
vn 0.3815 0.8345 -0.3975
vn 0.2588 0.8771 -0.4047
vn 0.5102 0.7454 -0.4290
vn 0.2005 0.8784 -0.4339
vn 0.0143 0.9113 -0.4116
vn 0.3646 0.8334 -0.4154
vn 0.5233 0.7754 -0.3536
vn 0.0283 0.9176 -0.3965
vn 0.1181 0.8286 -0.5473
vn 0.3202 0.7245 -0.6103
vn -0.1411 0.9199 -0.3660
vn 0.0503 0.8947 -0.4437
vn -0.0072 0.8928 -0.4505
vn -0.1792 0.9477 -0.2640
vn 0.1834 0.7556 -0.6289
vn -0.3537 0.8162 -0.4569
vn 0.0040 0.8776 -0.4795
vn 0.2685 0.7625 -0.5887
vn -0.0066 0.8897 -0.4564
vn -0.2568 0.8926 -0.3707
vn 0.0416 0.7108 -0.7022
vn -0.2972 0.7798 -0.5510
vn -0.1483 0.9250 -0.3498
vn 0.2661 0.7075 -0.6547
vn -0.1051 0.8686 -0.4843
vn -0.3541 0.9088 -0.2208
vn 0.1025 0.6788 -0.7271
vn -0.1763 0.7271 -0.6636
vn -0.2636 0.9137 -0.3093
vn -0.1190 0.8428 -0.5249
vn -0.1756 0.8389 -0.5152
vn -0.4454 0.8694 -0.2140
vn -0.4137 0.8083 -0.4189
vn -0.2671 0.7194 -0.6412
vn -0.3473 0.9070 -0.2383
vn -0.1973 0.8097 -0.5526
vn -0.2769 0.8005 -0.5315
vn -0.4847 0.8669 -0.1166
vn -0.4240 0.7909 -0.4413
vn -0.3646 0.7224 -0.5875
vn -0.3490 0.8936 -0.2823
vn -0.2934 0.8147 -0.5001
vn -0.3254 0.8239 -0.4641
vn -0.4550 0.8726 -0.1777
vn -0.4730 0.7854 -0.3992
vn -0.4788 0.7680 -0.4253
vn -0.4366 0.8740 0.2134
vn -0.3591 0.8324 -0.4221
vn -0.4859 0.8626 0.1410
vn -0.5358 0.7515 0.3848
vn -0.6370 0.7683 0.0629
vn -0.6863 0.7049 0.1790
vn -0.3907 0.9165 0.0858
vn -0.4784 0.8016 -0.3587
vn -0.5205 0.8359 -0.1739
vn -0.4957 0.8140 0.3029
vn -0.5830 0.7903 -0.1883
vn -0.6065 0.6877 -0.3991
vn -0.3349 0.8985 0.2838
vn -0.5399 0.7953 -0.2756
vn -0.5514 0.8342 -0.0015
vn -0.5415 0.7175 0.4380
vn -0.6037 0.7113 0.3600
vn -0.6602 0.7409 0.1233
vn -0.3043 0.9190 0.2507
vn -0.5480 0.7920 -0.2690
vn -0.4983 0.8604 0.1068
vn -0.3193 0.6638 0.6763
vn -0.5883 0.6432 0.4900
vn -0.3458 0.5395 0.7677
vn -0.2689 0.9124 0.3086
vn -0.5751 0.7767 -0.2568
vn -0.5425 0.8349 -0.0932
vn -0.3903 0.7965 0.4618
vn -0.6000 0.7072 0.3740
vn -0.5697 0.6955 0.4379
vn -0.0469 0.8774 0.4775
vn -0.5476 0.8365 0.0218
vn -0.3587 0.9123 0.1975
vn -0.2109 0.7802 0.5890
vn -0.4416 0.6892 0.5744
vn -0.2687 0.5960 0.7567
vn -0.3265 0.9016 0.2838
vn -0.7817 0.6234 -0.0176
vn -0.5972 0.7835 0.1719
vn 0.0397 0.8569 0.5140
vn -0.7964 0.5932 -0.1179
vn -0.6935 0.6953 0.1884
vn -0.3455 0.8596 0.3764
vn -0.6453 0.7159 0.2665
vn -0.6874 0.6665 0.2884
vn -0.3229 0.8691 0.3746
vn -0.6894 0.7090 0.1487
vn -0.7897 0.6046 0.1039
vn -0.8815 0.4239 0.2079
vn -0.8118 0.5358 0.2323
vn -0.6224 0.7398 0.2556
vn -0.8590 0.4764 0.1878
vn -0.7677 0.6408 -0.0043
vn -0.2969 0.9548 -0.0103
vn -0.5244 0.6126 0.5914
vn -0.2582 0.8706 0.4188
vn -0.4052 0.8694 0.2826
vn -0.8183 0.5467 0.1777
vn -0.4304 0.9024 -0.0213
vn 0.2047 0.9381 -0.2794
vn -0.0206 0.6455 0.7635
vn 0.0607 0.8956 0.4406
vn 0.1533 0.9339 0.3229
vn -0.6255 0.6759 0.3898
vn -0.2119 0.9623 -0.1703
vn 0.1443 0.8948 -0.4226
vn 0.4892 0.5531 0.6744
vn 0.6173 0.7349 0.2808
vn 0.5129 0.8277 0.2276
vn -0.3379 0.7591 0.5564
vn -0.3993 0.9096 -0.1144
vn 0.2382 0.8208 -0.5192
vn 0.8942 0.3155 0.3176
vn 0.8586 0.5092 0.0590
vn 0.7979 0.5985 0.0716
vn 0.4058 0.7381 0.5390
vn 0.4082 0.8855 -0.2217
vn 0.4168 0.8270 -0.3772
vn 0.9702 0.2067 0.1263
vn 0.9522 0.2953 -0.0784
vn 0.9121 0.4097 -0.0125
vn 0.7945 0.5337 0.2896
vn 0.6481 0.7313 -0.2125
vn 0.5773 0.6667 -0.4715
vn 0.9271 0.2253 0.2995
vn 0.9409 0.2868 -0.1804
vn 0.8706 0.4379 -0.2241
vn 0.9206 0.3319 0.2058
vn 0.7278 0.6070 -0.3192
vn 0.6378 0.5557 -0.5333
vn 0.8478 0.5199 -0.1045
vn 0.8894 0.4144 -0.1931
vn 0.8602 0.3973 -0.3196
vn 0.7115 0.1521 -0.6860
vn 0.5650 0.5798 -0.5870
vn 0.7044 0.7070 -0.0636
vn 0.7011 0.6327 0.3288
vn 0.5613 0.5862 0.5842
vn 0.3839 0.7189 -0.5795
vn 0.8265 0.5618 0.0356
vn 0.6614 0.7312 -0.1669
vn 0.8333 0.5528 -0.0053
vn 0.3520 0.8817 -0.3142
vn 0.5886 0.8082 -0.0161
vn 0.6820 0.7312 -0.0170
vn 0.5331 0.7962 -0.2861
vn 0.7205 0.6834 -0.1179
vn 0.8407 0.4322 0.3261
vn 0.5244 0.8505 -0.0414
vn 0.7300 0.6311 0.2623
vn 0.8192 0.4209 0.3895
vn 0.5948 0.7755 -0.2117
vn 0.7448 0.6540 0.1328
vn 0.7636 0.4121 0.4971
vn 0.7394 0.5383 0.4044
vn 0.5619 0.8181 -0.1224
vn 0.1743 0.7814 -0.5992
vn 0.7688 0.5929 0.2395
vn 0.5307 0.8329 -0.1569
vn 0.8558 0.5170 -0.0182
vn 0.3939 0.8576 -0.3307
vn 0.8825 0.2947 0.3666
vn 0.7723 0.6169 0.1516
vn 0.4356 0.8269 -0.3556
vn 0.8620 0.4322 0.2650
vn 0.5321 0.8283 -0.1754
vn 0.5968 0.7906 -0.1367
vn 0.1379 0.9004 -0.4127
vn -0.1262 0.8110 -0.5713
vn 0.3507 0.8590 -0.3729
vn 0.0302 0.8701 -0.4919
vn 0.2021 0.8374 -0.5079
vn 0.3551 0.8878 -0.2928
vn 0.5943 0.7831 -0.1830
vn 0.3522 0.8728 -0.3379
vn 0.2679 0.8836 -0.3841
vn 0.4626 0.8346 -0.2991
vn 0.4993 0.8007 -0.3311
vn 0.2447 0.8909 -0.3826
vn 0.2567 0.8811 -0.3971
vn 0.0892 0.9029 -0.4206
vn 0.3167 0.8665 -0.3859
vn 0.2606 0.8761 -0.4056
vn 0.3566 0.8113 -0.4632
vn -0.0518 0.9041 -0.4242
vn 0.6461 0.6962 -0.3128
vn -0.4056 0.8615 -0.3056
vn 0.2610 0.7482 -0.6099
vn -0.4250 0.8543 -0.2993
vn 0.2316 0.6958 -0.6799
vn -0.2098 0.9092 -0.3597
vn 0.0335 0.7089 -0.7045
vn -0.4302 0.8779 -0.2102
vn -0.3309 0.7757 -0.5374
vn -0.5530 0.8319 -0.0462
vn -0.4234 0.7817 -0.4579
vn -0.6448 0.7216 0.2520
vn -0.5496 0.8050 -0.2235
vn -0.5446 0.7615 0.3515
vn -0.5839 0.8101 -0.0534
vn -0.4731 0.7345 0.4866
vn -0.6791 0.6800 0.2764
vn -0.5119 0.7791 0.3620
vn -0.6462 0.7270 0.2322
vn -0.2192 0.4941 0.8413
vn -0.6078 0.7197 0.3355
vn -0.0696 0.5425 0.8372
vn -0.5826 0.6644 0.4682
vn 0.0317 0.6083 0.7931
vn -0.4695 0.6728 0.5718
vn -0.1279 0.8856 0.4465
vn -0.7200 0.6427 0.2617
vn -0.1743 0.8490 0.4987
vn -0.4105 0.7668 0.4935
vn -0.9341 0.3516 -0.0613
vn -0.7760 0.6197 0.1171
vn -0.8466 0.5282 0.0655
vn -0.5859 0.8080 -0.0630
vn -0.8478 0.5219 0.0943
vn -0.5166 0.8186 -0.2511
vn -0.6825 0.6531 0.3282
vn -0.5358 0.8033 -0.2601
vn -0.0983 0.8616 0.4980
vn -0.5551 0.8162 -0.1602
vn 0.7309 0.6541 0.1948
vn 0.0776 0.9878 -0.1348
vn 0.8932 0.4439 0.0716
vn 0.4510 0.8659 -0.2163
vn 0.8735 0.4650 -0.1444
vn 0.6126 0.3970 -0.6835
vn 0.8605 0.3975 -0.3186
vn 0.4977 0.2139 -0.8406
vn 0.4155 0.7629 -0.4953
vn 0.7238 0.4169 -0.5498
vn 0.6467 0.7356 -0.2017
vn 0.6848 0.5007 -0.5295
vn 0.8016 0.5978 -0.0084
vn 0.3328 0.6557 -0.6777
vn 0.5082 0.8353 -0.2096
vn 0.8695 0.4928 0.0324
vn 0.4963 0.8150 -0.2991
vn 0.0394 0.8167 -0.5757
vn 0.1503 0.8869 -0.4369
vn 0.3168 0.8363 -0.4475
vn 0.1454 0.8913 -0.4295
vn 0.1794 0.8716 -0.4561
vn 0.0670 0.9030 -0.4244
vn 0.4764 0.7723 -0.4201
vn 0.2874 0.7199 -0.6318
vn 0.6679 0.5040 -0.5477
vn 0.2214 0.7998 -0.5580
vn 0.1571 0.8284 -0.5377
vn 0.2719 0.7508 -0.6020
vn 0.0530 0.9129 -0.4048
vn 0.0205 0.9342 -0.3562
vn -0.0069 0.9578 -0.2873
vn 0.0308 0.8748 -0.4836
vn 0.1250 0.9911 0.0465
vn 0.2153 0.9330 0.2884
vn 0.2853 0.8681 0.4061
vn 0.2993 0.8554 0.4226
vn 0.1749 0.9336 0.3128
vn -0.0432 0.9865 0.1578
vn -0.1735 0.9817 0.0790
vn -0.1654 0.9827 0.0828
vn -0.0855 0.9908 0.1050
vn -0.2144 0.9726 0.0899
vn -0.1962 0.9765 0.0892
vn -0.1327 0.9882 0.0772
vn 0.4265 0.8975 -0.1121
vn 0.6348 0.7306 -0.2513
vn 0.6796 0.6623 -0.3154
vn 0.6657 0.6960 -0.2691
vn 0.6500 0.7448 -0.1513
vn 0.6481 0.7242 -0.2354
vn 0.6455 0.7226 -0.2473
vn 0.5931 0.7193 -0.3615
vn 0.2830 0.6821 -0.6742
vn 0.4535 0.6873 -0.5674
vn 0.3659 0.7010 -0.6122
vn 0.4045 0.8566 -0.3204
vn 0.4449 0.8086 -0.3851
vn 0.5003 0.7971 -0.3382
vn 0.4667 0.7805 -0.4160
vn 0.0467 0.9047 -0.4234
vn 0.0552 0.9076 -0.4162
vn -0.1329 0.8777 -0.4603
vn 0.5284 0.7764 -0.3435
vn 0.3560 0.8521 -0.3836
vn 0.4509 0.8105 -0.3738
vn 0.6836 0.5941 -0.4238
vn 0.1395 0.8869 -0.4404
vn 0.1385 0.8818 -0.4509
vn 0.2965 0.8408 -0.4530
vn -0.1109 0.8941 -0.4340
vn -0.6800 0.7272 -0.0942
vn -0.2955 0.8715 -0.3913
vn -0.2182 0.8682 -0.4457
vn 0.2730 0.8515 -0.4477
vn -0.3243 0.8579 -0.3987
vn 0.3360 0.8173 -0.4681
vn 0.2165 0.8422 -0.4938
vn 0.4044 0.7116 -0.5745
vn 0.2847 0.7856 -0.5493
vn 0.2594 0.7773 -0.5731
vn -0.1330 0.8848 -0.4467
vn -0.4024 0.8411 -0.3615
vn -0.4311 0.8327 -0.3475
vn -0.2808 0.9009 -0.3310
vn -0.0122 0.8653 -0.5010
vn -0.2246 0.8564 -0.4649
vn -0.1780 0.8933 -0.4126
vn -0.2486 0.8930 -0.3751
vn -0.2752 0.8915 -0.3599
vn 0.2275 0.7931 -0.5650
vn -0.2739 0.9075 -0.3184
vn -0.2434 0.8990 -0.3641
vn -0.2664 0.8954 -0.3567
vn -0.2641 0.8889 -0.3743
vn -0.2284 0.8835 -0.4090
vn -0.2572 0.9127 -0.3174
vn -0.5275 0.8419 -0.1141
vn -0.3418 0.8887 -0.3056
vn -0.3465 0.8889 -0.2998
vn -0.3550 0.8785 -0.3196
vn -0.3431 0.8823 -0.3223
vn -0.3852 0.8872 -0.2540
vn -0.3451 0.8967 -0.2771
vn -0.4502 0.8772 -0.1667
vn -0.3369 0.8943 -0.2945
vn -0.2948 0.8429 -0.4502
vn -0.3434 0.8753 -0.3406
vn -0.3430 0.8423 -0.4158
vn -0.4501 0.8794 -0.1551
vn -0.3343 0.8902 -0.3094
vn -0.5437 0.8388 0.0298
vn -0.4542 0.8908 0.0150
vn -0.4987 0.8617 0.0933
vn -0.4742 0.8792 -0.0453
vn -0.4832 0.8555 0.1859
vn -0.5170 0.8414 0.1572
vn -0.4585 0.8878 -0.0395
vn -0.5572 0.8162 0.1529
vn -0.4181 0.8840 -0.2092
vn -0.4328 0.8977 -0.0826
vn -0.4148 0.9087 -0.0472
vn -0.4300 0.8853 -0.1768
vn -0.4725 0.8813 -0.0082
vn -0.4114 0.9044 -0.1130
vn -0.4240 0.6088 0.6705
vn -0.3258 0.8428 0.4284
vn -0.4855 0.8712 0.0728
vn -0.3909 0.9199 -0.0308
vn -0.3728 0.9278 0.0135
vn -0.3738 0.8100 0.4519
vn -0.3576 0.8058 -0.4720
vn -0.1899 0.4977 0.8463
vn -0.2004 0.8934 0.4022
vn -0.5399 0.8181 -0.1983
vn -0.4645 0.8854 0.0138
vn -0.3537 0.9074 0.2269
vn -0.0964 0.6504 0.7534
vn -0.2991 0.9475 0.1127
vn -0.0340 0.5094 0.8599
vn -0.0808 0.8174 0.5703
vn -0.4832 0.8753 0.0181
vn -0.6040 0.7290 -0.3221
vn -0.4912 0.8710 0.0078
vn -0.0956 0.7929 0.6018
vn -0.3106 0.9505 0.0122
vn 0.1709 0.3590 0.9175
vn -0.0465 0.8512 0.5228
vn -0.4347 0.8720 0.2251
vn -0.5178 0.8552 0.0242
vn -0.5295 0.8430 0.0947
vn 0.0552 0.7348 0.6761
vn -0.4086 0.9125 -0.0218
vn 0.2676 0.5182 0.8123
vn -0.3648 0.8898 0.2741
vn -0.4643 0.8576 0.2215
vn -0.6663 0.7454 -0.0190
vn -0.6427 0.7563 0.1223
vn -0.2031 0.8839 0.4213
vn 0.0168 0.7843 0.6202
vn -0.4548 0.8718 0.1821
vn -0.2447 0.8296 0.5019
vn -0.6164 0.7802 0.1064
vn -0.5666 0.7924 0.2260
vn -0.5434 0.7673 0.3405
vn -0.4082 0.8390 0.3598
vn -0.3510 0.8482 0.3967
vn -0.2823 0.8595 0.4261
vn -0.3121 0.8092 0.4978
vn -0.9069 0.3639 0.2122
vn -0.8717 0.4466 0.2016
vn -0.8257 0.4767 0.3016
vn -0.2289 0.7544 0.6152
vn -0.4830 0.7483 0.4548
vn -0.7777 0.6204 0.1016
vn -0.0242 0.5687 0.8222
vn -0.6031 0.3536 0.7150
vn -0.3791 0.5085 0.7731
vn -0.4346 0.5124 0.7407
vn -0.1422 0.4836 0.8637
vn -0.7645 0.4425 0.4688
vn -0.8132 0.4881 0.3170
vn -0.0363 0.3647 0.9304
vn -0.2450 0.2439 0.9384
vn 0.2697 0.4092 0.8717
vn 0.1979 0.4513 0.8702
vn 0.2449 0.2513 0.9364
vn -0.5504 0.3916 0.7374
vn -0.4906 0.4936 0.7181
vn 0.4518 0.1680 0.8762
vn 0.6299 0.1425 0.7635
vn 0.7168 0.2359 0.6561
vn 0.7041 0.2718 0.6560
vn 0.3058 0.1767 0.9356
vn -0.1612 0.3143 0.9355
vn -0.0706 0.4267 0.9016
vn 0.7453 0.2308 0.6255
vn 0.6599 0.1542 0.7353
vn 0.8639 0.1032 0.4930
vn 0.8948 0.1275 0.4278
vn 0.7451 0.0674 0.6635
vn 0.4889 0.1357 0.8617
vn 0.3663 0.3088 0.8778
vn 0.6181 0.4822 0.6209
vn 0.6723 0.4065 0.6186
vn 0.8941 0.3089 0.3242
vn 0.8957 0.2334 0.3784
vn 0.8621 0.2236 0.4547
vn 0.9404 0.1108 0.3214
vn 0.9364 0.1111 0.3329
vn 0.6704 0.7200 0.1794
vn 0.4292 0.5859 0.6874
vn 0.7480 0.5110 0.4236
vn 0.7086 0.4190 0.5677
vn 0.8987 0.4380 -0.0200
vn 0.9784 0.1366 -0.1553
vn 0.9876 0.1408 -0.0694
vn 0.3164 0.7221 0.6152
vn 0.3571 0.7184 0.5970
vn 0.6337 0.7734 0.0160
vn 0.6577 0.7120 -0.2458
vn 0.7344 0.6689 0.1153
vn 0.8752 0.2527 -0.4124
vn 0.9269 0.3632 0.0947
vn 0.3609 0.9244 -0.1235
vn 0.5306 0.8376 0.1297
vn 0.4452 0.3841 0.8089
vn 0.6965 0.7052 0.1322
vn 0.4925 0.8679 -0.0648
vn 0.6167 0.7155 -0.3282
vn 0.6580 0.7510 -0.0547
vn 0.5383 0.6700 0.5112
vn 0.3899 0.9088 0.1489
vn 0.3405 0.8292 -0.4433
vn 0.3253 0.8302 -0.4528
vn 0.5333 0.5898 0.6064
vn 0.5212 0.6659 0.5337
vn 0.4921 0.5161 -0.7011
vn 0.4357 0.8806 0.1863
vn 0.3298 0.9408 0.0782
vn 0.5072 0.8606 0.0469
vn 0.4857 0.8609 -0.1518
vn 0.4216 0.8844 0.2000
vn 0.4059 0.9022 -0.1457
vn 0.4327 0.8973 -0.0878
vn 0.4762 0.8793 -0.0001
vn 0.6992 0.6763 0.2321
vn 0.5474 0.8365 -0.0246
vn -0.0616 0.8336 -0.5490
vn 0.5698 0.8145 0.1090
vn 0.5653 0.8249 0.0027
vn 0.5996 0.7239 0.3413
vn -0.4474 0.5370 -0.7151
vn 0.1371 0.8591 -0.4931
vn 0.7620 0.6129 0.2092
vn 0.8016 0.1634 0.5751
vn -0.3325 0.6847 -0.6486
vn -0.1432 0.8242 -0.5479
vn 0.0310 0.8897 -0.4555
vn -0.0675 0.8410 -0.5369
vn 0.5018 0.8038 -0.3196
vn 0.3907 0.8860 -0.2496
vn -0.3125 0.7906 -0.5266
vn 0.2134 0.8854 -0.4129
vn 0.1253 0.8217 -0.5560
vn 0.6886 0.7251 0.0076
vn 0.3984 0.9033 -0.1590
vn 0.5711 0.8132 -0.1121
vn 0.5467 0.8230 -0.1542
vn 0.3065 0.8909 -0.3351
vn 0.1651 0.9154 -0.3671
vn 0.0328 0.9152 -0.4016
vn -0.2033 0.8499 -0.4862
vn 0.3048 0.9046 -0.2978
vn 0.3408 0.8821 -0.3253
vn 0.2415 0.8970 -0.3701
vn 0.1696 0.8956 -0.4112
vn 0.1966 0.9024 -0.3833
vn 0.3164 0.8974 -0.3074
vn -0.1246 0.8606 -0.4937
vn 0.1491 0.8288 -0.5394
vn -0.1393 0.8552 -0.4993
vn 0.0122 0.8327 -0.5536
vn 0.2693 0.8116 -0.5184
vn 0.0260 0.8828 -0.4689
vn -0.0646 0.8897 -0.4520
vn -0.4814 0.7438 -0.4636
vn -0.1191 0.9142 -0.3874
vn 0.0412 0.8846 -0.4646
vn -0.0976 0.8860 -0.4534
vn -0.0527 0.8920 -0.4490
vn -0.0949 0.8899 -0.4462
vn -0.1546 0.8821 -0.4451
vn -0.3742 0.8482 -0.3749
vn -0.4009 0.8534 -0.3331
vn -0.5965 0.7605 -0.2565
vn -0.6957 0.6882 -0.2058
vn -0.4285 0.8490 -0.3091
vn -0.7498 0.6392 -0.1709
vn -0.8020 0.5798 -0.1438
vn -0.5548 0.7739 -0.3053
vn -0.9583 0.2544 0.1303
vn -0.9720 0.2293 0.0520
vn -0.8405 0.5281 -0.1210
vn -0.8472 0.5283 -0.0568
vn -0.4129 0.4396 -0.7977
vn 0.7647 0.5611 -0.3170
vn 0.5287 0.6585 -0.5356
vn 0.2365 0.8437 -0.4818
vn 0.1988 0.8398 -0.5052
vn 0.0405 0.8743 -0.4836
vn -0.0309 0.8829 -0.4686
vn -0.1751 0.8793 -0.4428
vn -0.4192 0.8364 -0.3531
vn -0.3554 0.8542 -0.3796
vn -0.6527 0.7357 -0.1810
vn -0.6246 0.7463 -0.2300
vn -0.4070 0.8712 -0.2746
vn -0.3856 0.8550 -0.3468
vn -0.8625 0.5042 -0.0444
vn -0.9086 0.4136 -0.0577
vn -0.9593 0.2579 0.1153
vn -0.5743 0.6714 -0.4684
vn -0.4271 0.8512 -0.3050
vn -0.2346 0.9442 -0.2311
vn -0.3170 0.8715 -0.3742
vn 0.0236 0.9384 -0.3447
vn 0.2337 0.8921 -0.3867
vn -0.0140 0.9311 -0.3644
vn -0.1742 0.9188 -0.3542
vn -0.2874 0.9331 -0.2163
vn 0.1746 0.9089 -0.3786
vn 0.4976 0.8002 -0.3347
vn 0.4679 0.7910 -0.3942
vn 0.0606 0.8980 -0.4358
vn 0.3875 -0.1790 -0.9043
vn 0.0849 0.9462 -0.3122
vn -0.0399 0.9479 -0.3162
vn -0.0185 0.9291 -0.3693
vn -0.0114 0.9034 -0.4287
vn -0.3566 0.8978 -0.2584
vn -0.5906 0.7869 -0.1788
vn -0.4720 0.8387 -0.2717
vn 0.6204 0.6721 -0.4043
vn 0.4220 0.8529 -0.3074
vn -0.3369 0.8799 -0.3350
vn -0.6231 0.7675 -0.1505
vn -0.3025 0.9052 -0.2986
vn 0.0158 0.9379 -0.3465
vn -0.1111 0.9537 -0.2796
vn 0.0496 0.9499 -0.3087
vn 0.1407 0.9455 -0.2936
vn 0.2180 0.9244 -0.3130
vn 0.2983 0.8937 -0.3352
vn -0.5772 0.8148 -0.0545
vn -0.1556 0.9589 -0.2371
vn -0.8362 0.5393 -0.1001
vn -0.4650 0.8495 -0.2494
vn -0.3812 0.8781 -0.2891
vn -0.0755 0.9454 -0.3169
vn 0.0850 0.9244 -0.3720
vn 0.0561 0.9316 -0.3592
vn -0.0276 0.9384 -0.3444
vn -0.1508 0.9277 -0.3416
vn 0.0137 0.9312 -0.3641
vn 0.3721 0.8118 -0.4500
vn 0.3073 0.8836 -0.3534
vn 0.5407 0.7754 -0.3262
vn 0.4682 0.8262 -0.3133
vn 0.4388 0.8500 -0.2913
vn 0.6153 0.7413 -0.2682
vn 0.7132 0.6970 0.0739
vn 0.4073 0.8794 -0.2466
vn 0.1729 0.9021 -0.3954
vn 0.0256 -0.1975 -0.9800
vn 0.1076 -0.7357 -0.6688
vn 0.0051 -0.4325 -0.9016
vn 0.0516 -0.6557 -0.7532
vn 0.1224 -0.3491 -0.9291
vn 0.1119 -0.4667 -0.8773
vn -0.1107 -0.6750 -0.7295
vn 0.0733 -0.4027 -0.9124
vn -0.2555 -0.6808 -0.6865
vn -0.2756 -0.6225 -0.7325
vn -0.3071 -0.5317 -0.7893
vn -0.3533 -0.3956 -0.8477
vn -0.2384 -0.6809 -0.6925
vn -0.2563 -0.6236 -0.7385
vn -0.2833 -0.5363 -0.7951
vn -0.3214 -0.4081 -0.8545
vn -0.2212 -0.6809 -0.6981
vn -0.2371 -0.6245 -0.7442
vn -0.2599 -0.5397 -0.8008
vn -0.2906 -0.4171 -0.8612
vn -0.2180 -0.6252 -0.7494
vn -0.2370 -0.5431 -0.8055
vn -0.2613 -0.4263 -0.8660
vn -0.1991 -0.6253 -0.7546
vn -0.2154 -0.5437 -0.8112
vn -0.2351 -0.4282 -0.8726
vn -0.1008 -0.5407 -0.8351
vn -0.2725 -0.6806 -0.6801
vn -0.2948 -0.6210 -0.7263
vn -0.3306 -0.5259 -0.7837
vn -0.3844 -0.3801 -0.8413
vn -0.3659 -0.0286 -0.9302
vn -0.3398 -0.2436 -0.9084
vn -0.2888 -0.2695 -0.9187
vn -0.1954 -0.0596 -0.9789
vn -0.1176 0.2218 -0.9680
vn 0.1213 -0.1549 -0.9805
vn -0.0819 -0.6951 -0.7143
vn 0.0190 -0.6905 -0.7231
vn -0.0986 -0.7331 -0.6729
vn -0.3858 -0.6035 -0.6979
vn -0.3561 -0.7505 -0.5567
vn -0.4956 -0.0143 -0.8684
vn -0.4163 -0.7156 -0.5609
vn -0.5317 -0.1705 -0.8296
vn -0.4602 -0.5664 -0.6837
vn -0.7595 -0.2986 -0.5779
vn -0.3383 -0.6799 -0.6506
vn -0.3670 -0.6156 -0.6974
vn -0.4119 -0.5058 -0.7580
vn -0.3055 -0.7176 -0.6259
vn -0.3221 -0.6801 -0.6585
vn -0.3494 -0.6173 -0.7049
vn -0.3927 -0.5123 -0.7637
vn -0.4513 -0.1648 -0.8770
vn -0.2803 -0.7397 -0.6118
vn -0.3058 -0.6804 -0.6660
vn -0.3315 -0.6191 -0.7119
vn -0.3728 -0.5191 -0.7691
vn -0.9073 -0.3550 -0.2254
vn -0.4604 -0.6124 -0.6427
vn -0.5097 -0.3536 -0.7843
vn -0.5372 -0.1203 -0.8348
vn -0.4408 -0.0405 -0.8967
vn -0.3517 -0.5256 -0.7746
vn -0.3132 -0.6209 -0.7186
vn -0.2892 -0.6806 -0.6732
vn -0.2912 -0.7499 -0.5940
vn -0.3437 -0.7218 -0.6007
vn -0.5558 -0.3324 -0.7620
vn -0.7478 -0.3964 -0.5326
vn -0.4935 -0.7118 -0.4998
vn -0.4382 -0.7035 -0.5595
vn -0.3346 -0.7413 -0.5818
vn -0.6060 -0.6908 -0.3945
vn -0.5499 -0.6844 -0.4787
vn -0.9082 -0.3722 -0.1915
vn -0.9137 -0.2678 -0.3056
vn -0.2939 -0.7510 -0.5912
vn -0.5101 -0.7062 -0.4909
vn -0.8322 -0.5269 -0.1726
vn -0.7639 -0.0824 -0.6400
vn -0.8229 -0.5350 -0.1913
vn -0.4396 -0.8697 -0.2246
vn -0.4329 0.8635 -0.2586
vn -0.6174 0.3630 -0.6979
vn -0.8019 -0.5241 -0.2868
vn -0.8949 -0.3400 -0.2890
vn -0.7334 -0.3646 -0.5737
vn -0.5007 -0.7385 -0.4516
vn -0.8889 -0.4581 -0.0043
vn -0.7646 -0.6098 -0.2085
vn -0.8984 -0.4390 0.0097
vn -0.8414 -0.5009 -0.2030
vn -0.7632 -0.5968 -0.2475
vn -0.9255 -0.3745 -0.0570
vn -0.5096 0.8554 0.0923
vn -0.9482 -0.3130 0.0545
vn -0.8306 -0.5521 -0.0723
vn -0.7144 -0.6726 -0.1931
vn -0.7923 -0.5671 -0.2249
vn -0.7016 -0.3982 -0.5909
vn -0.3824 0.8811 -0.2784
vn -0.9018 -0.4320 0.0076
vn -0.8775 -0.4789 0.0259
vn -0.9028 -0.4299 0.0059
vn -0.9294 -0.3689 0.0057
vn -0.4530 -0.4692 -0.7580
vn -0.5034 -0.8037 -0.3172
vn -0.3279 -0.8957 -0.3003
vn -0.4928 -0.7763 -0.3932
vn -0.7416 -0.4799 -0.4688
vn -0.5345 -0.7330 -0.4206
vn -0.2516 -0.8773 -0.4088
vn -0.2687 -0.8405 -0.4704
vn -0.4389 -0.7304 -0.5233
vn -0.3345 -0.8944 -0.2970
vn -0.2894 -0.8552 -0.4300
vn -0.2326 -0.7825 -0.5775
vn -0.2779 -0.7478 -0.6029
vn -0.2027 0.8622 -0.4643
vn -0.3475 -0.8747 -0.3379
vn -0.3900 -0.8178 -0.4231
vn -0.3981 -0.7519 -0.5255
vn -0.5059 -0.7877 -0.3515
vn -0.4292 -0.7834 -0.4495
vn -0.4326 -0.7364 -0.5202
vn -0.5877 0.7693 0.2506
vn -0.7154 -0.6728 -0.1884
vn -0.5597 -0.7304 -0.3914
vn -0.4886 -0.6491 -0.5831
vn -0.5655 0.7855 0.2512
vn -0.4080 -0.3986 -0.8214
vn -0.3259 -0.4110 -0.8514
vn -0.6119 -0.6028 -0.5120
vn -0.5257 -0.8371 -0.1515
vn -0.4932 -0.8302 -0.2598
vn -0.6902 -0.5459 -0.4750
vn -0.8455 -0.3020 -0.4403
vn -0.9957 0.0432 -0.0820
vn -0.7994 -0.4295 -0.4200
vn -0.4484 0.8434 -0.2961
vn -0.3633 -0.7807 -0.5085
vn -0.6648 -0.7141 -0.2191
vn -0.6926 -0.6747 -0.2552
vn -0.8241 -0.5569 -0.1034
vn -0.9468 -0.3036 0.1068
vn -0.9510 -0.2900 0.1076
vn -0.9391 -0.3412 -0.0418
vn -0.8620 -0.4038 -0.3066
vn -0.8430 -0.1733 -0.5093
vn -0.4726 -0.1167 -0.8735
vn -0.3184 -0.2108 -0.9242
vn -0.6693 -0.7411 -0.0524
vn -0.6926 -0.7200 -0.0437
vn -0.7333 -0.6725 -0.1004
vn -0.8111 -0.4994 -0.3045
vn -0.9527 -0.2312 -0.1974
vn -0.8684 -0.3825 0.3156
vn -0.6637 -0.7419 -0.0952
vn -0.6863 -0.7221 -0.0875
vn -0.7366 -0.6445 -0.2050
vn -0.8348 -0.3949 -0.3837
vn -0.9424 -0.2821 0.1798
vn -0.7291 -0.6605 0.1793
vn -0.6530 -0.7418 -0.1526
vn -0.6740 -0.7211 -0.1603
vn -0.7415 -0.5851 -0.3284
vn -0.9111 -0.3196 -0.2603
vn -0.7980 -0.5708 0.1936
vn -0.7341 -0.6788 0.0168
vn -0.6292 -0.7416 -0.2328
vn -0.6642 -0.6941 -0.2775
vn -0.7871 -0.4427 -0.4296
vn -0.8157 -0.5758 0.0560
vn -0.6341 -0.7698 0.0732
vn -0.8520 -0.5056 -0.1357
vn -0.5987 -0.7172 -0.3567
vn -0.6354 -0.6355 -0.4385
vn -0.7758 -0.4286 -0.4631
vn -0.6303 -0.7720 0.0819
vn -0.6840 -0.7256 -0.0750
vn -0.8683 -0.4282 -0.2505
vn -0.5456 -0.6474 -0.5322
vn -0.5740 -0.5515 -0.6053
vn -0.7487 -0.6047 -0.2715
vn -0.5244 -0.8514 0.0112
vn -0.7332 -0.6457 -0.2132
vn -0.8631 -0.3649 -0.3491
vn -0.6612 -0.7498 -0.0248
vn -0.6719 -0.7404 -0.0206
vn -0.6953 -0.7186 -0.0154
vn -0.7322 -0.6803 -0.0318
vn -0.7965 -0.5782 -0.1771
vn -0.8545 -0.3395 -0.3931
vn -0.9797 -0.1924 -0.0557
vn -0.9218 -0.2107 0.3254
vn -0.9072 -0.4040 0.1177
vn -0.9196 -0.3666 -0.1409
vn -0.9197 -0.1631 -0.3571
vn -0.7553 -0.5702 -0.3231
vn -0.5347 -0.8361 -0.1226
vn -0.5562 -0.8302 -0.0364
vn -0.4949 -0.5254 -0.6921
vn -0.4552 -0.5162 -0.7255
vn -0.5626 -0.5021 -0.6569
vn -0.6099 -0.6263 -0.4856
vn -0.6343 -0.6892 -0.3502
vn -0.6479 -0.7202 -0.2482
vn -0.6510 -0.7404 -0.1676
vn -0.6571 -0.7464 -0.1059
vn -0.6600 -0.7489 -0.0594
vn -0.7261 -0.6750 0.1312
vn -0.7804 -0.5889 0.2101
vn -0.8112 -0.5435 0.2158
vn -0.8702 -0.4611 0.1738
vn -0.7261 -0.6802 0.1009
vn -0.7753 -0.6202 0.1196
vn -0.8287 -0.5460 0.1229
vn -0.8925 -0.4341 0.1226
vn -0.6922 -0.7176 0.0767
vn -0.7757 -0.6251 0.0864
vn -0.8339 -0.5441 0.0925
vn -0.8977 -0.4293 0.0994
vn -0.8366 -0.5433 0.0706
vn -0.9033 -0.4238 0.0664
vn -0.6716 -0.7398 0.0411
vn -0.6951 -0.7176 0.0427
vn -0.7795 -0.6247 0.0465
vn -0.8467 -0.5315 0.0262
vn -0.9206 -0.3894 -0.0295
vn -0.6722 -0.7400 0.0236
vn -0.6957 -0.7179 0.0252
vn -0.7317 -0.6811 0.0269
vn -0.7868 -0.6172 0.0109
vn -0.8734 -0.4796 -0.0849
vn -0.9285 -0.2921 -0.2290
vn -0.6847 -0.7175 0.1277
vn -0.7291 -0.6641 0.1654
vn -0.7873 -0.4841 0.3819
vn -0.7574 -0.5044 0.4146
vn -0.7994 -0.5143 0.3106
vn -0.9068 -0.3547 0.2277
vn -0.9446 -0.2931 0.1479
vn -0.9582 -0.2673 0.1021
vn -0.9742 -0.2197 -0.0522
vn -0.9348 -0.1383 -0.3270
vn -0.9267 -0.2164 -0.3073
vn -0.8955 -0.1757 -0.4090
vn -0.8958 -0.3564 -0.2655
vn -0.8076 -0.5864 -0.0626
vn -0.7326 -0.6807 0.0057
vn -0.6954 -0.7186 0.0064
vn -0.6720 -0.7405 0.0038
vn -0.6614 -0.7500 0.0016
vn -0.6308 -0.7397 0.2344
vn -0.6528 -0.7176 0.2427
vn -0.8479 -0.4294 0.3109
vn -0.6586 -0.7176 0.2265
vn -0.7380 -0.6253 0.2537
vn -0.7943 -0.5440 0.2705
vn -0.8663 -0.4268 0.2596
vn -0.6983 -0.6810 0.2204
vn -0.7476 -0.6251 0.2243
vn -0.8135 -0.5420 0.2107
vn -0.9042 -0.4039 0.1388
vn -0.7092 -0.6773 0.1958
vn -0.7938 -0.5897 0.1485
vn -0.8835 -0.4642 0.0622
vn -0.9640 -0.2631 -0.0391
vn -0.6735 -0.7176 0.1774
vn -0.7263 -0.6675 0.1641
vn -0.8659 -0.4999 0.0172
vn -0.9272 -0.3515 -0.1295
vn -0.9562 -0.2784 -0.0910
vn -0.6778 -0.7175 0.1608
vn -0.7367 -0.6591 0.1515
vn -0.9204 -0.3900 -0.0298
vn -0.9118 -0.4084 0.0424
vn -0.7291 -0.5233 0.4410
vn -0.6248 -0.7398 0.2497
vn -0.7792 -0.5441 0.3112
vn -0.8961 -0.2760 0.3476
vn -0.9223 -0.2694 0.2772
vn -0.9629 -0.2302 0.1411
vn -0.9908 -0.1348 -0.0152
vn -0.9995 -0.0297 -0.0102
vn -0.8093 -0.3882 0.4408
vn -0.7276 -0.4275 0.5365
vn -0.8540 -0.3478 0.3870
vn -0.7079 -0.4847 0.5137
vn -0.6846 -0.4763 0.5518
vn -0.7860 -0.4837 0.3850
vn -0.7284 -0.6641 0.1684
vn -0.6814 -0.7175 0.1444
vn -0.6199 -0.7502 0.2303
vn -0.5729 -0.7398 0.3528
vn -0.5929 -0.7177 0.3653
vn -0.6234 -0.6811 0.3840
vn -0.6644 -0.6256 0.4089
vn -0.7139 -0.5452 0.4395
vn -0.5814 -0.7397 0.3388
vn -0.6018 -0.7177 0.3504
vn -0.6328 -0.6811 0.3684
vn -0.6742 -0.6255 0.3928
vn -0.5622 0.7779 0.2807
vn -0.6418 -0.6810 0.3526
vn -0.6838 -0.6256 0.3757
vn -0.7355 -0.5447 0.4030
vn -0.8328 0.3300 0.4445
vn -0.5972 -0.7397 0.3100
vn -0.6497 -0.6810 0.3378
vn -0.6926 -0.6253 0.3595
vn -0.7451 -0.5439 0.3861
vn -0.8083 -0.4297 0.4025
vn -0.6048 -0.7397 0.2952
vn -0.6257 -0.7177 0.3056
vn -0.6580 -0.6810 0.3213
vn -0.7014 -0.6252 0.3423
vn -0.7540 -0.5440 0.3682
vn -0.6332 -0.7177 0.2900
vn -0.7094 -0.6253 0.3251
vn -0.7626 -0.5441 0.3498
vn -0.8210 -0.4295 0.3760
vn -0.5839 -0.7177 0.3794
vn -0.6140 -0.6812 0.3988
vn -0.7057 -0.5406 0.4581
vn -0.7641 -0.4123 0.4962
vn -0.5786 0.8136 0.0576
vn -0.8378 -0.2631 0.4784
vn -0.8595 -0.2794 0.4280
vn -0.8743 -0.2773 0.3984
vn -0.8843 -0.2760 0.3767
vn -0.8301 -0.4295 0.3557
vn -0.6402 -0.7176 0.2743
vn -0.6184 -0.7398 0.2652
vn -0.6078 -0.7502 0.2604
vn -0.6011 -0.7502 0.2754
vn -0.5869 -0.7502 0.3046
vn -0.5795 -0.7501 0.3186
vn -0.5713 -0.7502 0.3330
vn -0.4932 -0.7398 0.4576
vn -0.5104 -0.7178 0.4735
vn -0.5364 -0.6813 0.4981
vn -0.5750 -0.6265 0.5263
vn -0.6163 -0.5495 0.5641
vn -0.5040 -0.7397 0.4458
vn -0.5215 -0.7178 0.4614
vn -0.5480 -0.6814 0.4852
vn -0.5833 -0.6269 0.5165
vn -0.5150 -0.7398 0.4331
vn -0.5330 -0.7178 0.4480
vn -0.5603 -0.6815 0.4708
vn -0.6229 -0.6225 0.4738
vn -0.6575 -0.5407 0.5247
vn -0.5436 -0.7178 0.4352
vn -0.6650 -0.5502 0.5050
vn -0.5640 0.6947 0.4465
vn -0.7481 -0.3858 0.5399
vn -0.5353 -0.7398 0.4076
vn -0.5542 -0.7177 0.4217
vn -0.5826 -0.6814 0.4431
vn -0.5127 0.8460 0.1466
vn -0.5453 -0.7398 0.3941
vn -0.5937 -0.6812 0.4284
vn -0.6401 -0.6256 0.4459
vn -0.8000 -0.0554 0.5974
vn -0.4732 -0.7502 0.4619
vn -0.4818 -0.7400 0.4693
vn -0.4987 -0.7179 0.4857
vn -0.5244 -0.6813 0.5106
vn -0.5580 -0.6261 0.5446
vn -0.6011 -0.5436 0.5859
vn -0.6552 -0.4033 0.6388
vn -0.7283 -0.1660 0.6649
vn -0.7639 -0.2034 0.6125
vn -0.7915 -0.0721 0.6070
vn -0.8058 -0.2326 0.5446
vn -0.6037 -0.6812 0.4142
vn -0.5262 -0.7502 0.4005
vn -0.5061 -0.7502 0.4255
vn -0.4954 -0.7502 0.4380
vn -0.4846 -0.7502 0.4499
vn -0.3945 -0.7399 0.5449
vn -0.4084 -0.7179 0.5637
vn -0.4291 -0.6815 0.5928
vn -0.4609 -0.6274 0.6276
vn -0.5852 -0.5482 0.5975
vn -0.4072 -0.7398 0.5356
vn -0.4212 -0.7179 0.5543
vn -0.4424 -0.6816 0.5828
vn -0.4707 -0.6278 0.6199
vn -0.5780 -0.4033 0.7095
vn -0.4207 -0.7399 0.5249
vn -0.4353 -0.7179 0.5432
vn -0.2652 0.7923 0.5495
vn -0.4327 -0.7400 0.5150
vn -0.4482 -0.7178 0.5328
vn -0.4709 -0.6817 0.5599
vn -0.5488 -0.5498 0.6297
vn -0.5219 -0.5516 0.6506
vn -0.6011 -0.3954 0.6945
vn -0.4456 -0.7400 0.5038
vn -0.4610 -0.7179 0.5217
vn -0.4847 -0.6816 0.5481
vn -0.6203 -0.4130 0.6669
vn -0.4578 -0.7400 0.4928
vn -0.4735 -0.7180 0.5102
vn -0.4986 -0.6814 0.5359
vn -0.5305 -0.6266 0.5709
vn -0.5719 -0.5431 0.6148
vn -0.3742 -0.7502 0.5452
vn -0.3810 -0.7400 0.5543
vn -0.3943 -0.7180 0.5736
vn -0.4144 -0.6814 0.6032
vn -0.4367 -0.6247 0.6473
vn -0.4668 -0.5508 0.6919
vn -0.5257 -0.4148 0.7427
vn -0.6148 -0.0998 0.7823
vn -0.5466 0.2259 0.8064
vn -0.6096 -0.0960 0.7869
vn -0.5717 -0.3898 0.7220
vn -0.5456 -0.6262 0.5569
vn -0.4865 -0.7179 0.4980
vn -0.4698 -0.7400 0.4813
vn -0.4620 -0.7502 0.4731
vn -0.4501 -0.7502 0.4844
vn -0.4380 -0.7503 0.4952
vn -0.4257 -0.7502 0.5060
vn -0.4133 -0.7502 0.5160
vn -0.4004 -0.7502 0.5262
vn -0.3877 -0.7502 0.5357
vn -0.2811 -0.7399 0.6112
vn -0.2913 -0.7179 0.6323
vn -0.3879 -0.6270 0.6756
vn -0.4275 -0.2861 0.8576
vn -0.2949 -0.7397 0.6049
vn -0.3046 -0.7177 0.6262
vn -0.3192 -0.6817 0.6583
vn -0.3393 -0.6290 0.6995
vn -0.3698 -0.4865 0.7916
vn -0.3101 -0.7398 0.5972
vn -0.3206 -0.7180 0.6179
vn -0.3373 -0.6820 0.6489
vn -0.2517 -0.5420 0.8018
vn -0.3829 -0.2499 0.8894
vn -0.3600 -0.6246 0.6930
vn -0.3239 -0.7400 0.5895
vn -0.3355 -0.7179 0.6099
vn -0.3515 -0.6822 0.6411
vn -0.4217 -0.5313 0.7348
vn -0.3506 -0.7179 0.6014
vn -0.3672 -0.6826 0.6318
vn -0.4116 -0.5360 0.7371
vn -0.4347 -0.3951 0.8093
vn -0.3527 -0.7401 0.5726
vn -0.3647 -0.7180 0.5928
vn -0.3855 -0.6817 0.6218
vn -0.2606 -0.7503 0.6076
vn -0.2654 -0.7400 0.6181
vn -0.2742 -0.7177 0.6401
vn -0.2882 -0.6817 0.6725
vn -0.3066 -0.6281 0.7152
vn -0.3246 -0.6243 0.7105
vn -0.3942 -0.1240 0.9106
vn -0.4495 0.2040 0.8697
vn -0.5664 -0.1253 0.8145
vn -0.4882 -0.4360 0.7560
vn -0.4464 -0.5466 0.7085
vn -0.4003 -0.6815 0.6127
vn -0.3801 -0.7180 0.5832
vn -0.3671 -0.7400 0.5636
vn -0.3608 -0.7502 0.5541
vn -0.3468 -0.7502 0.5630
vn -0.3330 -0.7501 0.5713
vn -0.3188 -0.7502 0.5793
vn -0.3051 -0.7503 0.5865
vn -0.2898 -0.7502 0.5943
vn 0.2436 -0.7443 0.6218
vn -0.1805 -0.6247 0.7597
vn -0.1937 -0.5468 0.8146
vn -0.4095 0.0510 0.9109
vn -0.1976 -0.6253 0.7550
vn -0.2474 -0.1995 0.9481
vn -0.1921 -0.7408 0.6437
vn -0.1982 -0.7175 0.6678
vn -0.2060 -0.6807 0.7030
vn -0.2143 -0.6256 0.7502
vn -0.2303 -0.5470 0.8048
vn -0.2027 -0.7401 0.6413
vn -0.2092 -0.7180 0.6639
vn -0.2197 -0.6817 0.6979
vn -0.2327 -0.6282 0.7424
vn -0.2355 -0.0332 0.9713
vn -0.3388 -0.3367 0.8786
vn -0.2264 -0.7181 0.6581
vn -0.2389 -0.6814 0.6918
vn -0.2619 -0.6252 0.7352
vn -0.2915 -0.5372 0.7915
vn -0.4177 -0.0395 0.9077
vn -0.2345 -0.7400 0.6304
vn -0.2431 -0.7180 0.6522
vn -0.2559 -0.6814 0.6857
vn -0.2902 -0.6241 0.7254
vn -0.3529 -0.5039 0.7884
vn 0.3869 -0.7273 -0.5669
vn -0.1617 -0.6241 0.7644
vn -0.1797 -0.5462 0.8181
vn -0.1944 -0.4257 0.8837
vn -0.3451 -0.1457 0.9272
vn -0.3972 -0.0384 0.9169
vn -0.4304 -0.0224 0.9024
vn -0.4427 0.1577 0.8827
vn -0.4191 -0.1809 0.8898
vn -0.2723 -0.6817 0.6791
vn -0.2599 -0.7177 0.6460
vn -0.2502 -0.7400 0.6244
vn -0.2458 -0.7503 0.6137
vn -0.2302 -0.7504 0.6197
vn -0.2152 -0.7504 0.6250
vn -0.1992 -0.7503 0.6304
vn -0.1866 -0.7505 0.6340
vn -0.1421 -0.7410 0.6563
vn 0.0276 -0.7316 0.6812
vn -0.0691 -0.3264 0.9427
vn -0.0781 -0.4267 0.9010
vn -0.0956 -0.5383 0.8373
vn -0.0968 -0.4278 0.8987
vn 0.0225 -0.7426 0.6694
vn 0.3894 -0.6737 -0.6281
vn -0.1140 -0.5428 0.8321
vn -0.1289 -0.4248 0.8961
vn 0.0370 -0.7166 0.6965
vn -0.1235 -0.6233 0.7722
vn -0.1316 -0.5435 0.8290
vn -0.1806 -0.2672 0.9466
vn -0.0784 -0.2669 0.9605
vn -0.1041 -0.2700 0.9572
vn -0.1705 -0.2607 0.9502
vn -0.1748 0.2860 0.9422
vn -0.2657 -0.0555 0.9625
vn -0.1532 -0.5462 0.8235
vn -0.1483 -0.6241 0.7672
vn 0.2991 -0.7372 -0.6059
vn 0.1464 -0.7287 0.6690
vn -0.1378 -0.6992 0.7016
vn 0.0132 -0.4718 0.8816
vn 0.1613 -0.7035 0.6921
vn 0.1996 -0.4890 0.8492
vn -0.0208 -0.3260 0.9451
vn 0.4085 -0.6845 -0.6038
vn 0.0764 -0.5542 0.8289
vn 0.1636 -0.7223 0.6719
vn -0.1218 -0.7483 0.6521
vn 0.4670 -0.0653 0.8819
vn 0.4799 0.0463 0.8761
vn 0.2902 0.4221 0.8588
vn 0.3772 0.0698 0.9235
vn 0.0151 -0.2834 0.9589
vn -0.0580 -0.7417 0.6682
vn 0.0236 -0.6355 0.7717
vn 0.1610 0.4177 0.8942
vn 0.3124 -0.7422 -0.5929
vn 0.2995 0.8706 0.3904
vn 0.4067 0.3280 -0.8526
vn 0.3869 -0.7274 -0.5668
vn 0.4664 0.3573 0.8092
vn -0.1159 -0.7148 0.6897
vn 0.3321 -0.5372 -0.7753
vn 0.6401 -0.0308 -0.7676
vn 0.3941 -0.6253 -0.6736
vn 0.4858 0.3252 -0.8113
vn 0.2532 -0.7276 -0.6376
vn 0.4055 -0.5843 -0.7030
vn 0.4392 0.2402 -0.8657
vn 0.4268 -0.3447 0.8361
vn 0.4154 -0.3171 -0.8526
vn 0.5753 -0.1853 -0.7967
vn 0.2606 -0.7269 0.6353
vn 0.0697 -0.6438 -0.7620
vn 0.4088 0.3331 -0.8497
vn 0.3895 -0.6736 -0.6281
vn 0.4472 -0.3459 -0.8248
vn 0.3637 0.2832 -0.8874
vn 0.1284 -0.7217 0.6802
vn -0.0868 -0.6371 0.7659
vn 0.3836 -0.3541 0.8529
vn -0.0796 -0.7192 0.6902
vn 0.5381 -0.2903 -0.7913
vn 0.4600 -0.5382 -0.7062
vn 0.5011 0.3331 -0.7987
vn 0.3341 -0.7320 -0.5937
vn 0.5763 -0.2798 -0.7679
vn 0.4200 -0.2573 0.8703
vn 0.2160 0.5395 0.8138
vn 0.1452 0.2733 0.9509
vn 0.3051 -0.7291 -0.6126
vn 0.2874 -0.7458 -0.6011
vn 0.1680 -0.3336 -0.9276
vn 0.4980 0.1336 -0.8568
vn 0.4154 -0.5593 -0.7174
vn 0.3678 -0.6091 0.7026
vn 0.4391 -0.6941 0.5705
vn 0.5403 -0.6354 0.5517
vn 0.4223 -0.6871 0.5912
vn 0.4548 -0.6360 0.6234
vn 0.2586 -0.6614 0.7040
vn 0.3426 -0.7330 0.5876
vn 0.4438 -0.3440 0.8275
vn 0.5349 -0.5390 0.6507
vn 0.6100 -0.4035 0.6820
vn 0.4024 -0.7350 0.5458
vn 0.5768 -0.7315 0.3635
vn 0.2297 -0.7452 0.6261
vn 0.6272 -0.4720 0.6195
vn 0.3383 -0.7101 0.6175
vn 0.6171 -0.4768 0.6260
vn 0.2734 -0.7717 0.5743
vn 0.2554 -0.6594 0.7071
vn 0.5419 -0.4544 0.7069
vn 0.3461 -0.7349 0.5832
vn 0.3773 -0.7303 0.5695
vn 0.2733 -0.7690 0.5778
vn 0.4636 -0.5237 0.7147
vn 0.6400 -0.7011 0.3143
vn 0.6655 -0.2617 0.6990
vn 0.6458 -0.2659 0.7157
vn 0.6182 -0.2610 0.7414
vn 0.6334 -0.2468 0.7334
vn 0.6104 -0.2496 0.7517
vn 0.5834 -0.2448 0.7744
vn 0.5558 -0.2476 0.7936
vn 0.5292 -0.2586 0.8081
vn 0.2608 -0.6614 0.7032
vn 0.5581 -0.4177 0.7170
vn 0.2557 -0.7226 0.6422
vn 0.2419 -0.7250 0.6448
vn 0.3384 -0.7100 0.6176
vn 0.3582 -0.6090 0.7077
vn 0.5831 -0.4658 0.6656
vn 0.5989 -0.7692 0.2228
vn 0.5271 -0.6150 0.5864
vn 0.7256 -0.6466 0.2354
vn 0.7453 -0.4702 0.4726
vn 0.6578 -0.4593 0.5969
vn 0.6960 -0.5007 0.5146
vn 0.7096 -0.5747 0.4077
vn 0.7997 -0.2559 0.5431
vn 0.7731 -0.2662 0.5757
vn 0.7623 -0.2585 0.5933
vn 0.7669 -0.2446 0.5933
vn 0.7443 -0.2586 0.6158
vn 0.7192 -0.2622 0.6434
vn 0.7097 -0.2526 0.6576
vn 0.6892 -0.2615 0.6757
vn 0.6172 -0.7333 0.2852
vn 0.5780 -0.7305 0.3637
vn 0.5223 -0.7430 0.4185
vn 0.5560 -0.7083 0.4349
vn 0.7581 -0.5401 0.3655
vn 0.8249 -0.4144 0.3845
vn 0.7266 -0.5785 0.3707
vn 0.5632 -0.7080 0.4261
vn 0.7258 -0.4357 0.5324
vn 0.8164 -0.4200 0.3964
vn 0.6185 -0.6452 0.4485
vn 0.8039 -0.4287 0.4122
vn 0.5157 -0.6921 0.5050
vn 0.3988 -0.6079 0.6866
vn 0.6397 -0.7173 0.2761
vn 0.7738 -0.5395 0.3318
vn 0.8335 -0.4171 0.3623
vn 0.8883 -0.2420 0.3903
vn 0.8808 -0.2394 0.4085
vn 0.8754 -0.2400 0.4196
vn 0.8659 -0.2428 0.4373
vn 0.8477 -0.2474 0.4693
vn 0.8363 -0.2506 0.4877
vn 0.8193 -0.2520 0.5150
vn 0.8054 -0.2558 0.5347
vn 0.3691 -0.7019 0.6092
vn 0.7777 -0.4554 0.4333
vn 0.5115 -0.7360 0.4434
vn 0.5024 -0.7279 0.4667
vn 0.6130 -0.6050 0.5081
vn 0.6170 -0.7326 0.2872
vn 0.6546 -0.7396 0.1566
vn 0.6779 -0.7170 0.1622
vn 0.7627 -0.6214 0.1796
vn 0.8555 -0.5015 0.1287
vn 0.6486 -0.7399 0.1786
vn 0.6728 -0.7169 0.1829
vn 0.7096 -0.6798 0.1854
vn 0.7573 -0.6224 0.1977
vn 0.8166 -0.5372 0.2113
vn 0.8790 -0.4163 0.2324
vn 0.6574 -0.7165 0.2334
vn 0.6572 -0.7166 0.2336
vn 0.7017 -0.6822 0.2057
vn 0.7525 -0.6225 0.2151
vn 0.8109 -0.5381 0.2297
vn 0.8759 -0.4140 0.2479
vn 0.6440 -0.7290 0.2321
vn 0.8015 -0.5413 0.2540
vn 0.8681 -0.4187 0.2666
vn 0.7297 -0.4979 0.4686
vn 0.7908 -0.5460 0.2766
vn 0.8574 -0.4171 0.3015
vn 0.7181 -0.4975 0.4867
vn 0.7878 -0.5418 0.2930
vn 0.8525 -0.4182 0.3135
vn 0.6468 -0.7500 0.1386
vn 0.6584 -0.7394 0.1403
vn 0.6816 -0.7171 0.1455
vn 0.7174 -0.6797 0.1527
vn 0.9213 -0.3744 -0.1054
vn 0.9460 -0.2183 0.2398
vn 0.9382 -0.2247 0.2632
vn 0.9223 -0.2364 0.3058
vn 0.9134 -0.2398 0.3290
vn 0.9001 -0.2419 0.3623
vn 0.8413 -0.4171 0.3439
vn 0.7795 -0.5396 0.3182
vn 0.6140 -0.7489 0.2492
vn 0.6673 -0.6657 0.3340
vn 0.6328 -0.6593 0.4061
vn 0.6264 -0.7498 0.2130
vn 0.6336 -0.7495 0.1918
vn 0.6432 -0.7498 0.1553
vn 0.7291 -0.6795 0.0824
vn 0.7822 -0.6207 0.0538
vn 0.8780 0.4306 -0.2088
vn 0.9594 -0.2794 -0.0390
vn 0.7004 -0.7117 0.0541
vn 0.7729 -0.6341 0.0222
vn 0.9520 0.2247 0.2078
vn 0.7105 -0.7032 0.0256
vn 0.7189 -0.6944 0.0335
vn 0.7815 -0.6111 0.1253
vn 0.9679 -0.2083 0.1408
vn 0.6699 -0.7392 0.0698
vn 0.7107 -0.7031 0.0249
vn 0.8530 -0.5003 0.1486
vn 0.6647 -0.7395 0.1064
vn 0.6877 -0.7174 0.1110
vn 0.7241 -0.6798 0.1162
vn 0.7819 -0.6211 0.0548
vn 0.7948 -0.6034 -0.0651
vn 0.9930 0.1154 -0.0236
vn 0.9631 0.0867 0.2549
vn 0.6631 -0.7485 -0.0070
vn 0.7208 -0.6798 0.1356
vn 0.6849 -0.7172 0.1290
vn 0.6617 -0.7395 0.1240
vn 0.6501 -0.7500 0.1218
vn 0.6530 -0.7501 0.1049
vn 0.6592 -0.7495 0.0599
vn 0.6556 -0.7290 -0.1967
vn 0.8019 0.5560 -0.2185
vn 0.7708 -0.6184 -0.1534
vn 0.9218 -0.3858 0.0364
vn 0.4243 0.8970 0.1235
vn 0.6483 -0.6650 -0.3708
vn 0.7446 0.6654 0.0535
vn 0.9918 0.0052 -0.1278
vn 0.2191 0.9752 0.0322
vn 0.4395 0.8981 0.0178
vn 0.8694 0.4893 -0.0690
vn 0.9029 -0.4068 -0.1389
vn 0.7669 -0.6415 0.0163
vn 0.6115 -0.6419 -0.4627
vn 0.8523 -0.4522 -0.2629
vn 0.6958 -0.6351 -0.3356
vn 0.8079 -0.4390 -0.3931
vn 0.6790 -0.7328 -0.0450
vn 0.7448 -0.6263 -0.2304
vn 0.9608 -0.0728 -0.2674
vn 0.4047 -0.7194 -0.5646
vn 0.6445 -0.7390 -0.1962
vn 0.6956 -0.6302 -0.3448
vn 0.6262 -0.7006 -0.3421
vn 0.5122 -0.7247 -0.4610
vn 0.8967 0.1924 -0.3987
vn 0.6846 0.5720 -0.4518
vn 0.7727 0.4581 -0.4395
vn 0.6335 -0.5884 -0.5025
vn 0.8583 -0.2620 -0.4413
vn 0.7739 -0.3887 -0.4999
vn 0.9176 -0.3860 -0.0946
vn 0.6471 -0.6658 -0.3714
vn 0.6910 -0.0271 -0.7224
vn 0.7265 -0.0616 -0.6844
vn 0.7359 0.1500 -0.6603
vn 0.6327 -0.2532 -0.7319
vn 0.6399 -0.4808 -0.5994
vn 0.6801 -0.3535 -0.6423
vn 0.6398 -0.4809 -0.5995
vn 0.6428 -0.5939 -0.4838
vn 0.5520 -0.5017 -0.6660
vn 0.6612 -0.0517 -0.7484
vn 0.5866 -0.6017 -0.5420
vn 0.3735 0.2043 -0.9049
vn 0.4196 -0.3166 -0.8507
vn 0.6160 0.2285 -0.7539
vn 0.4260 0.8149 -0.3929
vn 0.6176 -0.5864 -0.5241
vn 0.0672 0.8156 -0.5747
vn 0.4046 -0.3120 -0.8596
vn 0.3998 0.7989 -0.4494
vn 0.4987 -0.5253 -0.6895
vn 0.5822 -0.7113 -0.3940
vn 0.3162 -0.7479 -0.5837
vn 0.6831 -0.0286 -0.7298
vn 0.3376 -0.7133 -0.6142
vn 0.3426 -0.7427 -0.5753
vn 0.4728 -0.5163 -0.7141
vn 0.0504 -0.6099 -0.7909
vn 0.4802 -0.7416 -0.4685
vn 0.3049 -0.7295 -0.6122
vn 0.4771 -0.7408 -0.4729
vn 0.0287 -0.6951 -0.7183
vn 0.3843 -0.6709 -0.6342
vn -0.0026 -0.7244 -0.6894
vn -0.1298 -0.2419 -0.9616
vn -0.0538 -0.0387 -0.9978
vn 0.1702 -0.6949 -0.6986
vn 0.5327 0.8463 0.0083
vn 0.0283 -0.5928 -0.8048
vn 0.0216 -0.6901 -0.7234
vn -0.0797 0.8441 -0.5302
vn -0.0000 1.0000 -0.0000
vn -0.1221 -0.6799 -0.7231
vn -0.3462 0.8370 -0.4238
vn 0.2888 -0.7422 -0.6048
vn -0.0458 0.9288 -0.3678
vn 0.1329 -0.3988 -0.9073
vn -0.1249 0.5343 -0.8360
vn -0.0225 0.8816 -0.4715
vn -0.7325 0.6104 -0.3013
vn -0.5122 0.8180 -0.2617
vn 0.0642 0.8020 -0.5939
vn -0.1992 0.8439 -0.4982
vn 0.2179 0.9022 -0.3722
vn -0.1075 0.5451 -0.8315
vn 0.0187 -0.0094 -0.9998
vn -0.1661 -0.2587 -0.9516
vn -0.5395 0.7995 -0.2642
vn -0.0341 0.8463 -0.5316
vn 0.0232 -0.7413 -0.6707
vn 0.3545 -0.6912 -0.6297
vn 0.0980 -0.0214 -0.9950
vn 0.2676 0.7670 -0.5831
vn -0.2536 0.8763 -0.4097
vn -0.3341 0.9187 -0.2106
vn -0.1270 -0.7392 -0.6614
vn -0.3215 0.9321 -0.1669
vn -0.2018 0.8678 -0.4541
vn 0.0232 0.7942 -0.6073
vn -0.4812 0.4751 -0.7367
vn -0.1512 0.9563 -0.2504
vn -0.2848 0.9054 -0.3148
vn -0.0943 0.9177 -0.3859
vn -0.2211 0.8516 -0.4752
vn 0.0708 -0.6853 -0.7248
vn -0.1208 -0.5492 -0.8269
vn -0.3192 0.1693 -0.9324
vn -0.4327 -0.1779 -0.8838
vn -0.5850 0.2723 -0.7639
vn -0.4589 0.8324 -0.3108
vn -0.4044 0.8298 -0.3845
vn -0.5457 0.1557 -0.8234
vn -0.4197 0.8161 -0.3972
vn -0.6255 0.4678 -0.6244
vn -0.4095 0.6201 -0.6691
vn -0.2566 0.7973 -0.5463
vn -0.5659 0.8178 -0.1046
vn -0.0688 0.8801 -0.4697
vn -0.2893 0.2885 -0.9127
vn -0.3750 0.8886 -0.2641
vn -0.5233 0.2741 -0.8068
vn -0.3420 -0.2443 -0.9074
vn -0.2819 0.8961 -0.3429
vn -0.2792 0.7719 -0.5712
vn 0.2598 0.8482 -0.4615
vn -0.4541 0.8378 -0.3030
vn -0.2212 0.8788 -0.4227
vn -0.2863 0.8169 -0.5006
vn -0.5213 0.5279 -0.6705
vn -0.2489 0.8331 -0.4940
vn -0.6194 0.1982 -0.7596
vn -0.6365 0.6075 -0.4752
vn -0.6329 -0.4819 -0.6060
vn -0.2209 0.8405 -0.4947
vn -0.5136 0.7380 -0.4378
vn -0.6523 0.4023 -0.6424
vn -0.4731 0.7672 -0.4332
vn -0.4035 0.8737 -0.2717
vn -0.0082 0.8913 -0.4534
vn -0.2859 0.8991 -0.3314
vn -0.2196 0.8361 -0.5028
vn -0.0286 0.9149 -0.4026
vn -0.5803 0.1249 -0.8047
vn -0.2784 0.8307 -0.4822
vn -0.5393 0.5511 -0.6368
vn -0.5265 0.8501 0.0123
vn -0.2677 0.8478 -0.4578
vn -0.4037 0.8608 -0.3098
vn 0.2953 0.8113 -0.5045
vn 0.1539 0.8323 -0.5325
vn -0.5467 0.5540 -0.6279
vn -0.8623 -0.4076 -0.3003
vn -0.2717 0.9543 -0.1245
vn -0.7425 0.2445 -0.6236
vn -0.3586 0.7554 -0.5485
vn -0.6262 -0.4933 -0.6037
vn -0.6729 0.7384 0.0442
vn -0.1018 0.8986 -0.4268
vn -0.8140 -0.1609 -0.5581
vn -0.3485 0.7885 -0.5068
vn -0.4198 -0.8396 -0.3447
vn -0.5265 0.8041 -0.2762
vn -0.5037 0.6923 -0.5167
vn -0.3792 0.8518 -0.3615
vn -0.7787 0.2593 -0.5713
vn -0.3980 0.8658 -0.3032
vn -0.4938 -0.7886 -0.3663
vn -0.6497 0.4518 -0.6114
vn -0.5313 0.8471 0.0135
vn -0.2782 0.9530 -0.1198
vn -0.2842 0.9384 0.1964
vn -0.5013 0.8381 -0.2152
vn -0.7692 -0.2729 -0.5778
vn -0.4567 0.8210 -0.3426
vn -0.8758 0.0965 -0.4729
vn -0.6914 0.6888 -0.2180
vn -0.6275 0.7473 -0.2185
vn -0.3464 0.9234 -0.1654
vn -0.8616 0.5008 -0.0826
vn -0.5887 0.8025 -0.0977
vn -0.5434 0.7700 -0.3345
vn -0.6858 0.7137 -0.1423
vn -0.4350 0.5585 -0.7064
vn -0.3581 0.7875 -0.5016
vn -0.5825 0.7674 -0.2679
vn -0.6048 0.7945 0.0540
vn -0.2194 0.8673 -0.4468
vn -0.6519 0.6833 0.3288
vn -0.4658 0.8416 0.2733
vn -0.4220 0.8561 -0.2984
vn -0.1011 0.9063 -0.4103
vn -0.5335 0.7767 -0.3349
vn -0.4230 0.8416 -0.3360
vn -0.4613 0.8859 0.0488
vn -0.7559 0.6254 -0.1938
vn -0.5964 0.7840 0.1723
vn -0.7682 0.6141 -0.1808
vn -0.4176 0.8890 -0.1878
vn -0.5948 0.7915 0.1405
vn -0.9816 0.0672 -0.1787
vn -0.4403 0.8793 0.1816
vn -0.8314 -0.3226 -0.4525
vn -0.8426 0.4547 -0.2886
vn -0.3455 -0.7071 -0.6169
vn -0.8685 -0.1325 -0.4776
vn -0.9305 -0.2026 0.3052
vn -0.8629 0.4518 0.2263
vn -0.9406 -0.0804 -0.3300
vn -0.4014 0.9114 -0.0908
vn -0.3103 0.6682 -0.6762
vn -0.3998 0.8080 -0.4327
vn -0.5852 0.7795 -0.2234
vn -0.8413 0.5345 -0.0814
vn -0.8762 -0.0033 -0.4820
vn -0.9859 -0.0773 -0.1485
vn -0.9789 -0.1347 0.1537
vn -0.9697 -0.2426 -0.0282
vn -0.4596 0.8701 0.1780
vn -0.8206 0.5702 0.0390
vn -0.5324 0.7931 0.2960
vn -0.9845 0.1679 0.0516
vn -0.5268 0.8060 -0.2698
vn -0.5146 0.7919 0.3287
vn -0.6196 0.7683 0.1606
vn -0.9364 0.2747 -0.2182
vn -0.4008 0.9112 -0.0948
vn -0.5587 0.7462 -0.3619
vn -0.4988 0.8556 0.1380
vn -0.5865 0.7973 0.1424
vn -0.9736 0.1656 0.1574
vn -0.7776 0.6226 0.0871
vn -0.9749 -0.1112 0.1929
vn -0.9170 0.3767 0.1312
vn -0.5551 0.8294 -0.0630
vn -0.5147 0.8573 -0.0123
vn -0.4986 0.8632 -0.0792
vn -0.4977 0.8667 -0.0324
vn -0.4702 0.8788 0.0812
vn -0.4154 0.8843 0.2134
vn -0.4343 0.8974 -0.0782
vn -0.8686 0.4494 -0.2088
vn -0.8471 0.4632 0.2605
vn -0.5962 0.7470 -0.2943
vn -0.9455 0.0070 -0.3254
vn -0.9893 0.1453 0.0149
vn -0.9837 0.1203 0.1333
vn -0.9748 0.0455 0.2186
vn -0.9209 0.2309 0.3140
vn -0.6112 0.7597 0.2222
vn -0.5487 0.7723 0.3201
vn -0.4597 0.8406 0.2863
vn -0.4676 0.8441 0.2623
vn -0.9774 -0.1209 0.1735
vn -0.9430 0.1612 0.2912
vn -0.6040 0.7950 0.0558
vn -0.5555 0.7710 -0.3114
vn -0.6003 0.7493 -0.2796
vn -0.5597 0.7554 -0.3407
vn -0.8966 -0.2676 0.3527
vn -0.9388 0.2177 0.2669
vn -0.5437 0.8388 -0.0300
vn -0.4262 0.8179 -0.3864
vn -0.5016 0.6397 -0.5824
vn -0.4875 0.5702 -0.6612
vn -0.8783 -0.2667 0.3969
vn -0.9257 0.2166 0.3101
vn -0.5132 0.8497 0.1213
vn -0.3392 0.9123 0.2292
vn -0.4711 0.8791 0.0728
vn -0.5276 0.8469 -0.0664
vn -0.9383 -0.1548 0.3092
vn -0.9352 0.2752 0.2226
vn -0.4974 0.8587 0.1234
vn -0.4985 0.8572 0.1292
vn -0.3258 0.7604 0.5618
vn -0.2655 0.7436 0.6136
vn -0.3598 0.8688 0.3401
vn -0.5243 0.8063 -0.2739
vn -0.4543 0.8424 0.2899
vn -0.4948 0.8490 0.1855
vn -0.9425 -0.0882 0.3222
vn -0.9393 0.0903 0.3309
vn -0.8965 0.2895 0.3355
vn -0.5991 0.7608 0.2495
vn -0.3535 0.7308 0.5839
vn -0.2411 0.7067 0.6652
vn -0.1280 0.5664 0.8141
vn -0.0526 0.6385 0.7678
vn -0.3847 0.8688 0.3119
vn -0.5623 0.7538 -0.3401
vn -0.4922 0.4766 -0.7284
vn -0.5076 0.8576 -0.0828
vn -0.3613 0.8369 0.4111
vn -0.1087 0.6646 0.7392
vn -0.5360 0.8331 0.1364
vn -0.9129 0.3826 0.1423
vn -0.9184 -0.1974 0.3428
vn -0.7936 -0.3474 0.4995
vn -0.7810 -0.3077 0.5435
vn -0.9739 0.1826 0.1350
vn -0.9966 0.0271 -0.0782
vn -0.9867 -0.0610 0.1504
vn -0.8076 0.2925 0.5120
vn -0.8138 -0.4240 0.3974
vn -0.4560 0.8564 0.2420
vn -0.5910 0.7955 -0.1335
vn -0.5426 0.7831 0.3037
vn -0.4804 0.8060 0.3458
vn -0.4211 0.8828 0.2083
vn -0.8302 0.3321 0.4477
vn -0.5414 0.7953 0.2727
vn -0.4673 0.7964 0.3838
vn -0.4969 0.8501 0.1743
vn -0.4163 0.8466 0.3315
vn -0.8348 0.3352 0.4367
vn -0.5081 0.8177 0.2707
vn -0.5403 0.8380 0.0761
vn -0.5849 0.8088 -0.0613
vn -0.5348 0.7953 0.2856
vn -0.5318 0.8418 -0.0924
vn -0.5817 0.7788 -0.2347
vn -0.9060 0.0962 0.4123
vn -0.8557 0.3195 0.4070
vn -0.5483 0.7879 0.2802
vn -0.5411 0.8396 0.0476
vn -0.4268 0.9043 0.0110
vn -0.4177 0.8990 0.1313
vn -0.8240 0.0798 0.5609
vn -0.6823 -0.5405 0.4923
vn -0.5432 0.7490 0.3793
vn -0.6868 -0.5471 0.4785
vn -0.5686 0.8083 0.1527
vn -0.5738 0.8154 0.0768
vn -0.5595 0.8214 0.1107
vn -0.4513 0.8643 0.2221
vn -0.6031 0.7967 -0.0379
vn -0.4911 0.8558 0.1629
vn -0.4560 0.8841 0.1023
vn -0.5802 0.7794 -0.2366
vn -0.5268 0.8242 -0.2079
vn -0.3973 0.8973 0.1925
vn -0.1808 0.7854 0.5920
vn -0.2582 0.8140 0.5203
vn -0.2321 0.8705 0.4340
vn -0.3901 0.8988 0.1999
vn -0.5558 0.7791 0.2900
vn -0.8680 0.3112 0.3869
vn -0.9180 0.0960 0.3848
vn -0.9183 -0.0884 0.3859
vn -0.9066 -0.0916 0.4120
vn -0.8921 0.0962 0.4415
vn -0.8633 0.0812 0.4982
vn -0.7288 0.2089 0.6520
vn -0.4910 0.7908 0.3655
vn -0.6103 0.6425 0.4634
vn -0.5231 0.7883 0.3239
vn -0.3653 0.8368 0.4078
vn -0.5618 0.6630 0.4948
vn -0.5830 0.8028 0.1252
vn -0.2736 0.8663 0.4180
vn -0.6142 0.7779 0.1331
vn -0.3725 0.7789 0.5046
vn -0.3749 0.8492 0.3719
vn -0.5844 0.8046 0.1058
vn -0.6712 0.6828 -0.2886
vn -0.5438 0.8130 0.2083
vn -0.4570 0.8742 0.1645
vn -0.7539 -0.1724 0.6340
vn -0.7809 0.2593 0.5683
vn -0.2465 0.8597 0.4474
vn -0.7356 -0.3703 0.5673
vn -0.0309 0.6930 0.7202
vn -0.0433 0.7164 0.6964
vn -0.7282 0.0897 0.6795
vn -0.4310 0.2601 0.8641
vn -0.5685 0.6118 0.5500
vn -0.5340 0.5876 0.6079
vn -0.5182 0.7832 0.3437
vn 0.0990 0.7169 0.6901
vn 0.1901 0.6563 0.7302
vn -0.2368 0.8383 0.4912
vn -0.5836 0.8114 0.0322
vn -0.7091 0.6626 -0.2412
vn -0.5810 0.8114 0.0641
vn -0.3240 0.8698 0.3721
vn 0.0484 0.7191 0.6932
vn -0.1939 0.8489 0.4917
vn -0.2417 0.8349 0.4945
vn -0.8130 -0.2639 0.5190
vn -0.7922 0.0829 0.6046
vn -0.7571 0.0877 0.6474
vn -0.6765 0.0955 0.7303
vn -0.4420 0.2701 0.8554
vn -0.3131 0.2948 0.9028
vn -0.4452 0.7259 0.5243
vn -0.3692 0.4961 0.7859
vn -0.4498 0.2053 0.8692
vn -0.4844 0.4784 0.7325
vn -0.2992 0.8270 0.4759
vn -0.5627 0.8122 0.1541
vn -0.2553 0.9261 0.2779
vn -0.5701 0.2075 0.7950
vn -0.5458 0.5152 0.6608
vn -0.4822 0.7967 0.3644
vn -0.2822 0.8300 0.4810
vn -0.4374 0.8414 0.3175
vn -0.3022 0.8163 0.4923
vn -0.4509 0.5607 0.6945
vn -0.7311 -0.1720 0.6603
vn -0.4815 0.8066 0.3428
vn -0.5033 0.8013 0.3233
vn -0.4775 0.8710 0.1156
vn -0.7062 0.2264 0.6709
vn -0.2860 0.8800 0.3793
vn -0.4316 0.8558 0.2852
vn -0.5926 0.1511 0.7912
vn -0.5414 0.2311 0.8083
vn -0.4605 0.4395 0.7713
vn -0.3565 0.3184 0.8784
vn -0.3404 0.6705 0.6592
vn -0.2577 0.8665 0.4274
vn -0.2901 0.8714 0.3956
vn -0.5355 0.8441 0.0283
vn -0.4180 0.8818 0.2185
vn -0.1547 0.8517 0.5008
vn -0.5182 -0.6230 0.5860
vn -0.2678 0.8703 0.4133
vn -0.6773 -0.0126 0.7356
vn -0.2950 0.8458 0.4445
vn -0.5588 0.1635 0.8130
vn -0.3221 0.5863 0.7433
vn -0.6967 0.1201 0.7072
vn -0.6173 0.0157 0.7865
vn -0.5763 0.1687 0.7996
vn -0.6119 0.0560 0.7889
vn -0.4099 0.1648 0.8971
vn -0.4619 0.5803 0.6707
vn -0.3117 0.2919 0.9042
vn -0.3801 -0.5039 0.7756
vn -0.2243 0.8728 0.4335
vn -0.2891 0.8212 0.4920
vn -0.3165 0.2775 0.9071
vn -0.3496 0.6379 0.6862
vn -0.2076 0.8778 0.4317
vn -0.2022 0.8992 0.3879
vn -0.5176 0.8477 -0.1159
vn -0.4665 0.4472 0.7632
vn -0.2623 0.9235 0.2797
vn -0.2075 0.8924 0.4008
vn -0.3629 -0.4881 0.7938
vn -0.7379 -0.0284 0.6743
vn -0.3812 0.8136 0.4391
vn -0.2657 0.9029 0.3379
vn -0.3396 0.9231 0.1802
vn -0.4006 0.2697 0.8757
vn -0.4748 0.2152 0.8534
vn -0.3449 0.8415 0.4158
vn -0.3926 -0.6243 0.6753
vn -0.3164 0.8561 0.4086
vn -0.2434 0.8298 0.5023
vn -0.1703 0.8347 0.5237
vn -0.4203 0.2954 0.8579
vn -0.5038 0.4693 0.7252
vn -0.5249 0.7679 0.3672
vn -0.7648 -0.0416 0.6429
vn -0.4800 0.2040 0.8532
vn 0.4314 0.7651 -0.4780
vn -0.2956 -0.1145 0.9484
vn -0.3637 0.3200 0.8748
vn -0.3280 0.3338 0.8837
vn -0.2166 0.7421 0.6343
vn -0.2213 0.8583 0.4629
vn -0.2534 0.7999 0.5440
vn -0.2829 0.8482 0.4478
vn -0.1894 0.7794 0.5972
vn -0.3435 -0.1029 0.9335
vn -0.4005 0.7914 0.4618
vn -0.2980 0.8429 0.4480
vn -0.2475 0.7978 0.5497
vn -0.4905 0.7832 0.3822
vn -0.2337 0.7907 0.5658
vn -0.4447 0.2435 0.8620
vn -0.3863 0.6394 0.6648
vn -0.4587 0.0182 0.8884
vn 0.0494 0.7558 0.6529
vn -0.4317 0.2502 0.8666
vn -0.5787 0.1026 0.8090
vn -0.4551 0.4422 0.7729
vn -0.3503 0.0981 0.9315
vn 0.0363 0.7484 0.6622
vn -0.2791 0.2467 0.9280
vn -0.2280 0.4109 0.8827
vn -0.1757 0.6557 0.7343
vn -0.1951 0.7512 0.6306
vn -0.3496 0.8180 0.4568
vn -0.5499 0.8009 0.2370
vn -0.2064 0.9040 0.3743
vn 0.2454 0.8168 0.5221
vn -0.0062 0.8414 0.5404
vn -0.1838 0.8548 0.4854
vn -0.5760 0.7256 0.3765
vn -0.1857 0.8424 0.5059
vn -0.2148 0.8850 0.4131
vn -0.3969 0.7925 0.4631
vn -0.4182 0.1773 0.8909
vn -0.4059 0.5331 0.7424
vn -0.5479 0.2273 0.8051
vn -0.4226 0.1732 0.8896
vn -0.0149 0.1146 0.9933
vn -0.0221 0.2971 0.9546
vn -0.0119 0.4610 0.8873
vn -0.1657 0.6435 0.7473
vn -0.2106 0.7413 0.6373
vn 0.0414 0.8435 0.5356
vn -0.0424 0.1109 0.9929
vn -0.0593 0.3071 0.9498
vn -0.0276 0.4473 0.8940
vn 0.0368 0.6258 0.7792
vn 0.0591 0.7473 0.6619
vn 0.2232 0.7848 0.5782
vn -0.0846 0.1023 0.9911
vn -0.0546 0.2916 0.9550
vn -0.1453 0.4904 0.8593
vn -0.1811 0.6397 0.7470
vn -0.1022 0.7324 0.6732
vn -0.0038 0.7964 0.6047
vn -0.1194 0.1127 0.9864
vn -0.1096 0.2912 0.9504
vn -0.0771 0.4913 0.8676
vn -0.1816 0.6397 0.7469
vn -0.2135 0.7250 0.6549
vn -0.4667 0.7281 0.5019
vn -0.3710 0.2371 0.8978
vn -0.1875 0.2712 0.9441
vn -0.1026 0.4820 0.8701
vn -0.0359 0.6824 0.7301
vn -0.2867 0.7272 0.6236
vn -0.1850 0.8449 0.5019
vn -0.1344 0.6798 0.7209
vn -0.1675 0.4624 0.8707
vn -0.0203 0.8082 0.5885
vn 0.2616 0.7798 0.5688
vn 0.0011 -0.0675 0.9977
vn 0.0250 0.1229 0.9921
vn 0.0380 0.2928 0.9554
vn 0.0098 0.4653 0.8851
vn -0.0165 0.5947 0.8038
vn -0.1221 0.7390 0.6626
vn -0.5029 0.7768 0.3790
vn -0.7434 0.6141 0.2650
vn -0.1315 0.9082 0.3973
vn 0.5559 0.6950 0.4559
vn 0.1379 0.8313 0.5385
vn -0.3373 0.8195 0.4634
vn -0.2671 0.8118 0.5192
vn 0.1890 0.8028 0.5655
vn -0.2145 0.8454 0.4891
vn -0.0742 0.7757 0.6268
vn -0.2434 0.0945 0.9653
vn -0.2492 -0.0433 0.9675
vn -0.1419 -0.0702 0.9874
vn -0.0933 -0.0932 0.9913
vn -0.0479 -0.0778 0.9958
vn -0.0282 -0.0738 0.9969
vn 0.0993 0.8972 0.4303
vn 0.2650 0.4521 0.8517
vn 0.0297 0.1345 0.9905
vn 0.0898 0.8049 0.5866
vn -0.0814 0.7030 0.7066
vn 0.1520 0.9109 0.3836
vn -0.2331 0.8206 0.5218
vn -0.1614 0.6948 0.7008
vn 0.3186 0.7537 0.5748
vn 0.0609 0.5966 0.8002
vn 0.0296 0.4681 0.8832
vn -0.0021 0.2950 0.9555
vn 0.0084 0.1353 0.9908
vn 0.0138 -0.0674 0.9976
vn 0.0325 -0.0676 0.9972
vn -0.0819 0.9764 0.2000
vn 0.1186 -0.6762 0.7271
vn -0.0998 0.9766 0.1905
vn 0.2673 0.8336 0.4833
vn 0.3025 -0.1990 0.9322
vn 0.4565 -0.3284 0.8269
vn 0.0495 0.8023 0.5949
vn 0.2206 0.7638 0.6065
vn 0.2577 0.6615 0.7043
vn 0.1371 0.9125 0.3854
vn 0.1754 0.9092 0.3775
vn -0.3407 0.9365 0.0833
vn 0.3265 0.1332 0.9358
vn 0.1589 0.8949 0.4169
vn -0.0333 0.9724 0.2308
vn 0.0595 0.9504 0.3053
vn -0.3472 0.9376 -0.0208
vn 0.0229 -0.6737 0.7387
vn 0.2010 0.6102 0.7663
vn 0.2272 -0.5052 0.8326
vn 0.0315 -0.2742 0.9612
vn 0.0710 0.8465 0.5276
vn 0.3162 0.6739 0.6677
vn 0.4228 0.4582 0.7819
vn 0.2479 0.7512 0.6118
vn 0.2660 0.6555 0.7068
vn 0.0332 -0.7417 0.6699
vn 0.1124 0.9926 0.0458
vn 0.3008 0.7934 0.5291
vn 0.4053 0.7198 0.5636
vn 0.3171 0.8408 0.4389
vn 0.2662 0.3061 0.9140
vn 0.0837 0.6603 0.7463
vn 0.1456 -0.1795 0.9729
vn 0.4216 0.4587 0.7822
vn 0.6589 0.1798 0.7304
vn 0.6484 0.1771 0.7404
vn 0.6406 0.3358 0.6905
vn 0.5369 0.6741 0.5072
vn 0.4511 0.5872 0.6720
vn 0.6387 0.1532 0.7541
vn 0.3182 0.8725 0.3709
vn 0.5909 0.1524 0.7923
vn 0.5640 0.3366 0.7541
vn 0.5093 0.5545 0.6582
vn 0.5802 0.1774 0.7949
vn 0.5561 0.3323 0.7618
vn 0.6008 0.3700 0.7086
vn 0.0690 0.9040 0.4220
vn 0.5992 0.1987 0.7755
vn 0.4058 0.7792 0.4777
vn 0.4678 0.7464 0.4734
vn 0.7016 -0.0314 0.7119
vn 0.7051 0.1785 0.6863
vn 0.6286 0.3721 0.6830
vn 0.6123 0.5029 0.6101
vn 0.5251 0.6814 0.5100
vn 0.1966 0.9291 0.3132
vn 0.4698 0.8237 0.3175
vn 0.3969 -0.2671 0.8781
vn 0.6072 0.1754 0.7750
vn 0.5809 -0.0648 0.8114
vn 0.5795 -0.0389 0.8141
vn 0.6169 -0.0344 0.7863
vn 0.6302 -0.0230 0.7761
vn 0.6131 -0.0546 0.7881
vn 0.6547 -0.0428 0.7547
vn 0.6709 -0.0420 0.7404
vn 0.7547 0.3597 0.5486
vn 0.2671 0.9603 -0.0804
vn 0.7323 0.3598 0.5782
vn 0.6046 0.6448 0.4677
vn 0.5422 0.7222 0.4295
vn 0.7600 0.1745 0.6260
vn 0.6401 0.6322 0.4366
vn 0.7436 0.1742 0.6456
vn 0.7071 0.3477 0.6157
vn 0.6896 0.3538 0.6319
vn 0.7341 0.1938 0.6508
vn 0.7902 0.3830 0.4784
vn 0.5995 0.5840 0.5472
vn 0.7260 0.2013 0.6576
vn 0.6900 0.3641 0.6256
vn 0.6737 0.3697 0.6399
vn 0.8175 -0.0377 0.5748
vn 0.8143 0.2030 0.5438
vn 0.2057 0.8822 0.4235
vn 0.2990 0.8069 0.5094
vn 0.6145 0.5556 0.5601
vn 0.7046 0.1940 0.6826
vn 0.7142 -0.0313 0.6992
vn 0.7328 -0.0308 0.6797
vn 0.7560 -0.0312 0.6538
vn 0.7757 -0.0213 0.6308
vn 0.7564 -0.0491 0.6523
vn 0.7978 -0.0398 0.6017
vn 0.8137 -0.0276 0.5806
vn 0.8267 0.3722 0.4219
vn 0.3861 0.9178 0.0923
vn 0.7189 0.5996 0.3517
vn 0.7873 0.3783 0.4869
vn 0.8305 0.3451 0.4373
vn 0.9019 -0.0052 0.4320
vn 0.8594 0.2304 0.4565
vn 0.8504 0.2197 0.4781
vn 0.8391 0.3620 0.4061
vn 0.2066 0.8908 0.4046
vn 0.7810 0.3947 0.4840
vn 0.3309 0.9158 0.2276
vn 0.8913 0.1863 0.4133
vn 0.8292 0.5216 0.2009
vn 0.9154 -0.0083 0.4024
vn 0.7368 0.5834 0.3417
vn 0.7100 0.5465 0.4441
vn 0.4187 0.8676 0.2682
vn 0.8322 0.2292 0.5050
vn 0.8435 -0.0374 0.5359
vn 0.8426 -0.0255 0.5379
vn 0.8705 -0.0303 0.4912
vn 0.8819 -0.0220 0.4709
vn 0.8776 0.2199 0.4259
vn 0.8646 0.4147 0.2837
vn 0.8594 0.4606 0.2220
vn 0.4172 0.9083 0.0301
vn 0.8398 0.5424 -0.0226
vn 0.9653 0.0907 0.2450
vn 0.9220 -0.3867 0.0191
vn 0.7006 0.6478 0.2992
vn 0.9446 0.3160 -0.0888
vn 0.5397 0.8396 0.0617
vn 0.9175 0.2500 0.3095
vn 0.6126 -0.7389 -0.2807
vn 0.9286 0.0024 0.3710
vn 0.9472 -0.0023 0.3208
vn 0.3415 0.9386 -0.0492
vn 0.2206 0.9739 -0.0535
vn 0.6383 0.7683 0.0485
vn 0.9237 0.2387 0.2998
vn 0.3240 0.9231 -0.2069
vn 0.5864 0.8100 -0.0022
vn 0.6464 0.7540 -0.1166
vn 0.3988 0.9146 0.0675
vn 0.8872 0.4301 0.1666
vn 0.5510 0.7775 0.3031
vn 0.7480 0.6634 0.0168
vn 0.7380 0.6471 0.1913
vn 0.4967 0.8677 0.0195
vn 0.6262 0.7749 0.0861
vn 0.5597 0.8274 0.0473
vn 0.9677 -0.2085 0.1420
vn 0.8625 0.4988 -0.0848
vn 0.1426 0.9539 -0.2640
vn 0.4741 0.8802 -0.0214
vn 0.8165 0.5754 -0.0479
vn 0.3256 0.9441 -0.0508
vn 0.8614 0.4855 -0.1491
vn 0.3257 0.8762 -0.3553
vn 0.9851 0.1494 0.0851
vn 0.9621 0.2178 0.1638
vn 0.8151 0.5689 0.1094
vn 0.7856 0.6134 0.0805
vn 0.6280 0.7642 -0.1468
vn 0.5385 0.8418 0.0377
vn 0.7832 0.6193 -0.0552
vn 0.9838 -0.0260 -0.1774
vn 0.5499 0.8340 -0.0444
vn 0.7576 0.6500 0.0597
vn 0.7993 0.5985 0.0530
vn 0.9893 0.1265 -0.0729
vn 0.2345 0.9560 -0.1763
vn 0.9679 0.1858 -0.1695
vn 0.7562 0.5892 0.2846
vn 0.4252 0.8941 -0.1409
vn 0.8695 0.3889 -0.3044
vn 0.6198 0.7350 -0.2751
vn 0.5616 0.8274 0.0102
vn 0.4838 0.8622 -0.1498
vn 0.6806 -0.5779 -0.4503
vn 0.6051 0.7299 -0.3179
vn 0.1414 0.8061 -0.5747
vn 0.4845 0.8370 -0.2544
vn 0.5438 0.8041 -0.2402
vn 0.6789 -0.5769 -0.4542
vn 0.7084 0.5996 -0.3724
vn 0.6661 0.7282 -0.1614
vn 0.8795 -0.1149 -0.4618
vn 0.5703 0.7682 -0.2909
vn 0.4878 0.8448 -0.2199
vn 0.5447 0.7522 -0.3708
vn 0.3123 0.9390 -0.1440
vn 0.3276 0.9422 -0.0711
vn 0.7177 -0.4888 -0.4960
vn 0.4112 0.7814 -0.4695
vn 0.5935 0.7737 -0.2219
vn 0.6666 0.1297 -0.7341
vn 0.5821 0.8101 0.0706
vn 0.3925 0.9050 -0.1642
vn -0.2310 0.8132 -0.5341
vn -0.3485 0.6153 -0.7071
vn 0.5303 0.7636 -0.3684
vn 0.4330 0.8006 -0.4142
vn -0.1743 0.8454 -0.5049
vn 0.3754 0.9118 -0.1663
vn 0.3414 0.9389 0.0426
vn 0.3547 0.8973 -0.2626
vn 0.6348 0.6089 -0.4757
vn 0.0412 0.8602 -0.5083
vn 0.2745 0.9351 -0.2239
vn 0.3957 0.7968 -0.4566
vn 0.1224 0.8613 -0.4930
vn 0.3682 0.9218 -0.1214
vn -0.2449 0.7240 -0.6449
vn 0.5537 0.7391 -0.3837
vn 0.6198 0.4538 -0.6402
vn 0.3395 -0.7086 -0.6186
vn 0.3702 0.7550 -0.5413
vn 0.6918 0.2293 -0.6847
vn 0.5468 -0.5743 -0.6093
vn 0.4546 -0.4237 -0.7834
vn -0.1901 0.9049 -0.3809
vn 0.4749 0.8540 -0.2125
vn 0.0727 0.9049 -0.4193
vn 0.3839 0.7701 -0.5094
vn 0.4665 0.8248 -0.3197
vn 0.4277 0.8961 -0.1186
vn -0.4555 0.4203 0.7847
vn 0.3678 0.8456 -0.3868
vn 0.2785 -0.7495 -0.6006
vn 0.8521 0.2264 -0.4719
vn 0.5831 -0.4726 -0.6608
vn 0.1295 0.2474 -0.9602
vn 0.2050 0.7210 -0.6619
vn 0.3218 0.8110 -0.4886
vn 0.3452 0.7772 -0.5260
vn 0.6513 -0.3313 -0.6827
vn 0.3882 -0.6188 -0.6829
vn 0.0487 0.8411 -0.5387
vn 0.2174 0.8730 -0.4366
vn 0.3905 -0.4142 -0.8222
vn -0.0455 0.8496 -0.5254
vn -0.1786 0.9038 -0.3890
vn 0.2603 0.7155 -0.6484
vn -0.5518 0.5801 0.5992
vn 0.2287 0.8716 -0.4337
vn 0.3370 0.2908 -0.8955
vn 0.5849 -0.2895 -0.7577
vn 0.4032 0.3276 -0.8545
vn 0.0592 0.9009 -0.4301
vn 0.2267 0.8705 -0.4369
vn 0.1898 0.9442 -0.2692
vn 0.1008 0.8051 -0.5845
vn -0.0355 0.8566 -0.5147
vn -0.1397 -0.7385 -0.6596
vn 0.4037 0.0368 -0.9141
vn 0.2736 0.1363 -0.9521
vn -0.0138 0.8784 -0.4777
vn -0.0428 0.8543 -0.5180
vn 0.3180 0.4901 -0.8116
vn -0.1059 0.8375 -0.5361
vn 0.3866 0.3424 -0.8563
vn 0.4190 0.0490 -0.9067
vn -0.1139 0.8716 -0.4767
vn -0.0888 -0.6848 -0.7233
vn 0.1624 0.9283 -0.3345
vn 0.3416 0.8594 -0.3803
vn 0.2159 0.8888 -0.4043
vn 0.0928 0.2297 -0.9688
vn -0.0892 0.8478 -0.5227
vn -0.0651 0.8747 -0.4803
vn 0.0963 0.2288 -0.9687
vn -0.2085 0.9185 0.3360
vt 0.996094 0.885492
vt 0.992188 0.848699
vt 0.996094 0.847760
vt 0.996094 0.923505
vt 0.992188 0.885888
vt 0.996094 0.961705
vt 0.992188 0.923622
vt 0.988281 0.849511
vt 0.988281 0.886230
vt 0.992188 0.961720
vt 0.988281 0.923723
vt 0.984375 0.850133
vt 0.984375 0.886492
vt 0.988281 0.961733
vt 0.984375 0.923801
vt 0.000000 0.000000
vt 0.980469 0.886657
vt 0.980469 0.850523
vt 0.980469 0.923850
vt 0.980469 0.961749
vt 0.976563 0.886742
vt 0.976563 0.850723
vt 0.976563 0.923875
vt 0.976563 0.961752
vt 0.972656 0.923884
vt 0.972656 0.886773
vt 0.972656 0.961753
vt 1.000000 0.885069
vt 1.000000 0.846759
vt 1.000000 0.923379
vt 1.000000 0.961690
vt 1.000000 1.000000
vt 0.996094 1.000000
vt 0.992188 1.000000
vt 0.988281 1.000000
vt 0.984375 0.961743
vt 0.980469 1.000000
vt 0.976563 1.000000
vt 0.972656 1.000000
vt 0.968750 1.000000
vt 0.968750 0.961753
vt 0.968750 0.923886
vt 0.968750 0.886777
vt 0.964844 0.923886
vt 0.960938 0.886777
vt 0.964844 0.886777
vt 0.964844 0.961753
vt 0.960938 0.923885
vt 0.957031 0.886777
vt 0.960938 0.961753
vt 0.957031 0.923885
vt 0.953125 0.886777
vt 0.957031 0.961753
vt 0.953125 0.923885
vt 0.953125 0.850807
vt 0.949219 0.886777
vt 0.949219 0.850807
vt 0.949219 0.923885
vt 0.949219 0.961753
vt 0.945313 0.886777
vt 0.945313 0.850807
vt 0.945313 0.923886
vt 0.945313 0.961753
vt 0.941406 0.886777
vt 0.941406 0.850807
vt 0.941406 0.923886
vt 0.941406 0.961753
vt 0.964844 1.000000
vt 0.960938 1.000000
vt 0.957031 1.000000
vt 0.953125 0.961753
vt 0.949219 1.000000
vt 0.945313 1.000000
vt 0.941406 1.000000
vt 0.937500 1.000000
vt 0.937500 0.961753
vt 0.937500 0.923886
vt 0.937500 0.886777
vt 0.937500 0.850807
vt 0.933594 0.886777
vt 0.929688 0.850807
vt 0.933594 0.850807
vt 0.933594 0.923886
vt 0.929688 0.886777
vt 0.933594 0.961753
vt 0.929688 0.923885
vt 0.925781 0.850807
vt 0.925781 0.886777
vt 0.929688 0.961753
vt 0.925781 0.923885
vt 0.925781 0.816356
vt 0.921875 0.783802
vt 0.925781 0.783802
vt 0.921875 0.816356
vt 0.921875 0.850807
vt 0.921875 0.886777
vt 0.925781 0.961753
vt 0.921875 0.923885
vt 0.917969 0.816356
vt 0.917969 0.783802
vt 0.917969 0.850807
vt 0.917969 0.886777
vt 0.917969 0.923885
vt 0.917969 0.961753
vt 0.914063 0.816356
vt 0.914063 0.783803
vt 0.914063 0.850807
vt 0.914063 0.886777
vt 0.914063 0.923886
vt 0.914063 0.961753
vt 0.910156 0.816356
vt 0.910156 0.783802
vt 0.910156 0.850807
vt 0.910156 0.886777
vt 0.910156 0.923886
vt 0.910156 0.961753
vt 0.933594 1.000000
vt 0.929688 1.000000
vt 0.925781 1.000000
vt 0.921875 0.961753
vt 0.917969 1.000000
vt 0.914063 1.000000
vt 0.910156 1.000000
vt 0.906250 1.000000
vt 0.906250 0.961753
vt 0.906250 0.923886
vt 0.906250 0.886777
vt 0.906250 0.850807
vt 0.906250 0.816356
vt 0.906250 0.783802
vt 0.902344 0.816356
vt 0.898438 0.783803
vt 0.902344 0.783802
vt 0.902344 0.850807
vt 0.898438 0.816356
vt 0.902344 0.886777
vt 0.898438 0.850807
vt 0.902344 0.923886
vt 0.898438 0.886777
vt 0.902344 0.961753
vt 0.898438 0.923885
vt 0.894531 0.783802
vt 0.894531 0.816356
vt 0.894531 0.850807
vt 0.894531 0.886777
vt 0.898438 0.961753
vt 0.894531 0.923885
vt 0.890625 0.783802
vt 0.890625 0.816356
vt 0.890625 0.850807
vt 0.890625 0.886777
vt 0.894531 0.961753
vt 0.890625 0.923885
vt 0.886719 0.816356
vt 0.886719 0.783802
vt 0.886719 0.850807
vt 0.886719 0.886777
vt 0.886719 0.923885
vt 0.886719 0.961753
vt 0.882813 0.816356
vt 0.882813 0.783803
vt 0.882813 0.850807
vt 0.882812 0.886777
vt 0.882813 0.923886
vt 0.882813 0.961753
vt 0.878906 0.816356
vt 0.878906 0.783802
vt 0.878906 0.850807
vt 0.878906 0.886777
vt 0.878906 0.923886
vt 0.878906 0.961753
vt 0.902344 1.000000
vt 0.898438 1.000000
vt 0.894531 1.000000
vt 0.890625 0.961753
vt 0.886719 1.000000
vt 0.882813 1.000000
vt 0.878906 1.000000
vt 0.875000 1.000000
vt 0.875000 0.961753
vt 0.875000 0.923886
vt 0.875000 0.886777
vt 0.875000 0.850807
vt 0.875000 0.816356
vt 0.875000 0.783802
vt 0.871094 0.816356
vt 0.867188 0.783803
vt 0.871094 0.783802
vt 0.871094 0.850807
vt 0.867188 0.816356
vt 0.871094 0.886777
vt 0.867188 0.850807
vt 0.871094 0.923886
vt 0.867188 0.886777
vt 0.871094 0.961753
vt 0.867188 0.923885
vt 0.863281 0.783802
vt 0.863281 0.816356
vt 0.863281 0.850807
vt 0.863281 0.886777
vt 0.867188 0.961753
vt 0.863281 0.923885
vt 0.859375 0.783802
vt 0.859375 0.816356
vt 0.859375 0.850807
vt 0.859375 0.886777
vt 0.863281 0.961753
vt 0.859375 0.923885
vt 0.855469 0.816356
vt 0.855469 0.783802
vt 0.855469 0.850807
vt 0.855469 0.886777
vt 0.855469 0.923885
vt 0.855469 0.961753
vt 0.851563 0.816356
vt 0.851562 0.783803
vt 0.851563 0.850807
vt 0.851562 0.886777
vt 0.851562 0.923886
vt 0.851562 0.961753
vt 0.847656 0.816356
vt 0.847656 0.783802
vt 0.847656 0.850807
vt 0.847656 0.886777
vt 0.847656 0.923886
vt 0.847656 0.961753
vt 0.871094 1.000000
vt 0.867188 1.000000
vt 0.863281 1.000000
vt 0.859375 0.961753
vt 0.855469 1.000000
vt 0.851563 1.000000
vt 0.847656 1.000000
vt 0.843750 1.000000
vt 0.843750 0.961753
vt 0.843750 0.923886
vt 0.843750 0.886777
vt 0.843750 0.850807
vt 0.843750 0.816356
vt 0.843750 0.783802
vt 0.839844 0.886777
vt 0.835938 0.850807
vt 0.839844 0.850807
vt 0.839844 0.923886
vt 0.835938 0.886777
vt 0.839844 0.961753
vt 0.835938 0.923885
vt 0.832031 0.850807
vt 0.832031 0.886777
vt 0.835938 0.961753
vt 0.832031 0.923885
vt 0.828125 0.850807
vt 0.828125 0.886777
vt 0.832031 0.961753
vt 0.828125 0.923885
vt 0.824219 0.886777
vt 0.824219 0.850807
vt 0.824219 0.923885
vt 0.824219 0.961753
vt 0.820313 0.886777
vt 0.820312 0.850807
vt 0.820313 0.923886
vt 0.820313 0.961753
vt 0.816406 0.886777
vt 0.816406 0.850807
vt 0.816406 0.923886
vt 0.816406 0.961753
vt 0.839844 1.000000
vt 0.835938 1.000000
vt 0.832031 1.000000
vt 0.828125 0.961753
vt 0.824219 1.000000
vt 0.820313 1.000000
vt 0.816406 1.000000
vt 0.812500 1.000000
vt 0.812500 0.961753
vt 0.812500 0.923886
vt 0.812500 0.886777
vt 0.812500 0.850807
vt 0.808594 0.886777
vt 0.804688 0.850807
vt 0.808594 0.850807
vt 0.808594 0.923886
vt 0.804688 0.886777
vt 0.808594 0.961753
vt 0.804688 0.923885
vt 0.800781 0.886777
vt 0.804688 0.961753
vt 0.800781 0.923885
vt 0.796875 0.886777
vt 0.800781 0.961753
vt 0.796875 0.923885
vt 0.792969 0.923885
vt 0.792969 0.886777
vt 0.792969 0.961753
vt 0.789063 0.923886
vt 0.789063 0.886777
vt 0.789063 0.961753
vt 0.785156 0.923886
vt 0.785156 0.886777
vt 0.785156 0.961753
vt 0.808594 1.000000
vt 0.804688 1.000000
vt 0.800781 1.000000
vt 0.796875 0.961753
vt 0.792969 1.000000
vt 0.789063 1.000000
vt 0.785156 1.000000
vt 0.781250 1.000000
vt 0.781250 0.961753
vt 0.781250 0.923886
vt 0.781250 0.886777
vt 0.777344 0.923886
vt 0.773438 0.886777
vt 0.777344 0.886777
vt 0.777344 0.961753
vt 0.773438 0.923885
vt 0.769531 0.886777
vt 0.773438 0.961753
vt 0.769531 0.923885
vt 0.765625 0.886777
vt 0.769531 0.961753
vt 0.765625 0.923885
vt 0.761719 0.923885
vt 0.761719 0.886777
vt 0.761719 0.961753
vt 0.757813 0.923886
vt 0.757813 0.886777
vt 0.757813 0.961753
vt 0.753906 0.923886
vt 0.753906 0.886777
vt 0.753906 0.961753
vt 0.777344 1.000000
vt 0.773438 1.000000
vt 0.769531 1.000000
vt 0.765625 0.961753
vt 0.761719 1.000000
vt 0.757813 1.000000
vt 0.753906 1.000000
vt 0.750000 1.000000
vt 0.750000 0.961753
vt 0.750000 0.923886
vt 0.750000 0.886777
vt 0.753906 0.850807
vt 0.750000 0.850807
vt 0.746094 0.886777
vt 0.742188 0.850807
vt 0.746094 0.850807
vt 0.746094 0.923886
vt 0.742188 0.886777
vt 0.746094 0.961753
vt 0.742188 0.923885
vt 0.738281 0.850807
vt 0.738281 0.886777
vt 0.742188 0.961753
vt 0.738281 0.923885
vt 0.734375 0.850807
vt 0.734375 0.886777
vt 0.738281 0.961753
vt 0.734375 0.923885
vt 0.730469 0.886777
vt 0.730469 0.850807
vt 0.730469 0.923885
vt 0.730469 0.961753
vt 0.726562 0.886777
vt 0.726563 0.850807
vt 0.726562 0.923886
vt 0.726562 0.961753
vt 0.722656 0.886777
vt 0.722656 0.850807
vt 0.722656 0.923886
vt 0.722656 0.961753
vt 0.746094 1.000000
vt 0.742188 1.000000
vt 0.738281 1.000000
vt 0.734375 0.961753
vt 0.730469 1.000000
vt 0.726563 1.000000
vt 0.722656 1.000000
vt 0.718750 1.000000
vt 0.718750 0.961753
vt 0.718750 0.923886
vt 0.718750 0.886777
vt 0.718750 0.850807
vt 0.714844 0.923886
vt 0.710938 0.886777
vt 0.714844 0.886777
vt 0.714844 0.961753
vt 0.710938 0.923885
vt 0.707031 0.886777
vt 0.710938 0.961753
vt 0.707031 0.923885
vt 0.703125 0.886777
vt 0.707031 0.961753
vt 0.703125 0.923885
vt 0.699219 0.923885
vt 0.699219 0.886777
vt 0.699219 0.961753
vt 0.695313 0.923886
vt 0.695313 0.886777
vt 0.695313 0.961753
vt 0.691406 0.923886
vt 0.691406 0.886777
vt 0.691406 0.961753
vt 0.714844 1.000000
vt 0.710938 1.000000
vt 0.707031 1.000000
vt 0.703125 0.961753
vt 0.699219 1.000000
vt 0.695313 1.000000
vt 0.691406 1.000000
vt 0.687500 1.000000
vt 0.687500 0.961753
vt 0.687500 0.923886
vt 0.687500 0.886777
vt 0.683594 0.923886
vt 0.679688 0.886777
vt 0.683594 0.886777
vt 0.683594 0.961753
vt 0.679688 0.923885
vt 0.675781 0.886777
vt 0.679688 0.961753
vt 0.675781 0.923885
vt 0.671875 0.886777
vt 0.675781 0.961753
vt 0.671875 0.923885
vt 0.667969 0.923885
vt 0.667969 0.886777
vt 0.667969 0.961753
vt 0.664063 0.923886
vt 0.664063 0.886777
vt 0.664063 0.961753
vt 0.660156 0.923886
vt 0.660156 0.886777
vt 0.660156 0.961753
vt 0.683594 1.000000
vt 0.679688 1.000000
vt 0.675781 1.000000
vt 0.671875 0.961753
vt 0.667969 1.000000
vt 0.664063 1.000000
vt 0.660156 1.000000
vt 0.656250 1.000000
vt 0.656250 0.961753
vt 0.656250 0.923886
vt 0.656250 0.886777
vt 0.652344 0.923886
vt 0.648438 0.886777
vt 0.652344 0.886777
vt 0.652344 0.961753
vt 0.648438 0.923885
vt 0.644531 0.886777
vt 0.648438 0.961753
vt 0.644531 0.923885
vt 0.640625 0.886777
vt 0.644531 0.961753
vt 0.640625 0.923885
vt 0.636719 0.923885
vt 0.636719 0.886777
vt 0.636719 0.961753
vt 0.632813 0.923886
vt 0.632813 0.886777
vt 0.632813 0.961753
vt 0.628906 0.923886
vt 0.628906 0.886777
vt 0.628906 0.961753
vt 0.652344 1.000000
vt 0.648438 1.000000
vt 0.644531 1.000000
vt 0.640625 0.961753
vt 0.636719 1.000000
vt 0.632813 1.000000
vt 0.628906 1.000000
vt 0.625000 1.000000
vt 0.625000 0.961753
vt 0.625000 0.923886
vt 0.625000 0.886777
vt 0.621094 0.923886
vt 0.617188 0.886777
vt 0.621094 0.886777
vt 0.621094 0.961753
vt 0.617188 0.923885
vt 0.613281 0.886777
vt 0.617188 0.961753
vt 0.613281 0.923885
vt 0.609375 0.886777
vt 0.613281 0.961753
vt 0.609375 0.923885
vt 0.605469 0.923885
vt 0.605469 0.886777
vt 0.605469 0.961753
vt 0.601563 0.923886
vt 0.601562 0.886777
vt 0.601563 0.961753
vt 0.597656 0.923886
vt 0.597656 0.886777
vt 0.597656 0.961753
vt 0.621094 1.000000
vt 0.617188 1.000000
vt 0.613281 1.000000
vt 0.609375 0.961753
vt 0.605469 1.000000
vt 0.601563 1.000000
vt 0.597656 1.000000
vt 0.593750 1.000000
vt 0.593750 0.961753
vt 0.593750 0.923886
vt 0.593750 0.886777
vt 0.589844 0.886777
vt 0.585938 0.850807
vt 0.589844 0.850807
vt 0.589844 0.923886
vt 0.585938 0.886777
vt 0.589844 0.961753
vt 0.585938 0.923885
vt 0.582031 0.850807
vt 0.582031 0.886777
vt 0.585938 0.961753
vt 0.582031 0.923885
vt 0.578125 0.850807
vt 0.578125 0.886777
vt 0.582031 0.961753
vt 0.578125 0.923885
vt 0.574219 0.886777
vt 0.574219 0.850807
vt 0.574219 0.923885
vt 0.574219 0.961753
vt 0.570313 0.886777
vt 0.570313 0.850807
vt 0.570312 0.923886
vt 0.570312 0.961753
vt 0.566406 0.886777
vt 0.566406 0.850807
vt 0.566406 0.923886
vt 0.566406 0.961753
vt 0.589844 1.000000
vt 0.585938 1.000000
vt 0.582031 1.000000
vt 0.578125 0.961753
vt 0.574219 1.000000
vt 0.570313 1.000000
vt 0.566406 1.000000
vt 0.562500 1.000000
vt 0.562500 0.961753
vt 0.562500 0.923886
vt 0.562500 0.886777
vt 0.562500 0.850807
vt 0.558594 0.886777
vt 0.554688 0.850807
vt 0.558594 0.850807
vt 0.558594 0.923886
vt 0.554688 0.886777
vt 0.558594 0.961753
vt 0.554688 0.923885
vt 0.550781 0.850807
vt 0.550781 0.886777
vt 0.554688 0.961753
vt 0.550781 0.923885
vt 0.546875 0.850807
vt 0.546875 0.886777
vt 0.550781 0.961753
vt 0.546875 0.923885
vt 0.542969 0.886777
vt 0.542969 0.850807
vt 0.542969 0.923885
vt 0.542969 0.961753
vt 0.539063 0.886777
vt 0.539062 0.850807
vt 0.539063 0.923886
vt 0.539063 0.961753
vt 0.535156 0.886777
vt 0.535156 0.850807
vt 0.535156 0.923886
vt 0.535156 0.961753
vt 0.558594 1.000000
vt 0.554688 1.000000
vt 0.550781 1.000000
vt 0.546875 0.961753
vt 0.542969 1.000000
vt 0.539063 1.000000
vt 0.535156 1.000000
vt 0.531250 1.000000
vt 0.531250 0.961753
vt 0.531250 0.923886
vt 0.531250 0.886777
vt 0.531250 0.850807
vt 0.535156 0.816356
vt 0.531250 0.816356
vt 0.527344 0.850807
vt 0.523438 0.816356
vt 0.527344 0.816356
vt 0.527344 0.886777
vt 0.523438 0.850807
vt 0.527344 0.923886
vt 0.523438 0.886777
vt 0.527344 0.961753
vt 0.523438 0.923885
vt 0.519531 0.783802
vt 0.523438 0.783803
vt 0.519531 0.816356
vt 0.519531 0.850807
vt 0.519531 0.886777
vt 0.523438 0.961753
vt 0.519531 0.923885
vt 0.515625 0.783802
vt 0.515625 0.816356
vt 0.515625 0.850807
vt 0.515625 0.886777
vt 0.519531 0.961753
vt 0.515625 0.923885
vt 0.515625 0.753526
vt 0.511719 0.783802
vt 0.511719 0.753526
vt 0.511719 0.816356
vt 0.511719 0.850807
vt 0.511719 0.886777
vt 0.511719 0.923885
vt 0.511719 0.961753
vt 0.507813 0.783803
vt 0.507813 0.753526
vt 0.507813 0.816356
vt 0.507812 0.850807
vt 0.507813 0.886777
vt 0.507812 0.923886
vt 0.507812 0.961753
vt 0.503906 0.783802
vt 0.503906 0.753526
vt 0.503906 0.816356
vt 0.503906 0.850807
vt 0.503906 0.886777
vt 0.503906 0.923886
vt 0.503906 0.961753
vt 0.527344 1.000000
vt 0.523438 1.000000
vt 0.519531 1.000000
vt 0.515625 0.961753
vt 0.511719 1.000000
vt 0.507813 1.000000
vt 0.503906 1.000000
vt 0.500000 1.000000
vt 0.500000 0.961753
vt 0.500000 0.923886
vt 0.500000 0.886777
vt 0.500000 0.850807
vt 0.500000 0.816356
vt 0.500000 0.783802
vt 0.500000 0.753526
vt 0.503906 0.725907
vt 0.500000 0.725907
vt 0.496094 0.783802
vt 0.492188 0.753526
vt 0.496094 0.753526
vt 0.496094 0.816356
vt 0.492188 0.783803
vt 0.496094 0.850807
vt 0.492188 0.816356
vt 0.496094 0.886777
vt 0.492188 0.850807
vt 0.496094 0.923886
vt 0.492188 0.886777
vt 0.496094 0.961753
vt 0.492188 0.923885
vt 0.488281 0.753526
vt 0.488281 0.783802
vt 0.488281 0.816356
vt 0.488281 0.850807
vt 0.488281 0.886777
vt 0.492188 0.961753
vt 0.488281 0.923885
vt 0.484375 0.753526
vt 0.484375 0.783802
vt 0.484375 0.816356
vt 0.484375 0.850807
vt 0.484375 0.886777
vt 0.488281 0.961753
vt 0.484375 0.923885
vt 0.480469 0.783802
vt 0.480469 0.753526
vt 0.480469 0.816356
vt 0.480469 0.850807
vt 0.480469 0.886777
vt 0.480469 0.923885
vt 0.480469 0.961753
vt 0.476563 0.783803
vt 0.476563 0.753526
vt 0.476563 0.816356
vt 0.476563 0.850807
vt 0.476562 0.886777
vt 0.476563 0.923886
vt 0.476563 0.961753
vt 0.472656 0.783802
vt 0.472656 0.753526
vt 0.472656 0.816356
vt 0.472656 0.850807
vt 0.472656 0.886777
vt 0.472656 0.923886
vt 0.472656 0.961753
vt 0.496094 0.725907
vt 0.496094 1.000000
vt 0.492188 1.000000
vt 0.488281 1.000000
vt 0.484375 0.961753
vt 0.480469 1.000000
vt 0.476563 1.000000
vt 0.472656 1.000000
vt 0.468750 1.000000
vt 0.468750 0.961753
vt 0.468750 0.923886
vt 0.468750 0.886777
vt 0.468750 0.850807
vt 0.468750 0.816356
vt 0.468750 0.783802
vt 0.468750 0.753526
vt 0.472656 0.725907
vt 0.468750 0.725907
vt 0.476563 0.725907
vt 0.480469 0.725907
vt 0.484375 0.725907
vt 0.488281 0.725907
vt 0.492188 0.725907
vt 0.464844 0.783802
vt 0.460938 0.753526
vt 0.464844 0.753526
vt 0.464844 0.816356
vt 0.460938 0.783803
vt 0.464844 0.850808
vt 0.460938 0.816356
vt 0.464844 0.886777
vt 0.460938 0.850807
vt 0.464844 0.923886
vt 0.460938 0.886777
vt 0.464844 0.961753
vt 0.460938 0.923885
vt 0.457031 0.753526
vt 0.457031 0.783803
vt 0.457031 0.816356
vt 0.457031 0.850807
vt 0.457031 0.886777
vt 0.460938 0.961753
vt 0.457031 0.923885
vt 0.453125 0.753526
vt 0.453125 0.783802
vt 0.453125 0.816356
vt 0.453125 0.850807
vt 0.453125 0.886777
vt 0.457031 0.961753
vt 0.453125 0.923885
vt 0.449219 0.783802
vt 0.449219 0.753526
vt 0.449219 0.816356
vt 0.449219 0.850807
vt 0.449219 0.886777
vt 0.449219 0.923885
vt 0.449219 0.961753
vt 0.445313 0.783803
vt 0.445313 0.753526
vt 0.445313 0.816356
vt 0.445313 0.850807
vt 0.445313 0.886777
vt 0.445312 0.923886
vt 0.445312 0.961753
vt 0.441406 0.753526
vt 0.441406 0.816356
vt 0.441406 0.783802
vt 0.441406 0.850807
vt 0.441406 0.886777
vt 0.441406 0.923886
vt 0.441406 0.961753
vt 0.464844 0.725907
vt 0.464844 1.000000
vt 0.460938 1.000000
vt 0.457031 1.000000
vt 0.453125 0.961753
vt 0.449219 1.000000
vt 0.445313 1.000000
vt 0.441406 1.000000
vt 0.437500 1.000000
vt 0.437500 0.961753
vt 0.437500 0.923886
vt 0.437500 0.886777
vt 0.437500 0.850807
vt 0.437500 0.816356
vt 0.437500 0.783802
vt 0.445313 0.725907
vt 0.441406 0.725907
vt 0.449219 0.725907
vt 0.453125 0.725907
vt 0.457031 0.725907
vt 0.460938 0.725907
vt 0.433594 0.850807
vt 0.429688 0.816356
vt 0.433594 0.816356
vt 0.433594 0.886777
vt 0.429688 0.850807
vt 0.433594 0.923886
vt 0.429688 0.886777
vt 0.433594 0.961753
vt 0.429688 0.923885
vt 0.425781 0.816356
vt 0.425781 0.850807
vt 0.425781 0.886777
vt 0.429688 0.961753
vt 0.425781 0.923885
vt 0.421875 0.816356
vt 0.421875 0.850807
vt 0.421875 0.886777
vt 0.425781 0.961753
vt 0.421875 0.923885
vt 0.417969 0.816356
vt 0.417969 0.886777
vt 0.417969 0.850807
vt 0.417969 0.923885
vt 0.417969 0.961753
vt 0.414062 0.850807
vt 0.414062 0.816356
vt 0.414063 0.886777
vt 0.414063 0.923886
vt 0.414063 0.961753
vt 0.410156 0.850807
vt 0.410156 0.816356
vt 0.410156 0.886777
vt 0.410156 0.923886
vt 0.410156 0.961753
vt 0.433594 0.783802
vt 0.433594 1.000000
vt 0.429688 1.000000
vt 0.425781 1.000000
vt 0.421875 0.961753
vt 0.417969 1.000000
vt 0.414063 1.000000
vt 0.410156 1.000000
vt 0.406250 1.000000
vt 0.406250 0.961753
vt 0.406250 0.923886
vt 0.406250 0.886777
vt 0.406250 0.850807
vt 0.406250 0.816356
vt 0.402344 0.850807
vt 0.398438 0.816356
vt 0.402344 0.816356
vt 0.402344 0.886777
vt 0.398438 0.850807
vt 0.402344 0.923886
vt 0.398438 0.886777
vt 0.402344 0.961753
vt 0.398438 0.923885
vt 0.394531 0.816356
vt 0.394531 0.850807
vt 0.394531 0.886777
vt 0.398438 0.961753
vt 0.394531 0.923885
vt 0.390625 0.816356
vt 0.390625 0.850807
vt 0.390625 0.886777
vt 0.394531 0.961753
vt 0.390625 0.923885
vt 0.386719 0.850807
vt 0.386719 0.816356
vt 0.386719 0.886777
vt 0.386719 0.923885
vt 0.386719 0.961753
vt 0.382812 0.850807
vt 0.382813 0.816356
vt 0.382813 0.886777
vt 0.382813 0.923886
vt 0.382813 0.961753
vt 0.382813 0.783803
vt 0.378906 0.816356
vt 0.378906 0.783802
vt 0.378906 0.850807
vt 0.378906 0.886777
vt 0.378906 0.923886
vt 0.378906 0.961753
vt 0.402344 1.000000
vt 0.398438 1.000000
vt 0.394531 1.000000
vt 0.390625 0.961753
vt 0.386719 1.000000
vt 0.382813 1.000000
vt 0.378906 1.000000
vt 0.375000 1.000000
vt 0.375000 0.961753
vt 0.375000 0.923886
vt 0.375000 0.886777
vt 0.375000 0.850807
vt 0.375000 0.816356
vt 0.375000 0.783802
vt 0.390625 0.725907
vt 0.386719 0.753526
vt 0.386719 0.725907
vt 0.371094 0.783802
vt 0.367188 0.753526
vt 0.371094 0.753526
vt 0.371094 0.816356
vt 0.367188 0.783803
vt 0.371094 0.850807
vt 0.367188 0.816356
vt 0.371094 0.886777
vt 0.367188 0.850807
vt 0.371094 0.923886
vt 0.367188 0.886777
vt 0.371094 0.961753
vt 0.367188 0.923885
vt 0.363281 0.753526
vt 0.363281 0.783802
vt 0.363281 0.816356
vt 0.363281 0.850807
vt 0.363281 0.886777
vt 0.367188 0.961753
vt 0.363281 0.923885
vt 0.359375 0.753526
vt 0.359375 0.816356
vt 0.359375 0.783802
vt 0.359375 0.850807
vt 0.359375 0.886777
vt 0.363281 0.961753
vt 0.359375 0.923885
vt 0.355469 0.783802
vt 0.355469 0.753526
vt 0.355469 0.816356
vt 0.355469 0.850807
vt 0.355469 0.886777
vt 0.355469 0.923885
vt 0.355469 0.961753
vt 0.351563 0.783803
vt 0.351562 0.753526
vt 0.351562 0.816356
vt 0.351563 0.850807
vt 0.351563 0.886777
vt 0.351563 0.923886
vt 0.351563 0.961753
vt 0.347656 0.783802
vt 0.347656 0.753526
vt 0.347656 0.816356
vt 0.347656 0.850807
vt 0.347656 0.886777
vt 0.347656 0.923886
vt 0.347656 0.961753
vt 0.375000 0.753526
vt 0.371094 0.725907
vt 0.375000 0.725907
vt 0.371094 1.000000
vt 0.367188 1.000000
vt 0.363281 1.000000
vt 0.359375 0.961753
vt 0.355469 1.000000
vt 0.351563 1.000000
vt 0.347656 1.000000
vt 0.343750 1.000000
vt 0.343750 0.961753
vt 0.343750 0.923886
vt 0.343750 0.886777
vt 0.343750 0.850807
vt 0.343750 0.816356
vt 0.343750 0.783802
vt 0.343750 0.753526
vt 0.347656 0.725907
vt 0.343750 0.725907
vt 0.351562 0.725907
vt 0.355469 0.725907
vt 0.359375 0.725907
vt 0.363281 0.725907
vt 0.367188 0.725907
vt 0.339844 0.783802
vt 0.335938 0.753526
vt 0.339844 0.753526
vt 0.339844 0.816356
vt 0.335938 0.783803
vt 0.339844 0.850807
vt 0.335938 0.816356
vt 0.339844 0.886777
vt 0.335938 0.850807
vt 0.339844 0.923886
vt 0.335938 0.886777
vt 0.339844 0.961753
vt 0.335938 0.923885
vt 0.332031 0.753526
vt 0.332031 0.783802
vt 0.332031 0.816356
vt 0.332031 0.850807
vt 0.332031 0.886777
vt 0.335938 0.961753
vt 0.332031 0.923885
vt 0.328125 0.753526
vt 0.328125 0.783802
vt 0.328125 0.816356
vt 0.328125 0.850807
vt 0.328125 0.886777
vt 0.332031 0.961753
vt 0.328125 0.923885
vt 0.324219 0.783802
vt 0.324219 0.753526
vt 0.324219 0.816356
vt 0.324219 0.850807
vt 0.324219 0.886777
vt 0.324219 0.923885
vt 0.324219 0.961753
vt 0.320313 0.783802
vt 0.320312 0.753526
vt 0.320312 0.816356
vt 0.320313 0.850807
vt 0.320313 0.886777
vt 0.320313 0.923886
vt 0.320313 0.961753
vt 0.316406 0.783802
vt 0.316406 0.753526
vt 0.316406 0.816356
vt 0.316406 0.850807
vt 0.316406 0.886777
vt 0.316406 0.923886
vt 0.316406 0.961753
vt 0.339844 0.725907
vt 0.339844 1.000000
vt 0.335938 1.000000
vt 0.332031 1.000000
vt 0.328125 0.961753
vt 0.324219 1.000000
vt 0.320313 1.000000
vt 0.316406 1.000000
vt 0.312500 1.000000
vt 0.312500 0.961753
vt 0.312500 0.923886
vt 0.312500 0.886777
vt 0.312500 0.850807
vt 0.312500 0.816356
vt 0.312500 0.783802
vt 0.312500 0.753526
vt 0.316406 0.725907
vt 0.312500 0.725907
vt 0.320312 0.725907
vt 0.324219 0.725907
vt 0.328125 0.725907
vt 0.332031 0.725907
vt 0.335938 0.725907
vt 0.308594 0.783802
vt 0.304688 0.753526
vt 0.308594 0.753526
vt 0.308594 0.816356
vt 0.304688 0.783803
vt 0.308594 0.850807
vt 0.304688 0.816356
vt 0.308594 0.886777
vt 0.304688 0.850807
vt 0.308594 0.923886
vt 0.304688 0.886777
vt 0.308594 0.961753
vt 0.304688 0.923885
vt 0.300781 0.753526
vt 0.300781 0.783802
vt 0.300781 0.816356
vt 0.300781 0.850807
vt 0.300781 0.886777
vt 0.304688 0.961753
vt 0.300781 0.923885
vt 0.296875 0.753526
vt 0.296875 0.783802
vt 0.296875 0.816356
vt 0.296875 0.850807
vt 0.296875 0.886777
vt 0.300781 0.961753
vt 0.296875 0.923885
vt 0.292969 0.783802
vt 0.292969 0.753526
vt 0.292969 0.816356
vt 0.292969 0.850807
vt 0.292969 0.886777
vt 0.292969 0.923885
vt 0.292969 0.961753
vt 0.289062 0.783803
vt 0.289063 0.753526
vt 0.289063 0.816356
vt 0.289063 0.850807
vt 0.289063 0.886777
vt 0.289063 0.923886
vt 0.289063 0.961753
vt 0.285156 0.783802
vt 0.285156 0.753526
vt 0.285156 0.816356
vt 0.285156 0.850807
vt 0.285156 0.886777
vt 0.285156 0.923886
vt 0.285156 0.961753
vt 0.308594 0.725907
vt 0.308594 1.000000
vt 0.304688 1.000000
vt 0.300781 1.000000
vt 0.296875 0.961753
vt 0.292969 1.000000
vt 0.289063 1.000000
vt 0.285156 1.000000
vt 0.281250 1.000000
vt 0.281250 0.961753
vt 0.281250 0.923886
vt 0.281250 0.886777
vt 0.281250 0.850807
vt 0.281250 0.816356
vt 0.281250 0.783802
vt 0.281250 0.753526
vt 0.285156 0.725907
vt 0.281250 0.725907
vt 0.289063 0.725907
vt 0.292969 0.725907
vt 0.296875 0.725907
vt 0.300781 0.725907
vt 0.304688 0.725907
vt 0.277344 0.783802
vt 0.273438 0.753526
vt 0.277344 0.753526
vt 0.277344 0.816356
vt 0.273437 0.783803
vt 0.277344 0.850807
vt 0.273438 0.816356
vt 0.277344 0.886777
vt 0.273438 0.850807
vt 0.277344 0.923886
vt 0.273438 0.886777
vt 0.277344 0.961753
vt 0.273438 0.923885
vt 0.269531 0.753526
vt 0.269531 0.783802
vt 0.269531 0.816356
vt 0.269531 0.850807
vt 0.269531 0.886777
vt 0.273438 0.961753
vt 0.269531 0.923885
vt 0.265625 0.753526
vt 0.265625 0.783802
vt 0.265625 0.816356
vt 0.265625 0.850807
vt 0.265625 0.886777
vt 0.269531 0.961753
vt 0.265625 0.923885
vt 0.261719 0.783802
vt 0.261719 0.753526
vt 0.261719 0.816356
vt 0.261719 0.850807
vt 0.261719 0.886777
vt 0.261719 0.923885
vt 0.261719 0.961753
vt 0.257812 0.783803
vt 0.257813 0.753526
vt 0.257813 0.816356
vt 0.257813 0.850807
vt 0.257813 0.886777
vt 0.257813 0.923886
vt 0.257813 0.961753
vt 0.253906 0.783802
vt 0.253906 0.753526
vt 0.253906 0.816356
vt 0.253906 0.850807
vt 0.253906 0.886777
vt 0.253906 0.923886
vt 0.253906 0.961753
vt 0.277344 0.725907
vt 0.277344 1.000000
vt 0.273438 1.000000
vt 0.269531 1.000000
vt 0.265625 0.961753
vt 0.261719 1.000000
vt 0.257813 1.000000
vt 0.253906 1.000000
vt 0.250000 1.000000
vt 0.250000 0.961753
vt 0.250000 0.923886
vt 0.250000 0.886777
vt 0.250000 0.850807
vt 0.250000 0.816356
vt 0.250000 0.783802
vt 0.250000 0.753526
vt 0.246094 0.783802
vt 0.242188 0.753526
vt 0.246094 0.753526
vt 0.246094 0.816356
vt 0.242188 0.783803
vt 0.246094 0.850807
vt 0.242188 0.816356
vt 0.246094 0.886777
vt 0.242188 0.850807
vt 0.246094 0.923886
vt 0.242188 0.886777
vt 0.246094 0.961753
vt 0.242188 0.923885
vt 0.238281 0.753526
vt 0.238281 0.783802
vt 0.238281 0.816356
vt 0.238281 0.850807
vt 0.238281 0.886777
vt 0.242188 0.961753
vt 0.238281 0.923885
vt 0.234375 0.753526
vt 0.234375 0.783802
vt 0.234375 0.816356
vt 0.234375 0.850807
vt 0.234375 0.886777
vt 0.238281 0.961753
vt 0.234375 0.923885
vt 0.230469 0.783802
vt 0.230469 0.753526
vt 0.230469 0.816356
vt 0.230469 0.850807
vt 0.230469 0.886777
vt 0.230469 0.923885
vt 0.230469 0.961753
vt 0.226563 0.783803
vt 0.226563 0.753526
vt 0.226563 0.816356
vt 0.226563 0.850807
vt 0.226562 0.886777
vt 0.226563 0.923886
vt 0.226563 0.961753
vt 0.222656 0.783802
vt 0.222656 0.753526
vt 0.222656 0.816356
vt 0.222656 0.850807
vt 0.222656 0.886777
vt 0.222656 0.923886
vt 0.222656 0.961753
vt 0.246094 1.000000
vt 0.242188 1.000000
vt 0.238281 1.000000
vt 0.234375 0.961753
vt 0.230469 1.000000
vt 0.226563 1.000000
vt 0.222656 1.000000
vt 0.218750 1.000000
vt 0.218750 0.961753
vt 0.218750 0.923886
vt 0.218750 0.886777
vt 0.218750 0.850807
vt 0.218750 0.816356
vt 0.218750 0.783802
vt 0.218750 0.753526
vt 0.226563 0.725907
vt 0.222656 0.725907
vt 0.230469 0.725907
vt 0.214844 0.783802
vt 0.210938 0.753526
vt 0.214844 0.753526
vt 0.214844 0.816356
vt 0.210938 0.783803
vt 0.214844 0.850808
vt 0.210938 0.816356
vt 0.214844 0.886777
vt 0.210938 0.850807
vt 0.214844 0.923886
vt 0.210938 0.886777
vt 0.214844 0.961753
vt 0.210938 0.923885
vt 0.207031 0.753526
vt 0.207031 0.783803
vt 0.207031 0.816356
vt 0.207031 0.850807
vt 0.207031 0.886777
vt 0.210938 0.961753
vt 0.207031 0.923885
vt 0.203125 0.753526
vt 0.203125 0.783802
vt 0.203125 0.816356
vt 0.203125 0.850807
vt 0.203125 0.886777
vt 0.207031 0.961753
vt 0.203125 0.923885
vt 0.199219 0.783802
vt 0.199219 0.753526
vt 0.199219 0.816356
vt 0.199219 0.850807
vt 0.199219 0.886777
vt 0.199219 0.923885
vt 0.199219 0.961753
vt 0.195313 0.783803
vt 0.195313 0.753526
vt 0.195313 0.816356
vt 0.195313 0.850807
vt 0.195313 0.886777
vt 0.195313 0.923886
vt 0.195313 0.961753
vt 0.191406 0.783802
vt 0.191406 0.753526
vt 0.191406 0.816356
vt 0.191406 0.850807
vt 0.191406 0.886777
vt 0.191406 0.923886
vt 0.191406 0.961753
vt 0.214844 1.000000
vt 0.210938 1.000000
vt 0.207031 1.000000
vt 0.203125 0.961753
vt 0.199219 1.000000
vt 0.195313 1.000000
vt 0.191406 1.000000
vt 0.187500 1.000000
vt 0.187500 0.961753
vt 0.187500 0.923886
vt 0.187500 0.886777
vt 0.187500 0.850807
vt 0.187500 0.816356
vt 0.187500 0.783802
vt 0.187500 0.753526
vt 0.183594 0.816356
vt 0.179688 0.783803
vt 0.183594 0.783802
vt 0.183594 0.850807
vt 0.179688 0.816356
vt 0.183594 0.886777
vt 0.179688 0.850807
vt 0.183594 0.923886
vt 0.179688 0.886777
vt 0.183594 0.961753
vt 0.179688 0.923885
vt 0.175781 0.783802
vt 0.175781 0.816356
vt 0.175781 0.850807
vt 0.175781 0.886777
vt 0.179688 0.961753
vt 0.175781 0.923885
vt 0.171875 0.783802
vt 0.171875 0.816356
vt 0.171875 0.850807
vt 0.171875 0.886777
vt 0.175781 0.961753
vt 0.171875 0.923885
vt 0.167969 0.816356
vt 0.167969 0.783802
vt 0.167969 0.850807
vt 0.167969 0.886777
vt 0.167969 0.923885
vt 0.167969 0.961753
vt 0.164063 0.816356
vt 0.164063 0.783803
vt 0.164063 0.850807
vt 0.164063 0.886777
vt 0.164063 0.923886
vt 0.164063 0.961753
vt 0.160156 0.816356
vt 0.160156 0.783802
vt 0.160156 0.850807
vt 0.160156 0.886777
vt 0.160156 0.923886
vt 0.160156 0.961753
vt 0.183594 1.000000
vt 0.179688 1.000000
vt 0.175781 1.000000
vt 0.171875 0.961753
vt 0.167969 1.000000
vt 0.164063 1.000000
vt 0.160156 1.000000
vt 0.156250 1.000000
vt 0.156250 0.961753
vt 0.156250 0.923886
vt 0.156250 0.886777
vt 0.156250 0.850807
vt 0.156250 0.816356
vt 0.156250 0.783802
vt 0.152344 0.850807
vt 0.148438 0.816356
vt 0.152344 0.816356
vt 0.152344 0.886777
vt 0.148438 0.850807
vt 0.152344 0.923886
vt 0.148438 0.886777
vt 0.152344 0.961753
vt 0.148438 0.923885
vt 0.144531 0.816356
vt 0.144531 0.850807
vt 0.144531 0.886777
vt 0.148438 0.961753
vt 0.144531 0.923885
vt 0.140625 0.816356
vt 0.140625 0.850807
vt 0.140625 0.886777
vt 0.144531 0.961753
vt 0.140625 0.923885
vt 0.136719 0.850807
vt 0.136719 0.816356
vt 0.136719 0.886777
vt 0.136719 0.923885
vt 0.136719 0.961753
vt 0.132813 0.850807
vt 0.132813 0.816356
vt 0.132813 0.886777
vt 0.132813 0.923886
vt 0.132813 0.961753
vt 0.128906 0.850807
vt 0.128906 0.816356
vt 0.128906 0.886777
vt 0.128906 0.923886
vt 0.128906 0.961753
vt 0.152344 0.783802
vt 0.152344 1.000000
vt 0.148438 1.000000
vt 0.144531 1.000000
vt 0.140625 0.961753
vt 0.136719 1.000000
vt 0.132813 1.000000
vt 0.128906 1.000000
vt 0.125000 1.000000
vt 0.125000 0.961753
vt 0.125000 0.923886
vt 0.125000 0.886777
vt 0.125000 0.850807
vt 0.125000 0.816356
vt 0.121094 0.850807
vt 0.117188 0.816356
vt 0.121094 0.816356
vt 0.121094 0.886777
vt 0.117188 0.850807
vt 0.121094 0.923886
vt 0.117187 0.886777
vt 0.121094 0.961753
vt 0.117188 0.923885
vt 0.113281 0.816356
vt 0.113281 0.850807
vt 0.113281 0.886777
vt 0.117188 0.961753
vt 0.113281 0.923885
vt 0.109375 0.816356
vt 0.109375 0.850807
vt 0.109375 0.886777
vt 0.113281 0.961753
vt 0.109375 0.923885
vt 0.105469 0.850807
vt 0.105469 0.816356
vt 0.105469 0.886777
vt 0.105469 0.923885
vt 0.105469 0.961753
vt 0.101563 0.886777
vt 0.101563 0.850807
vt 0.101563 0.923886
vt 0.101563 0.961753
vt 0.097656 0.886777
vt 0.097656 0.850807
vt 0.097656 0.923886
vt 0.097656 0.961753
vt 0.121094 1.000000
vt 0.117188 1.000000
vt 0.113281 1.000000
vt 0.109375 0.961753
vt 0.105469 1.000000
vt 0.101563 1.000000
vt 0.097656 1.000000
vt 0.093750 1.000000
vt 0.093750 0.961753
vt 0.093750 0.923886
vt 0.093750 0.886777
vt 0.093750 0.850807
vt 0.089844 0.886777
vt 0.085938 0.850807
vt 0.089844 0.850807
vt 0.089844 0.923886
vt 0.085938 0.886777
vt 0.089844 0.961753
vt 0.085938 0.923885
vt 0.082031 0.850807
vt 0.082031 0.886777
vt 0.085938 0.961753
vt 0.082031 0.923885
vt 0.078125 0.850807
vt 0.078125 0.886777
vt 0.082031 0.961753
vt 0.078125 0.923885
vt 0.074219 0.886777
vt 0.074219 0.850807
vt 0.074219 0.923885
vt 0.074219 0.961753
vt 0.070313 0.886777
vt 0.070313 0.850807
vt 0.070312 0.923886
vt 0.070312 0.961753
vt 0.066406 0.886777
vt 0.066406 0.850807
vt 0.066406 0.923886
vt 0.066406 0.961753
vt 0.089844 1.000000
vt 0.085938 1.000000
vt 0.082031 1.000000
vt 0.078125 0.961753
vt 0.074219 1.000000
vt 0.070313 1.000000
vt 0.066406 1.000000
vt 0.062500 1.000000
vt 0.062500 0.961753
vt 0.062500 0.923886
vt 0.062500 0.886777
vt 0.062500 0.850807
vt 0.285341 0.458591
vt 0.297174 0.456238
vt 0.293835 0.470374
vt 0.277115 0.450030
vt 0.286155 0.431762
vt 0.269411 0.447087
vt 0.275123 0.411205
vt 0.301498 0.445180
vt 0.288480 0.408548
vt 0.265051 0.402814
vt 0.274083 0.371073
vt 0.243968 0.461478
vt 0.256032 0.461478
vt 0.250000 0.474692
vt 0.237570 0.451476
vt 0.250000 0.435323
vt 0.230589 0.447087
vt 0.243191 0.413009
vt 0.262430 0.451476
vt 0.256809 0.413009
vt 0.234949 0.402814
vt 0.250000 0.373445
vt 0.202827 0.456238
vt 0.214659 0.458591
vt 0.206165 0.470374
vt 0.198502 0.445180
vt 0.213845 0.431762
vt 0.192512 0.439513
vt 0.211520 0.408548
vt 0.222886 0.450030
vt 0.224877 0.411205
vt 0.205426 0.396941
vt 0.225917 0.371073
vt 0.163498 0.443072
vt 0.174644 0.447689
vt 0.164014 0.457588
vt 0.161414 0.431383
vt 0.179080 0.421216
vt 0.156644 0.424656
vt 0.181328 0.397995
vt 0.184383 0.440896
vt 0.193910 0.403206
vt 0.177616 0.385422
vt 0.202760 0.364048
vt 0.127494 0.422486
vt 0.137525 0.429189
vt 0.125168 0.436824
vt 0.127730 0.410615
vt 0.147040 0.404090
vt 0.124364 0.403087
vt 0.153776 0.381754
vt 0.148401 0.424427
vt 0.165099 0.389320
vt 0.152587 0.368698
vt 0.181418 0.352641
vt 0.096197 0.395272
vt 0.104728 0.403803
vt 0.091119 0.408881
vt 0.098745 0.383675
vt 0.118957 0.381043
vt 0.096913 0.375636
vt 0.129921 0.360450
vt 0.116325 0.401255
vt 0.139550 0.370079
vt 0.131302 0.347413
vt 0.162711 0.337289
vt 0.070811 0.362475
vt 0.077514 0.372506
vt 0.063176 0.374832
vt 0.075573 0.351599
vt 0.095910 0.352960
vt 0.075344 0.343356
vt 0.110680 0.334901
vt 0.089385 0.372270
vt 0.118246 0.346224
vt 0.114578 0.322384
vt 0.147359 0.318582
vt 0.052312 0.325356
vt 0.056928 0.336502
vt 0.042412 0.335986
vt 0.059104 0.315617
vt 0.078784 0.320920
vt 0.060487 0.307488
vt 0.096794 0.306090
vt 0.068617 0.338586
vt 0.102005 0.318672
vt 0.103059 0.294574
vt 0.135952 0.297240
vt 0.041409 0.285341
vt 0.043762 0.297174
vt 0.029626 0.293835
vt 0.049970 0.277115
vt 0.068238 0.286155
vt 0.052913 0.269411
vt 0.088795 0.275123
vt 0.054820 0.301498
vt 0.091452 0.288480
vt 0.097186 0.265051
vt 0.128927 0.274083
vt 0.038522 0.243968
vt 0.038522 0.256032
vt 0.025308 0.250000
vt 0.048524 0.237570
vt 0.064677 0.250000
vt 0.052913 0.230589
vt 0.086991 0.243191
vt 0.048524 0.262430
vt 0.086991 0.256809
vt 0.097186 0.234949
vt 0.126555 0.250000
vt 0.043762 0.202827
vt 0.041409 0.214659
vt 0.029626 0.206165
vt 0.054820 0.198502
vt 0.068238 0.213845
vt 0.060487 0.192512
vt 0.091452 0.211520
vt 0.049970 0.222886
vt 0.088795 0.224877
vt 0.103059 0.205426
vt 0.128927 0.225917
vt 0.056928 0.163498
vt 0.052312 0.174644
vt 0.042412 0.164014
vt 0.068617 0.161414
vt 0.078784 0.179080
vt 0.075344 0.156644
vt 0.102005 0.181328
vt 0.059104 0.184383
vt 0.096794 0.193910
vt 0.114578 0.177616
vt 0.135952 0.202760
vt 0.077514 0.127494
vt 0.070811 0.137525
vt 0.063176 0.125168
vt 0.089385 0.127730
vt 0.095910 0.147040
vt 0.096913 0.124364
vt 0.118246 0.153776
vt 0.075573 0.148401
vt 0.110680 0.165099
vt 0.131302 0.152587
vt 0.147359 0.181418
vt 0.104728 0.096197
vt 0.096197 0.104728
vt 0.091119 0.091119
vt 0.116325 0.098745
vt 0.118957 0.118957
vt 0.124364 0.096913
vt 0.139550 0.129921
vt 0.098745 0.116325
vt 0.129921 0.139550
vt 0.152587 0.131302
vt 0.162711 0.162711
vt 0.137525 0.070811
vt 0.127494 0.077514
vt 0.125168 0.063176
vt 0.148401 0.075573
vt 0.147040 0.095910
vt 0.156644 0.075344
vt 0.165099 0.110680
vt 0.127730 0.089385
vt 0.153776 0.118246
vt 0.177616 0.114578
vt 0.181418 0.147359
vt 0.174644 0.052312
vt 0.163498 0.056928
vt 0.164014 0.042412
vt 0.184383 0.059104
vt 0.179080 0.078784
vt 0.192512 0.060487
vt 0.193910 0.096794
vt 0.161414 0.068617
vt 0.181328 0.102005
vt 0.205426 0.103059
vt 0.202760 0.135952
vt 0.214659 0.041409
vt 0.202827 0.043762
vt 0.206165 0.029626
vt 0.222886 0.049970
vt 0.213845 0.068238
vt 0.230589 0.052913
vt 0.224877 0.088795
vt 0.198502 0.054820
vt 0.211520 0.091452
vt 0.234949 0.097186
vt 0.225917 0.128927
vt 0.256032 0.038522
vt 0.243968 0.038522
vt 0.250000 0.025308
vt 0.262430 0.048524
vt 0.250000 0.064677
vt 0.269411 0.052913
vt 0.256809 0.086991
vt 0.237570 0.048524
vt 0.243191 0.086991
vt 0.265051 0.097186
vt 0.250000 0.126555
vt 0.297174 0.043762
vt 0.285341 0.041409
vt 0.293835 0.029626
vt 0.301498 0.054820
vt 0.286155 0.068238
vt 0.307488 0.060487
vt 0.288480 0.091452
vt 0.277115 0.049970
vt 0.275123 0.088795
vt 0.294574 0.103059
vt 0.274083 0.128927
vt 0.336502 0.056928
vt 0.325356 0.052312
vt 0.335986 0.042412
vt 0.338586 0.068617
vt 0.320920 0.078784
vt 0.343356 0.075344
vt 0.318672 0.102005
vt 0.315617 0.059104
vt 0.306090 0.096794
vt 0.322384 0.114578
vt 0.297240 0.135952
vt 0.372506 0.077514
vt 0.362475 0.070811
vt 0.374832 0.063176
vt 0.372270 0.089385
vt 0.352960 0.095910
vt 0.375636 0.096913
vt 0.346224 0.118246
vt 0.351599 0.075573
vt 0.334901 0.110680
vt 0.347413 0.131302
vt 0.318582 0.147359
vt 0.403803 0.104728
vt 0.395272 0.096197
vt 0.408881 0.091119
vt 0.401255 0.116325
vt 0.381043 0.118957
vt 0.403087 0.124364
vt 0.370079 0.139550
vt 0.383675 0.098745
vt 0.360450 0.129921
vt 0.368698 0.152587
vt 0.337289 0.162711
vt 0.429189 0.137525
vt 0.422486 0.127494
vt 0.436825 0.125168
vt 0.424427 0.148401
vt 0.404090 0.147040
vt 0.424656 0.156644
vt 0.389320 0.165099
vt 0.410615 0.127730
vt 0.381754 0.153776
vt 0.385422 0.177616
vt 0.352641 0.181418
vt 0.447689 0.174644
vt 0.443072 0.163498
vt 0.457588 0.164014
vt 0.440896 0.184383
vt 0.421216 0.179080
vt 0.439513 0.192512
vt 0.403206 0.193910
vt 0.431383 0.161414
vt 0.397995 0.181328
vt 0.396941 0.205426
vt 0.364048 0.202760
vt 0.458591 0.214659
vt 0.456238 0.202827
vt 0.470374 0.206165
vt 0.450030 0.222886
vt 0.431762 0.213845
vt 0.447087 0.230589
vt 0.411205 0.224877
vt 0.445180 0.198502
vt 0.408548 0.211520
vt 0.402814 0.234949
vt 0.371073 0.225917
vt 0.461478 0.256032
vt 0.461478 0.243968
vt 0.474692 0.250000
vt 0.451476 0.262430
vt 0.435323 0.250000
vt 0.447087 0.269411
vt 0.413009 0.256809
vt 0.451476 0.237570
vt 0.413009 0.243191
vt 0.402814 0.265051
vt 0.373445 0.250000
vt 0.456238 0.297174
vt 0.458591 0.285341
vt 0.470374 0.293835
vt 0.445180 0.301498
vt 0.431762 0.286155
vt 0.439513 0.307488
vt 0.408548 0.288480
vt 0.450030 0.277114
vt 0.411205 0.275123
vt 0.396941 0.294574
vt 0.371073 0.274083
vt 0.443072 0.336502
vt 0.447689 0.325356
vt 0.457588 0.335986
vt 0.431383 0.338586
vt 0.421216 0.320920
vt 0.424656 0.343356
vt 0.397995 0.318672
vt 0.440896 0.315617
vt 0.403206 0.306090
vt 0.385422 0.322384
vt 0.364048 0.297240
vt 0.422486 0.372506
vt 0.429189 0.362475
vt 0.436824 0.374832
vt 0.410615 0.372270
vt 0.404090 0.352960
vt 0.403087 0.375636
vt 0.381754 0.346224
vt 0.424427 0.351599
vt 0.389320 0.334901
vt 0.368698 0.347413
vt 0.352641 0.318582
vt 0.395272 0.403803
vt 0.403803 0.395272
vt 0.408881 0.408881
vt 0.383675 0.401255
vt 0.381043 0.381043
vt 0.375636 0.403087
vt 0.360450 0.370079
vt 0.401255 0.383675
vt 0.370079 0.360450
vt 0.347413 0.368698
vt 0.337289 0.337289
vt 0.362475 0.429189
vt 0.372506 0.422486
vt 0.374832 0.436825
vt 0.351599 0.424427
vt 0.352960 0.404090
vt 0.343356 0.424656
vt 0.334901 0.389320
vt 0.372270 0.410615
vt 0.346224 0.381754
vt 0.322384 0.385422
vt 0.318582 0.352641
vt 0.325356 0.447689
vt 0.336502 0.443072
vt 0.335986 0.457588
vt 0.315617 0.440896
vt 0.320920 0.421216
vt 0.307488 0.439513
vt 0.306090 0.403206
vt 0.338586 0.431383
vt 0.318672 0.397995
vt 0.294574 0.396941
vt 0.297240 0.364048
vt 0.259808 0.349586
vt 0.279048 0.345759
vt 0.240192 0.349586
vt 0.220952 0.345759
vt 0.202828 0.338252
vt 0.186518 0.327353
vt 0.172647 0.313482
vt 0.161748 0.297172
vt 0.154241 0.279048
vt 0.150414 0.259808
vt 0.150414 0.240192
vt 0.154241 0.220952
vt 0.161748 0.202828
vt 0.172647 0.186518
vt 0.186518 0.172647
vt 0.202828 0.161748
vt 0.220952 0.154241
vt 0.240192 0.150414
vt 0.259808 0.150414
vt 0.279048 0.154241
vt 0.297172 0.161748
vt 0.313482 0.172647
vt 0.327353 0.186518
vt 0.338252 0.202828
vt 0.345759 0.220952
vt 0.349586 0.240192
vt 0.349586 0.259808
vt 0.345759 0.279048
vt 0.338252 0.297172
vt 0.327353 0.313482
vt 0.313482 0.327353
vt 0.297172 0.338252
vt 0.290969 0.485965
vt 0.302450 0.483681
vt 0.296822 0.485389
vt 0.285116 0.486541
vt 0.279264 0.487118
vt 0.273411 0.487694
vt 0.308077 0.481974
vt 0.313705 0.480267
vt 0.319333 0.478560
vt 0.244147 0.489424
vt 0.255853 0.489424
vt 0.250000 0.490000
vt 0.238295 0.488847
vt 0.232442 0.488271
vt 0.226589 0.487694
vt 0.261705 0.488847
vt 0.267558 0.488271
vt 0.197551 0.483681
vt 0.209031 0.485965
vt 0.203178 0.485389
vt 0.191923 0.481974
vt 0.186295 0.480267
vt 0.180667 0.478560
vt 0.214884 0.486541
vt 0.220736 0.487118
vt 0.152969 0.468959
vt 0.163784 0.473438
vt 0.158156 0.471731
vt 0.147783 0.466187
vt 0.142596 0.463414
vt 0.137410 0.460642
vt 0.169412 0.475145
vt 0.175039 0.476853
vt 0.112117 0.445822
vt 0.121850 0.452325
vt 0.116663 0.449553
vt 0.107571 0.442091
vt 0.103025 0.438360
vt 0.098479 0.434629
vt 0.127036 0.455097
vt 0.132223 0.457870
vt 0.076564 0.415160
vt 0.084840 0.423437
vt 0.080294 0.419706
vt 0.072833 0.410613
vt 0.069102 0.406067
vt 0.065371 0.401521
vt 0.089387 0.427167
vt 0.093933 0.430898
vt 0.047675 0.378150
vt 0.054178 0.387883
vt 0.050447 0.383337
vt 0.044903 0.372964
vt 0.042130 0.367777
vt 0.039358 0.362590
vt 0.057909 0.392429
vt 0.061640 0.396975
vt 0.026562 0.336216
vt 0.031041 0.347031
vt 0.028269 0.341844
vt 0.024855 0.330588
vt 0.023147 0.324961
vt 0.021440 0.319333
vt 0.033814 0.352217
vt 0.036586 0.357404
vt 0.014035 0.290969
vt 0.016319 0.302450
vt 0.014612 0.296822
vt 0.013459 0.285116
vt 0.012882 0.279264
vt 0.012306 0.273411
vt 0.018026 0.308077
vt 0.019733 0.313705
vt 0.010576 0.244147
vt 0.010576 0.255853
vt 0.010000 0.250000
vt 0.011153 0.238295
vt 0.011729 0.232442
vt 0.012306 0.226589
vt 0.011153 0.261705
vt 0.011729 0.267558
vt 0.016319 0.197551
vt 0.014035 0.209031
vt 0.014612 0.203178
vt 0.018026 0.191923
vt 0.019733 0.186295
vt 0.021440 0.180667
vt 0.013459 0.214884
vt 0.012882 0.220736
vt 0.031041 0.152969
vt 0.026562 0.163784
vt 0.028269 0.158156
vt 0.033814 0.147783
vt 0.036586 0.142596
vt 0.039358 0.137410
vt 0.024855 0.169412
vt 0.023147 0.175039
vt 0.054178 0.112117
vt 0.047675 0.121850
vt 0.050447 0.116663
vt 0.057909 0.107571
vt 0.061640 0.103025
vt 0.065371 0.098479
vt 0.044903 0.127036
vt 0.042130 0.132223
vt 0.084840 0.076564
vt 0.076564 0.084840
vt 0.080294 0.080294
vt 0.089387 0.072833
vt 0.093933 0.069102
vt 0.098479 0.065371
vt 0.072833 0.089387
vt 0.069102 0.093933
vt 0.121850 0.047675
vt 0.112117 0.054178
vt 0.116663 0.050447
vt 0.127036 0.044903
vt 0.132223 0.042130
vt 0.137410 0.039358
vt 0.107571 0.057909
vt 0.103025 0.061640
vt 0.163784 0.026562
vt 0.152969 0.031041
vt 0.158156 0.028269
vt 0.169412 0.024855
vt 0.175039 0.023147
vt 0.180667 0.021440
vt 0.147783 0.033814
vt 0.142596 0.036586
vt 0.209031 0.014035
vt 0.197551 0.016319
vt 0.203178 0.014612
vt 0.214884 0.013459
vt 0.220736 0.012882
vt 0.226589 0.012306
vt 0.191923 0.018026
vt 0.186295 0.019733
vt 0.255853 0.010576
vt 0.244147 0.010576
vt 0.250000 0.010000
vt 0.261705 0.011153
vt 0.267558 0.011729
vt 0.273411 0.012306
vt 0.238295 0.011153
vt 0.232442 0.011729
vt 0.302450 0.016319
vt 0.290969 0.014035
vt 0.296822 0.014612
vt 0.308077 0.018026
vt 0.313705 0.019733
vt 0.319333 0.021440
vt 0.285116 0.013459
vt 0.279264 0.012882
vt 0.347031 0.031041
vt 0.336216 0.026562
vt 0.341844 0.028269
vt 0.352217 0.033814
vt 0.357404 0.036586
vt 0.362590 0.039358
vt 0.330588 0.024855
vt 0.324961 0.023147
vt 0.387883 0.054178
vt 0.378150 0.047675
vt 0.383337 0.050447
vt 0.392429 0.057909
vt 0.396975 0.061640
vt 0.401521 0.065371
vt 0.372964 0.044903
vt 0.367777 0.042130
vt 0.423437 0.084840
vt 0.415160 0.076564
vt 0.419706 0.080294
vt 0.427167 0.089387
vt 0.430898 0.093933
vt 0.434629 0.098479
vt 0.410613 0.072833
vt 0.406067 0.069102
vt 0.452325 0.121850
vt 0.445822 0.112117
vt 0.449553 0.116663
vt 0.455097 0.127036
vt 0.457870 0.132223
vt 0.460642 0.137410
vt 0.442091 0.107571
vt 0.438360 0.103025
vt 0.473438 0.163784
vt 0.468959 0.152969
vt 0.471731 0.158156
vt 0.475145 0.169412
vt 0.476853 0.175039
vt 0.478560 0.180667
vt 0.466187 0.147783
vt 0.463414 0.142596
vt 0.485965 0.209031
vt 0.483681 0.197551
vt 0.485389 0.203178
vt 0.486541 0.214884
vt 0.487118 0.220736
vt 0.487694 0.226589
vt 0.481974 0.191923
vt 0.480267 0.186295
vt 0.489424 0.255853
vt 0.489424 0.244147
vt 0.490000 0.250000
vt 0.488847 0.261705
vt 0.488271 0.267558
vt 0.487694 0.273411
vt 0.488847 0.238295
vt 0.488271 0.232442
vt 0.483681 0.302450
vt 0.485965 0.290969
vt 0.485389 0.296822
vt 0.481974 0.308077
vt 0.480267 0.313705
vt 0.478560 0.319333
vt 0.486541 0.285116
vt 0.487118 0.279264
vt 0.468959 0.347031
vt 0.473438 0.336216
vt 0.471731 0.341844
vt 0.466187 0.352217
vt 0.463414 0.357404
vt 0.460642 0.362590
vt 0.475145 0.330588
vt 0.476853 0.324961
vt 0.445822 0.387883
vt 0.452325 0.378150
vt 0.449553 0.383337
vt 0.442091 0.392429
vt 0.438360 0.396975
vt 0.434629 0.401521
vt 0.455097 0.372964
vt 0.457870 0.367777
vt 0.415160 0.423437
vt 0.423437 0.415160
vt 0.419706 0.419706
vt 0.410613 0.427167
vt 0.406067 0.430898
vt 0.401521 0.434629
vt 0.427167 0.410613
vt 0.430898 0.406067
vt 0.378150 0.452325
vt 0.387883 0.445822
vt 0.383337 0.449553
vt 0.372964 0.455097
vt 0.367777 0.457870
vt 0.362590 0.460642
vt 0.392429 0.442091
vt 0.396975 0.438360
vt 0.336216 0.473438
vt 0.347031 0.468959
vt 0.341844 0.471731
vt 0.330588 0.475145
vt 0.324961 0.476853
vt 0.352217 0.466187
vt 0.357404 0.463414
vt 0.058594 0.886777
vt 0.054687 0.850807
vt 0.058594 0.850807
vt 0.058594 0.923886
vt 0.054688 0.886777
vt 0.058594 0.961753
vt 0.054687 0.923885
vt 0.050781 0.850807
vt 0.050781 0.886777
vt 0.054688 0.961753
vt 0.050781 0.923885
vt 0.046875 0.850807
vt 0.046875 0.886777
vt 0.050781 0.961753
vt 0.046875 0.923885
vt 0.042969 0.886777
vt 0.042969 0.850807
vt 0.042969 0.923885
vt 0.042969 0.961753
vt 0.039063 0.886777
vt 0.039063 0.850807
vt 0.039062 0.923886
vt 0.039062 0.961753
vt 0.039063 0.816356
vt 0.035156 0.850807
vt 0.035156 0.816356
vt 0.035156 0.886777
vt 0.035156 0.923886
vt 0.035156 0.961753
vt 0.058594 1.000000
vt 0.054688 1.000000
vt 0.050781 1.000000
vt 0.046875 0.961753
vt 0.042969 1.000000
vt 0.039063 1.000000
vt 0.035156 1.000000
vt 0.031250 1.000000
vt 0.031250 0.961753
vt 0.031250 0.923886
vt 0.031250 0.886777
vt 0.031250 0.850807
vt 0.031250 0.816356
vt 0.027344 0.850797
vt 0.023438 0.816197
vt 0.027344 0.816336
vt 0.027344 0.886773
vt 0.023438 0.850723
vt 0.027344 0.923884
vt 0.023438 0.886742
vt 0.027344 0.961753
vt 0.023438 0.923875
vt 0.019531 0.815818
vt 0.019531 0.850523
vt 0.019531 0.886657
vt 0.023438 0.961752
vt 0.019531 0.923850
vt 0.015625 0.815080
vt 0.015625 0.850133
vt 0.015625 0.886492
vt 0.019531 0.961749
vt 0.015625 0.923801
vt 0.011719 0.849511
vt 0.011719 0.813899
vt 0.011719 0.886230
vt 0.011719 0.923723
vt 0.011719 0.961733
vt 0.007813 0.848699
vt 0.007813 0.812327
vt 0.007813 0.885888
vt 0.007813 0.923622
vt 0.007813 0.961720
vt 0.003906 0.885492
vt 0.003906 0.847760
vt 0.003906 0.923505
vt 0.003906 0.961705
vt 0.027344 1.000000
vt 0.023438 1.000000
vt 0.019531 1.000000
vt 0.015625 0.961743
vt 0.011719 1.000000
vt 0.007813 1.000000
vt 0.003906 1.000000
vt 0.000000 1.000000
vt 0.000000 0.961690
vt 0.000000 0.923380
vt 0.000000 0.885069
vt 0.000000 0.846759
vt 0.058594 0.510182
vt 0.054687 0.520423
vt 0.054688 0.510182
vt 0.058594 0.520423
vt 0.054688 0.530785
vt 0.058594 0.530785
vt 0.054688 0.541327
vt 0.058594 0.541327
vt 0.054688 0.552110
vt 0.058594 0.552110
vt 0.054688 0.563193
vt 0.058594 0.563193
vt 0.054688 0.574637
vt 0.050781 0.520423
vt 0.050781 0.510182
vt 0.050781 0.530785
vt 0.050781 0.541327
vt 0.050781 0.552110
vt 0.050781 0.563193
vt 0.050781 0.574637
vt 0.046875 0.520423
vt 0.046875 0.510182
vt 0.046875 0.530785
vt 0.046875 0.541327
vt 0.046875 0.552110
vt 0.046875 0.563193
vt 0.046875 0.574637
vt 0.042969 0.510182
vt 0.042969 0.520423
vt 0.042969 0.530785
vt 0.042969 0.541327
vt 0.042969 0.552110
vt 0.042969 0.563193
vt 0.039062 0.510182
vt 0.039063 0.520423
vt 0.039063 0.530785
vt 0.039063 0.541327
vt 0.039063 0.552110
vt 0.042969 0.574637
vt 0.039062 0.563193
vt 0.035156 0.520423
vt 0.035156 0.541327
vt 0.062500 0.500000
vt 0.058594 0.500000
vt 0.062500 0.510182
vt 0.062500 0.520423
vt 0.062500 0.530785
vt 0.062500 0.541327
vt 0.062500 0.552110
vt 0.062500 0.563193
vt 0.058594 0.574637
vt 0.054688 0.586501
vt 0.046875 0.586501
vt 0.042969 0.586501
vt 0.039063 0.574637
vt 0.035156 0.500000
vt 0.039063 0.500000
vt 0.042969 0.500000
vt 0.046875 0.500000
vt 0.050781 0.500000
vt 0.054688 0.500000
vt 0.082031 0.552110
vt 0.078125 0.563193
vt 0.078125 0.552110
vt 0.074219 0.541327
vt 0.078125 0.541327
vt 0.074219 0.552110
vt 0.070313 0.530785
vt 0.074219 0.530785
vt 0.070312 0.541327
vt 0.074219 0.563193
vt 0.070312 0.552110
vt 0.074219 0.574637
vt 0.070312 0.563193
vt 0.066406 0.520423
vt 0.070313 0.520423
vt 0.066406 0.530785
vt 0.066406 0.541327
vt 0.066406 0.552110
vt 0.066406 0.563193
vt 0.066406 0.510182
vt 0.066406 0.500000
vt 0.183594 0.510182
vt 0.179688 0.520423
vt 0.179688 0.510182
vt 0.183594 0.520423
vt 0.179688 0.530785
vt 0.175781 0.520423
vt 0.175781 0.510182
vt 0.175781 0.530785
vt 0.187500 0.500000
vt 0.183594 0.500000
vt 0.187500 0.510182
vt 0.187500 0.520423
vt 0.183594 0.530785
vt 0.171875 0.510182
vt 0.167969 0.500000
vt 0.171875 0.500000
vt 0.175781 0.500000
vt 0.179688 0.500000
vt 0.214844 0.510182
vt 0.210938 0.520423
vt 0.210938 0.510182
vt 0.214844 0.520423
vt 0.210938 0.530785
vt 0.214844 0.530785
vt 0.210938 0.541327
vt 0.214844 0.541327
vt 0.210938 0.552110
vt 0.207031 0.520423
vt 0.207031 0.510182
vt 0.207031 0.530785
vt 0.207031 0.541327
vt 0.207031 0.552110
vt 0.203125 0.520423
vt 0.203125 0.510182
vt 0.203125 0.530785
vt 0.203125 0.541327
vt 0.199219 0.510182
vt 0.199219 0.520423
vt 0.199219 0.530785
vt 0.195313 0.510182
vt 0.195313 0.520423
vt 0.199219 0.541327
vt 0.195313 0.530785
vt 0.191406 0.510182
vt 0.191406 0.520423
vt 0.195313 0.541327
vt 0.191406 0.530785
vt 0.218750 0.500000
vt 0.214844 0.500000
vt 0.218750 0.510182
vt 0.218750 0.520423
vt 0.218750 0.530785
vt 0.218750 0.541327
vt 0.214844 0.552110
vt 0.218750 0.552110
vt 0.214844 0.563193
vt 0.191406 0.541327
vt 0.187500 0.530785
vt 0.191406 0.500000
vt 0.195313 0.500000
vt 0.199219 0.500000
vt 0.203125 0.500000
vt 0.207031 0.500000
vt 0.210938 0.500000
vt 0.246094 0.510182
vt 0.242188 0.520423
vt 0.242188 0.510182
vt 0.246094 0.520423
vt 0.242188 0.530785
vt 0.246094 0.530785
vt 0.242188 0.541327
vt 0.246094 0.541327
vt 0.242188 0.552110
vt 0.246094 0.552110
vt 0.242188 0.563193
vt 0.246094 0.563193
vt 0.242188 0.574637
vt 0.238281 0.520423
vt 0.238281 0.510182
vt 0.238281 0.530785
vt 0.238281 0.541327
vt 0.238281 0.552110
vt 0.238281 0.563193
vt 0.238281 0.574637
vt 0.234375 0.520423
vt 0.234375 0.510182
vt 0.234375 0.530785
vt 0.234375 0.541327
vt 0.234375 0.552110
vt 0.234375 0.563193
vt 0.234375 0.574637
vt 0.230469 0.510182
vt 0.230469 0.520423
vt 0.230469 0.530785
vt 0.230469 0.541327
vt 0.230469 0.552110
vt 0.230469 0.563193
vt 0.226563 0.510182
vt 0.226563 0.520423
vt 0.226562 0.530785
vt 0.226563 0.541327
vt 0.226563 0.552110
vt 0.230469 0.574637
vt 0.226563 0.563193
vt 0.222656 0.510182
vt 0.222656 0.520423
vt 0.222656 0.530785
vt 0.222656 0.541327
vt 0.222656 0.552110
vt 0.226563 0.574637
vt 0.222656 0.563193
vt 0.250000 0.500000
vt 0.246094 0.500000
vt 0.250000 0.510182
vt 0.250000 0.520423
vt 0.250000 0.530785
vt 0.250000 0.541327
vt 0.250000 0.552110
vt 0.250000 0.563193
vt 0.246094 0.574637
vt 0.250000 0.574637
vt 0.246094 0.586501
vt 0.238281 0.586501
vt 0.234375 0.586501
vt 0.226563 0.586501
vt 0.222656 0.574637
vt 0.218750 0.563193
vt 0.222656 0.500000
vt 0.226563 0.500000
vt 0.230469 0.500000
vt 0.234375 0.500000
vt 0.238281 0.500000
vt 0.242188 0.500000
vt 0.277344 0.510182
vt 0.273438 0.520423
vt 0.273438 0.510182
vt 0.277344 0.520423
vt 0.273438 0.530785
vt 0.277344 0.530785
vt 0.273438 0.541327
vt 0.277344 0.541327
vt 0.273438 0.552110
vt 0.277344 0.552110
vt 0.273437 0.563193
vt 0.277344 0.563193
vt 0.273438 0.574637
vt 0.269531 0.520423
vt 0.269531 0.510182
vt 0.269531 0.530785
vt 0.269531 0.541327
vt 0.269531 0.552110
vt 0.269531 0.563193
vt 0.269531 0.574637
vt 0.265625 0.520423
vt 0.265625 0.510182
vt 0.265625 0.530785
vt 0.265625 0.541327
vt 0.265625 0.552110
vt 0.265625 0.563193
vt 0.265625 0.574637
vt 0.261719 0.510182
vt 0.261719 0.520423
vt 0.261719 0.530785
vt 0.261719 0.541327
vt 0.261719 0.552110
vt 0.261719 0.563193
vt 0.257813 0.510182
vt 0.257813 0.520423
vt 0.257813 0.530785
vt 0.257813 0.541327
vt 0.257813 0.552110
vt 0.261719 0.574637
vt 0.257812 0.563193
vt 0.253906 0.510182
vt 0.253906 0.520423
vt 0.253906 0.530785
vt 0.253906 0.541327
vt 0.253906 0.552110
vt 0.257813 0.574637
vt 0.253906 0.563193
vt 0.281250 0.500000
vt 0.277344 0.500000
vt 0.281250 0.510182
vt 0.281250 0.520423
vt 0.281250 0.530785
vt 0.281250 0.541327
vt 0.281250 0.552110
vt 0.281250 0.563193
vt 0.277344 0.574637
vt 0.281250 0.574637
vt 0.277344 0.586501
vt 0.273438 0.586501
vt 0.265625 0.586501
vt 0.257813 0.586501
vt 0.253906 0.574637
vt 0.253906 0.586501
vt 0.253906 0.500000
vt 0.257813 0.500000
vt 0.261719 0.500000
vt 0.265625 0.500000
vt 0.269531 0.500000
vt 0.273438 0.500000
vt 0.308594 0.510182
vt 0.304688 0.520423
vt 0.304688 0.510182
vt 0.308594 0.520423
vt 0.304688 0.530785
vt 0.308594 0.530785
vt 0.304688 0.541327
vt 0.308594 0.541327
vt 0.304688 0.552110
vt 0.308594 0.552110
vt 0.304688 0.563193
vt 0.308594 0.563193
vt 0.304688 0.574637
vt 0.300781 0.520423
vt 0.300781 0.510182
vt 0.300781 0.530785
vt 0.300781 0.541327
vt 0.300781 0.552110
vt 0.300781 0.563193
vt 0.300781 0.574637
vt 0.296875 0.520423
vt 0.296875 0.510182
vt 0.296875 0.530785
vt 0.296875 0.541327
vt 0.296875 0.552110
vt 0.296875 0.563193
vt 0.296875 0.574637
vt 0.292969 0.510182
vt 0.292969 0.520423
vt 0.292969 0.530785
vt 0.292969 0.541327
vt 0.292969 0.552110
vt 0.292969 0.563193
vt 0.289063 0.510182
vt 0.289063 0.520423
vt 0.289063 0.530785
vt 0.289063 0.541327
vt 0.289063 0.552110
vt 0.292969 0.574637
vt 0.289062 0.563193
vt 0.285156 0.510182
vt 0.285156 0.520423
vt 0.285156 0.530785
vt 0.285156 0.541327
vt 0.285156 0.552110
vt 0.289063 0.574637
vt 0.285156 0.563193
vt 0.312500 0.500000
vt 0.308594 0.500000
vt 0.312500 0.510182
vt 0.312500 0.520423
vt 0.312500 0.530785
vt 0.312500 0.541327
vt 0.312500 0.552110
vt 0.312500 0.563193
vt 0.308594 0.574637
vt 0.312500 0.574637
vt 0.308594 0.586501
vt 0.304688 0.586501
vt 0.300781 0.586501
vt 0.296875 0.586501
vt 0.292969 0.586501
vt 0.289063 0.586501
vt 0.285156 0.574637
vt 0.285156 0.586501
vt 0.285156 0.500000
vt 0.289063 0.500000
vt 0.292969 0.500000
vt 0.296875 0.500000
vt 0.300781 0.500000
vt 0.304688 0.500000
vt 0.339844 0.510182
vt 0.335938 0.520423
vt 0.335938 0.510182
vt 0.339844 0.520423
vt 0.335938 0.530785
vt 0.339844 0.530785
vt 0.335938 0.541327
vt 0.339844 0.541327
vt 0.335938 0.552110
vt 0.332031 0.520423
vt 0.332031 0.510182
vt 0.332031 0.530785
vt 0.332031 0.541327
vt 0.332031 0.552110
vt 0.332031 0.563193
vt 0.328125 0.520423
vt 0.328125 0.510182
vt 0.328125 0.530785
vt 0.328125 0.541327
vt 0.328125 0.552110
vt 0.328125 0.563193
vt 0.328125 0.574637
vt 0.324219 0.510182
vt 0.324219 0.520423
vt 0.324219 0.530785
vt 0.324219 0.541327
vt 0.324219 0.552110
vt 0.324219 0.563193
vt 0.320313 0.510182
vt 0.320313 0.520423
vt 0.320313 0.530785
vt 0.320312 0.541327
vt 0.320312 0.552110
vt 0.316406 0.510182
vt 0.316406 0.520423
vt 0.316406 0.530785
vt 0.316406 0.541327
vt 0.320313 0.563193
vt 0.316406 0.552110
vt 0.320312 0.574637
vt 0.316406 0.563193
vt 0.343750 0.500000
vt 0.339844 0.500000
vt 0.343750 0.510182
vt 0.343750 0.520423
vt 0.343750 0.530785
vt 0.343750 0.541327
vt 0.339844 0.552110
vt 0.343750 0.552110
vt 0.339844 0.563193
vt 0.320312 0.586501
vt 0.316406 0.574637
vt 0.316406 0.586501
vt 0.316406 0.500000
vt 0.320313 0.500000
vt 0.324219 0.500000
vt 0.328125 0.500000
vt 0.332031 0.500000
vt 0.335938 0.500000
vt 0.371094 0.510182
vt 0.367188 0.520423
vt 0.367188 0.510182
vt 0.371094 0.520423
vt 0.367188 0.530785
vt 0.371094 0.530785
vt 0.367188 0.541327
vt 0.371094 0.541327
vt 0.367188 0.552110
vt 0.363281 0.520423
vt 0.363281 0.510182
vt 0.363281 0.530785
vt 0.363281 0.541327
vt 0.359375 0.520423
vt 0.359375 0.510182
vt 0.359375 0.530785
vt 0.359375 0.541327
vt 0.359375 0.552110
vt 0.355469 0.510182
vt 0.355469 0.520423
vt 0.355469 0.530785
vt 0.355469 0.541327
vt 0.351563 0.510182
vt 0.351563 0.520423
vt 0.351563 0.530785
vt 0.347656 0.510182
vt 0.347656 0.520423
vt 0.351562 0.541327
vt 0.347656 0.530785
vt 0.351562 0.552110
vt 0.347656 0.541327
vt 0.375000 0.500000
vt 0.371094 0.500000
vt 0.375000 0.510182
vt 0.375000 0.520423
vt 0.375000 0.530785
vt 0.375000 0.541327
vt 0.371094 0.552110
vt 0.375000 0.552110
vt 0.371094 0.563193
vt 0.347656 0.500000
vt 0.351563 0.500000
vt 0.355469 0.500000
vt 0.359375 0.500000
vt 0.363281 0.500000
vt 0.367188 0.500000
vt 0.402344 0.510182
vt 0.398438 0.520423
vt 0.398438 0.510182
vt 0.402344 0.520423
vt 0.398438 0.530785
vt 0.402344 0.530785
vt 0.398438 0.541327
vt 0.402344 0.541327
vt 0.398438 0.552110
vt 0.402344 0.552110
vt 0.398438 0.563193
vt 0.394531 0.520423
vt 0.394531 0.510182
vt 0.394531 0.530785
vt 0.394531 0.541327
vt 0.390625 0.520423
vt 0.390625 0.510182
vt 0.390625 0.530785
vt 0.390625 0.541327
vt 0.390625 0.552110
vt 0.386719 0.510182
vt 0.386719 0.520423
vt 0.386719 0.530785
vt 0.386719 0.541327
vt 0.390625 0.574637
vt 0.386719 0.563193
vt 0.390625 0.563193
vt 0.382813 0.510182
vt 0.382812 0.520423
vt 0.382813 0.530785
vt 0.378906 0.510182
vt 0.378906 0.520423
vt 0.382813 0.541327
vt 0.378906 0.530785
vt 0.382812 0.552110
vt 0.378906 0.541327
vt 0.406250 0.500000
vt 0.402344 0.500000
vt 0.406250 0.510182
vt 0.406250 0.520423
vt 0.406250 0.530785
vt 0.406250 0.541327
vt 0.394531 0.574637
vt 0.390625 0.586501
vt 0.378906 0.552110
vt 0.378906 0.500000
vt 0.382813 0.500000
vt 0.386719 0.500000
vt 0.390625 0.500000
vt 0.394531 0.500000
vt 0.398438 0.500000
vt 0.433594 0.510182
vt 0.429688 0.520423
vt 0.429688 0.510182
vt 0.433594 0.520423
vt 0.429688 0.530785
vt 0.433594 0.530785
vt 0.429688 0.541327
vt 0.433594 0.541327
vt 0.429688 0.552110
vt 0.425781 0.520423
vt 0.425781 0.510182
vt 0.425781 0.530785
vt 0.425781 0.541327
vt 0.429688 0.563193
vt 0.425781 0.574637
vt 0.425781 0.563193
vt 0.421875 0.520423
vt 0.421875 0.510182
vt 0.421875 0.530785
vt 0.421875 0.541327
vt 0.421875 0.552110
vt 0.417969 0.510182
vt 0.417969 0.520423
vt 0.417969 0.530785
vt 0.417969 0.541327
vt 0.414063 0.510182
vt 0.414062 0.520423
vt 0.414063 0.530785
vt 0.417969 0.574637
vt 0.414062 0.563193
vt 0.417969 0.563193
vt 0.410156 0.510182
vt 0.410156 0.520423
vt 0.414062 0.541327
vt 0.410156 0.530785
vt 0.414062 0.552110
vt 0.410156 0.541327
vt 0.437500 0.500000
vt 0.433594 0.500000
vt 0.437500 0.510182
vt 0.437500 0.520423
vt 0.437500 0.530785
vt 0.410156 0.500000
vt 0.414063 0.500000
vt 0.417969 0.500000
vt 0.421875 0.500000
vt 0.425781 0.500000
vt 0.429688 0.500000
vt 0.464844 0.541327
vt 0.460938 0.552110
vt 0.460938 0.541327
vt 0.460938 0.520423
vt 0.457031 0.530785
vt 0.457031 0.520423
vt 0.457031 0.552110
vt 0.457031 0.541327
vt 0.457031 0.563193
vt 0.457031 0.510182
vt 0.453125 0.520423
vt 0.453125 0.510182
vt 0.453125 0.530785
vt 0.453125 0.541327
vt 0.453125 0.552110
vt 0.449219 0.510182
vt 0.449219 0.520423
vt 0.449219 0.530785
vt 0.449219 0.541327
vt 0.445312 0.510182
vt 0.445313 0.520423
vt 0.445313 0.530785
vt 0.449219 0.552110
vt 0.445313 0.541327
vt 0.449219 0.563193
vt 0.445313 0.552110
vt 0.449219 0.574637
vt 0.445313 0.563193
vt 0.441406 0.510182
vt 0.441406 0.520423
vt 0.441406 0.530785
vt 0.441406 0.541327
vt 0.468750 0.541327
vt 0.464844 0.552110
vt 0.468750 0.552110
vt 0.464844 0.563193
vt 0.441406 0.500000
vt 0.445313 0.500000
vt 0.449219 0.500000
vt 0.453125 0.500000
vt 0.457031 0.500000
vt 0.460938 0.500000
vt 0.492188 0.563193
vt 0.488281 0.574637
vt 0.488281 0.563193
vt 0.484375 0.574637
vt 0.484375 0.563193
vt 0.480469 0.563193
vt 0.476563 0.552110
vt 0.480469 0.552110
vt 0.480469 0.574637
vt 0.476563 0.563193
vt 0.472656 0.552110
vt 0.476563 0.574637
vt 0.472656 0.563193
vt 0.484375 0.586501
vt 0.480469 0.586501
vt 0.472656 0.541327
vt 0.617188 0.552110
vt 0.613281 0.563193
vt 0.613281 0.552110
vt 0.609375 0.574637
vt 0.609375 0.563193
vt 0.625000 0.574637
vt 0.621094 0.586501
vt 0.621094 0.574637
vt 0.617188 0.586501
vt 0.617188 0.574637
vt 0.613281 0.586501
vt 0.613281 0.574637
vt 0.609375 0.586501
vt 0.605469 0.574637
vt 0.605469 0.586501
vt 0.601562 0.574637
vt 0.601563 0.586501
vt 0.597656 0.574637
vt 0.597656 0.586501
vt 0.593750 0.574637
vt 0.656250 0.574637
vt 0.652344 0.586501
vt 0.652344 0.574637
vt 0.648438 0.586501
vt 0.648438 0.574637
vt 0.644531 0.586501
vt 0.644531 0.574637
vt 0.640625 0.586501
vt 0.640625 0.574637
vt 0.636719 0.574637
vt 0.636719 0.586501
vt 0.632813 0.574637
vt 0.632813 0.586501
vt 0.628906 0.574637
vt 0.628906 0.586501
vt 0.683594 0.563193
vt 0.679688 0.574637
vt 0.679688 0.563193
vt 0.675781 0.574637
vt 0.675781 0.563193
vt 0.671875 0.574637
vt 0.671875 0.563193
vt 0.687500 0.552110
vt 0.683594 0.552110
vt 0.687500 0.563193
vt 0.683594 0.574637
vt 0.687500 0.574637
vt 0.683594 0.586501
vt 0.679688 0.586501
vt 0.675781 0.586501
vt 0.671875 0.586501
vt 0.667969 0.574637
vt 0.667969 0.586501
vt 0.664062 0.574637
vt 0.664063 0.586501
vt 0.660156 0.574637
vt 0.660156 0.586501
vt 0.714844 0.510182
vt 0.710938 0.520423
vt 0.710938 0.510182
vt 0.714844 0.520423
vt 0.710938 0.530785
vt 0.714844 0.530785
vt 0.710938 0.541327
vt 0.714844 0.541327
vt 0.710938 0.552110
vt 0.714844 0.552110
vt 0.710938 0.563193
vt 0.714844 0.563193
vt 0.710938 0.574637
vt 0.707031 0.520423
vt 0.707031 0.510182
vt 0.707031 0.530785
vt 0.707031 0.541327
vt 0.707031 0.552110
vt 0.707031 0.563193
vt 0.707031 0.574637
vt 0.703125 0.541327
vt 0.703125 0.530785
vt 0.703125 0.552110
vt 0.703125 0.563193
vt 0.703125 0.574637
vt 0.699219 0.552110
vt 0.699219 0.563193
vt 0.695313 0.552110
vt 0.699219 0.574637
vt 0.695312 0.563193
vt 0.691406 0.552110
vt 0.695313 0.574637
vt 0.691406 0.563193
vt 0.718750 0.500000
vt 0.714844 0.500000
vt 0.718750 0.510182
vt 0.718750 0.520423
vt 0.718750 0.530785
vt 0.718750 0.541327
vt 0.707031 0.586501
vt 0.703125 0.586501
vt 0.695313 0.586501
vt 0.691406 0.574637
vt 0.691406 0.586501
vt 0.710938 0.500000
vt 0.707031 0.500000
vt 0.726563 0.520423
vt 0.722656 0.510182
vt 0.726562 0.510182
vt 0.726562 0.530785
vt 0.722656 0.520423
vt 0.726563 0.541327
vt 0.722656 0.530785
vt 0.722656 0.541327
vt 0.722656 0.500000
vt 0.726563 0.500000
vt 0.046875 0.598890
vt 0.250000 0.586501
vt 0.246094 0.598890
vt 0.250000 0.612079
vt 0.250000 0.598890
vt 0.250000 0.642135
vt 0.246094 0.626387
vt 0.250000 0.626387
vt 0.234375 0.598890
vt 0.281250 0.586501
vt 0.277344 0.598890
vt 0.281250 0.612079
vt 0.281250 0.598890
vt 0.308594 0.612079
vt 0.304688 0.598890
vt 0.308594 0.598890
vt 0.308594 0.626387
vt 0.304688 0.612079
vt 0.308594 0.642135
vt 0.304688 0.626387
vt 0.308594 0.659641
vt 0.304688 0.642135
vt 0.308594 0.679226
vt 0.304688 0.659641
vt 0.308594 0.701208
vt 0.304688 0.679226
vt 0.300781 0.598890
vt 0.300781 0.612079
vt 0.300781 0.626387
vt 0.300781 0.642135
vt 0.300781 0.659641
vt 0.304688 0.701208
vt 0.300781 0.679226
vt 0.296875 0.598890
vt 0.296875 0.612079
vt 0.296875 0.626387
vt 0.296875 0.642135
vt 0.296875 0.659641
vt 0.300781 0.701208
vt 0.296875 0.679226
vt 0.292969 0.612079
vt 0.292969 0.598890
vt 0.292969 0.626387
vt 0.292969 0.642135
vt 0.292969 0.659641
vt 0.292969 0.679226
vt 0.292969 0.701208
vt 0.289063 0.612079
vt 0.289063 0.598890
vt 0.289062 0.626387
vt 0.289063 0.701208
vt 0.289063 0.679226
vt 0.312500 0.586501
vt 0.312500 0.612079
vt 0.312500 0.598890
vt 0.312500 0.626387
vt 0.312500 0.642135
vt 0.312500 0.659641
vt 0.312500 0.679226
vt 0.312500 0.701208
vt 0.296875 0.701208
vt 0.339844 0.701208
vt 0.335938 0.679226
vt 0.339844 0.679226
vt 0.335938 0.701208
vt 0.332031 0.679226
vt 0.332031 0.659641
vt 0.328125 0.642135
vt 0.332031 0.642135
vt 0.328125 0.659641
vt 0.332031 0.701208
vt 0.328125 0.679226
vt 0.324219 0.679226
vt 0.324219 0.659641
vt 0.324219 0.701208
vt 0.324219 0.612079
vt 0.320313 0.626387
vt 0.320313 0.612079
vt 0.320313 0.679226
vt 0.320313 0.659641
vt 0.320313 0.701208
vt 0.320313 0.598890
vt 0.316406 0.612078
vt 0.316406 0.598890
vt 0.316406 0.626387
vt 0.316406 0.642135
vt 0.320313 0.642135
vt 0.316406 0.659641
vt 0.316406 0.679226
vt 0.316406 0.701208
vt 0.343750 0.626387
vt 0.339844 0.612078
vt 0.343750 0.612079
vt 0.343750 0.659641
vt 0.339844 0.642135
vt 0.343750 0.642135
vt 0.343750 0.679226
vt 0.339844 0.659641
vt 0.343750 0.701208
vt 0.328125 0.701208
vt 0.371094 0.701208
vt 0.367188 0.679226
vt 0.371094 0.679226
vt 0.367188 0.701208
vt 0.363281 0.679226
vt 0.363281 0.701208
vt 0.359375 0.679226
vt 0.355469 0.701208
vt 0.355469 0.679226
vt 0.351563 0.701208
vt 0.351563 0.679226
vt 0.347656 0.701208
vt 0.347656 0.679226
vt 0.375000 0.626387
vt 0.371094 0.612079
vt 0.375000 0.612079
vt 0.375000 0.659641
vt 0.371094 0.642135
vt 0.375000 0.642135
vt 0.375000 0.701208
vt 0.375000 0.679226
vt 0.359375 0.701208
vt 0.386719 0.659641
vt 0.382813 0.679226
vt 0.382813 0.659641
vt 0.378906 0.701208
vt 0.378906 0.679226
vt 0.406250 0.659641
vt 0.402344 0.642135
vt 0.406250 0.642135
vt 0.402344 0.679226
vt 0.402344 0.659641
vt 0.464844 0.701208
vt 0.460938 0.679226
vt 0.464844 0.679226
vt 0.468750 0.626387
vt 0.464844 0.612079
vt 0.468750 0.612079
vt 0.468750 0.642135
vt 0.464844 0.626387
vt 0.468750 0.659641
vt 0.464844 0.642135
vt 0.468750 0.679226
vt 0.464844 0.659641
vt 0.468750 0.701208
vt 0.460938 0.701208
vt 0.457031 0.701208
vt 0.453125 0.701208
vt 0.449219 0.701208
vt 0.445313 0.701208
vt 0.441406 0.701208
vt 0.437500 0.725907
vt 0.437500 0.701208
vt 0.496094 0.612079
vt 0.492187 0.598890
vt 0.496094 0.598890
vt 0.496094 0.626387
vt 0.492188 0.612079
vt 0.496094 0.642135
vt 0.492188 0.626387
vt 0.496094 0.659641
vt 0.492188 0.642135
vt 0.496094 0.679226
vt 0.492188 0.659641
vt 0.496094 0.701208
vt 0.492188 0.679226
vt 0.488281 0.598890
vt 0.488281 0.612079
vt 0.488281 0.626387
vt 0.488281 0.642135
vt 0.488281 0.659641
vt 0.492187 0.701208
vt 0.488281 0.679226
vt 0.484375 0.598890
vt 0.484375 0.612079
vt 0.484375 0.626387
vt 0.484375 0.642135
vt 0.484375 0.659641
vt 0.488281 0.701208
vt 0.484375 0.679226
vt 0.480469 0.626387
vt 0.480469 0.612079
vt 0.480469 0.642135
vt 0.480469 0.659641
vt 0.480469 0.679226
vt 0.480469 0.701208
vt 0.476563 0.659641
vt 0.476563 0.642135
vt 0.476563 0.679226
vt 0.476563 0.701208
vt 0.472656 0.701208
vt 0.472656 0.679226
vt 0.500000 0.586501
vt 0.496094 0.586501
vt 0.500000 0.612079
vt 0.500000 0.598890
vt 0.500000 0.626387
vt 0.500000 0.642135
vt 0.500000 0.659641
vt 0.500000 0.679226
vt 0.500000 0.701208
vt 0.484375 0.701208
vt 0.488281 0.586501
vt 0.492188 0.586501
vt 0.507813 0.598890
vt 0.503906 0.612079
vt 0.503906 0.598890
vt 0.507813 0.612079
vt 0.503906 0.626387
vt 0.507813 0.659641
vt 0.503906 0.679226
vt 0.503906 0.659641
vt 0.503906 0.701208
vt 0.503906 0.642135
vt 0.503906 0.586501
vt 0.507813 0.586501
vt 0.621094 0.612079
vt 0.617188 0.598890
vt 0.621094 0.598890
vt 0.617188 0.612079
vt 0.613281 0.598890
vt 0.617188 0.626387
vt 0.613281 0.612079
vt 0.609375 0.598890
vt 0.605469 0.612079
vt 0.605469 0.598890
vt 0.609375 0.612079
vt 0.605469 0.626387
vt 0.601563 0.612079
vt 0.601562 0.598890
vt 0.597656 0.612079
vt 0.597656 0.598890
vt 0.625000 0.586501
vt 0.625000 0.612079
vt 0.625000 0.598890
vt 0.625000 0.626387
vt 0.593750 0.612079
vt 0.593750 0.598890
vt 0.593750 0.586501
vt 0.652344 0.612079
vt 0.648438 0.598890
vt 0.652344 0.598890
vt 0.644531 0.612079
vt 0.640625 0.598890
vt 0.644531 0.598890
vt 0.636719 0.612079
vt 0.636719 0.598890
vt 0.632813 0.612079
vt 0.632813 0.598890
vt 0.632812 0.626387
vt 0.628906 0.612079
vt 0.628906 0.598890
vt 0.656250 0.586501
vt 0.656250 0.612079
vt 0.656250 0.598890
vt 0.656250 0.626387
vt 0.687500 0.626387
vt 0.683594 0.612078
vt 0.687500 0.612079
vt 0.660156 0.598890
vt 0.664062 0.598890
vt 0.667969 0.598890
vt 0.671875 0.598890
vt 0.679688 0.598890
vt 0.695313 0.598890
vt 0.703125 0.598890
vt 0.984375 1.000000
vt 0.953125 1.000000
vt 0.921875 1.000000
vt 0.890625 1.000000
vt 0.859375 1.000000
vt 0.828125 1.000000
vt 0.796875 1.000000
vt 0.777344 0.850807
vt 0.765625 1.000000
vt 0.734375 0.816356
vt 0.734375 1.000000
vt 0.703125 1.000000
vt 0.675781 0.850807
vt 0.671875 1.000000
vt 0.652344 0.850807
vt 0.640625 1.000000
vt 0.609375 0.850807
vt 0.609375 1.000000
vt 0.578125 1.000000
vt 0.550781 0.816356
vt 0.546875 1.000000
vt 0.515625 1.000000
vt 0.484375 1.000000
vt 0.453125 1.000000
vt 0.421875 1.000000
vt 0.390625 1.000000
vt 0.359375 1.000000
vt 0.328125 1.000000
vt 0.296875 1.000000
vt 0.265625 1.000000
vt 0.253906 0.725907
vt 0.269531 0.725907
vt 0.246094 0.725907
vt 0.234375 1.000000
vt 0.214844 0.725907
vt 0.203125 1.000000
vt 0.199219 0.725907
vt 0.171875 1.000000
vt 0.140625 1.000000
vt 0.121094 0.783802
vt 0.109375 1.000000
vt 0.085938 0.816356
vt 0.078125 1.000000
vt 0.250000 0.250000
vt 0.058594 0.816356
vt 0.046875 1.000000
vt 0.011719 0.780032
vt 0.015625 1.000000
vt 0.062500 0.574637
vt 0.187500 0.541327
vt 0.343750 0.563193
vt 0.375000 0.563193
vt 0.406250 0.552110
vt 0.406250 0.563193
vt 0.406250 0.574637
vt 0.402344 0.574637
vt 0.437500 0.541327
vt 0.453125 0.574637
vt 0.468750 0.563193
vt 0.589844 0.586501
vt 0.617188 0.541327
vt 0.601563 0.563193
vt 0.632813 0.563193
vt 0.687500 0.541327
vt 0.687500 0.586501
vt 0.125000 0.626387
vt 0.121094 0.626387
vt 0.121094 0.612079
vt 0.179688 0.586501
vt 0.179688 0.598890
vt 0.175781 0.598890
vt 0.230469 0.701208
vt 0.242188 0.598890
vt 0.328125 0.626387
vt 0.367188 0.659641
vt 0.359375 0.659641
vt 0.351563 0.659641
vt 0.386719 0.642135
vt 0.406250 0.586501
vt 0.406250 0.598890
vt 0.402344 0.598890
vt 0.390625 0.701208
vt 0.453125 0.679226
vt 0.609375 0.626387
vt 0.640625 0.612079
s 0
usemtl material_baixo
f 1052/1/1 1055/2/1 1051/3/1
f 1053/4/2 1056/5/2 1052/1/2
f 1054/6/3 1057/7/3 1053/4/3
f 1056/5/4 1059/8/4 1055/2/4
f 1057/7/5 1060/9/5 1056/5/5
f 1058/10/6 1061/11/6 1057/7/6
f 1060/9/7 1064/12/7 1059/8/7
f 1061/11/8 1065/13/8 1060/9/8
f 1062/14/9 1066/15/9 1061/11/9
f 79/16/10 1050/16/10 1049/16/10
f 81/16/11 1073/16/11 1072/16/11
f 1064/12/12 1069/17/12 1068/18/12
f 1065/13/13 1070/19/13 1069/17/13
f 1066/15/14 1071/20/14 1070/19/14
f 1072/16/15 1099/16/15 1103/16/15
f 1068/18/16 1074/21/16 1073/22/16
f 1069/17/17 1075/23/17 1074/21/17
f 1070/19/18 1076/24/18 1075/23/18
f 1072/16/19 1095/16/19 1099/16/19
f 81/16/20 1059/16/20 1064/16/20
f 81/16/21 1051/16/21 1055/16/21
f 1074/21/22 1078/25/22 1077/26/22
f 1075/23/23 1079/27/23 1078/25/23
f 1127/16/24 1080/16/24 1050/16/24
f 81/16/25 1064/16/25 1068/16/25
f 83/28/26 1051/3/26 82/29/26
f 84/30/27 1052/1/27 83/28/27
f 85/31/28 1053/4/28 84/30/28
f 1/32/29 1054/6/29 85/31/29
f 78/33/30 1058/10/30 1054/6/30
f 77/34/31 1062/14/31 1058/10/31
f 76/35/32 1067/36/32 1062/14/32
f 1067/36/33 74/37/33 1071/20/33
f 1071/20/34 73/38/34 1076/24/34
f 1076/24/35 72/39/35 1079/27/35
f 1079/27/36 2/40/36 796/41/36
f 1078/25/37 796/41/37 797/42/37
f 1077/26/38 797/42/38 798/43/38
f 1073/16/39 798/16/39 1081/16/39
f 3315/16/40 3846/16/40 795/16/40
f 1127/16/41 1050/16/41 79/16/41
f 795/16/42 3847/16/42 3845/16/42
f 1127/16/43 79/16/43 1063/16/43
f 1073/16/44 1084/16/44 1088/16/44
f 1073/16/45 1088/16/45 1091/16/45
f 1082/44/46 1084/45/46 1081/46/46
f 1083/47/47 1085/48/47 1082/44/47
f 803/16/48 1115/16/48 1121/16/48
f 803/16/49 810/16/49 3833/16/49
f 1073/16/50 1081/16/50 1084/16/50
f 1085/48/51 1088/49/51 1084/45/51
f 1086/50/52 1089/51/52 1085/48/52
f 81/16/53 1063/16/53 80/16/53
f 1089/51/54 1092/52/54 1088/49/54
f 1090/53/55 1093/54/55 1089/51/55
f 81/16/56 1072/16/56 1063/16/56
f 1091/55/57 1096/56/57 1095/57/57
f 1092/52/58 1097/58/58 1096/56/58
f 1093/54/59 1098/59/59 1097/58/59
f 1095/57/60 1100/60/60 1099/61/60
f 1096/56/61 1101/62/61 1100/60/61
f 1097/58/62 1102/63/62 1101/62/62
f 1099/61/63 1104/64/63 1103/65/63
f 1100/60/64 1105/66/64 1104/64/64
f 1101/62/65 1106/67/65 1105/66/65
f 1080/16/66 1127/16/66 1087/16/66
f 81/16/67 1055/16/67 1059/16/67
f 797/42/68 1081/46/68 798/43/68
f 796/41/69 1082/44/69 797/42/69
f 2/40/70 1083/47/70 796/41/70
f 97/68/71 1086/50/71 1083/47/71
f 96/69/72 1090/53/72 1086/50/72
f 95/70/73 1094/71/73 1090/53/73
f 1094/71/74 93/72/74 1098/59/74
f 1098/59/75 92/73/75 1102/63/75
f 1102/63/76 91/74/76 1106/67/76
f 1106/67/77 3/75/77 799/76/77
f 1105/66/78 799/76/78 800/77/78
f 1104/64/79 800/77/79 801/78/79
f 1103/65/80 801/78/80 802/79/80
f 1072/16/81 1116/16/81 1115/16/81
f 1108/80/82 1111/81/82 1107/82/82
f 1109/83/83 1112/84/83 1108/80/83
f 1110/85/84 1113/86/84 1109/83/84
f 803/16/85 971/16/85 3312/16/85
f 1112/84/86 1117/87/86 1111/81/86
f 1113/86/87 1118/88/87 1112/84/87
f 1114/89/88 1119/90/88 1113/86/88
f 1116/91/89 1121/92/89 1115/93/89
f 1117/87/90 1122/94/90 1116/91/90
f 1118/88/91 1123/95/91 1117/87/91
f 1119/90/92 1124/96/92 1118/88/92
f 1120/97/93 1125/98/93 1119/90/93
f 1121/92/94 1129/99/94 1128/100/94
f 1122/94/95 1130/101/95 1129/99/95
f 1123/95/96 1131/102/96 1130/101/96
f 1124/96/97 1132/103/97 1131/102/97
f 1125/98/98 1133/104/98 1132/103/98
f 1128/100/99 1135/105/99 1134/106/99
f 1129/99/100 1136/107/100 1135/105/100
f 1130/101/101 1137/108/101 1136/107/101
f 1131/102/102 1138/109/102 1137/108/102
f 1132/103/103 1139/110/103 1138/109/103
f 1134/106/104 1141/111/104 1140/112/104
f 1135/105/105 1142/113/105 1141/111/105
f 1136/107/106 1143/114/106 1142/113/106
f 1137/108/107 1144/115/107 1143/114/107
f 1138/109/108 1145/116/108 1144/115/108
f 801/78/109 1107/82/109 802/79/109
f 800/77/110 1108/80/110 801/78/110
f 799/76/111 1109/83/111 800/77/111
f 3/75/112 1110/85/112 799/76/112
f 106/117/113 1114/89/113 1110/85/113
f 105/118/114 1120/97/114 1114/89/114
f 104/119/115 1126/120/115 1120/97/115
f 1126/120/116 102/121/116 1133/104/116
f 1133/104/117 101/122/117 1139/110/117
f 1139/110/118 100/123/118 1145/116/118
f 1145/116/119 4/124/119 804/125/119
f 1144/115/120 804/125/120 805/126/120
f 1143/114/121 805/126/121 806/127/121
f 1142/113/122 806/127/122 807/128/122
f 1141/111/123 807/128/123 808/129/123
f 1140/112/124 808/129/124 809/130/124
f 3312/16/125 1087/16/125 1115/16/125
f 80/16/126 2584/16/126 2605/16/126
f 3833/16/127 810/16/127 1153/16/127
f 3820/16/128 3131/16/128 3818/16/128
f 810/16/129 3800/16/129 1160/16/129
f 1148/131/130 1154/132/130 1147/133/130
f 1149/134/131 1155/135/131 1148/131/131
f 1150/136/132 1156/137/132 1149/134/132
f 1151/138/133 1157/139/133 1150/136/133
f 1152/140/134 1158/141/134 1151/138/134
f 1160/16/135 3800/16/135 1161/16/135
f 1155/135/136 1161/142/136 1154/132/136
f 1156/137/137 1162/143/137 1155/135/137
f 1157/139/138 1163/144/138 1156/137/138
f 1158/141/139 1164/145/139 1157/139/139
f 1159/146/140 1165/147/140 1158/141/140
f 1160/16/141 1167/16/141 1173/16/141
f 1162/143/142 1167/148/142 1161/142/142
f 1163/144/143 1168/149/143 1162/143/143
f 1164/145/144 1169/150/144 1163/144/144
f 1165/147/145 1170/151/145 1164/145/145
f 1166/152/146 1171/153/146 1165/147/146
f 3812/16/147 3796/16/147 3806/16/147
f 1167/148/148 1174/154/148 1173/155/148
f 1168/149/149 1175/156/149 1174/154/149
f 1169/150/150 1176/157/150 1175/156/150
f 1170/151/151 1177/158/151 1176/157/151
f 1171/153/152 1178/159/152 1177/158/152
f 1160/16/153 3802/16/153 3809/16/153
f 1173/155/154 1180/160/154 1179/161/154
f 1174/154/155 1181/162/155 1180/160/155
f 1175/156/156 1182/163/156 1181/162/156
f 1176/157/157 1183/164/157 1182/163/157
f 1177/158/158 1184/165/158 1183/164/158
f 1179/161/159 1186/166/159 1185/167/159
f 1180/160/160 1187/168/160 1186/166/160
f 1181/162/161 1188/169/161 1187/168/161
f 1182/163/162 1189/170/162 1188/169/162
f 1183/164/163 1190/171/163 1189/170/163
f 3839/16/164 3851/16/164 3852/16/164
f 810/16/165 1154/16/165 3800/16/165
f 808/129/166 1147/133/166 809/130/166
f 807/128/167 1148/131/167 808/129/167
f 806/127/168 1149/134/168 807/128/168
f 805/126/169 1150/136/169 806/127/169
f 804/125/170 1151/138/170 805/126/170
f 4/124/171 1152/140/171 804/125/171
f 116/172/172 1159/146/172 1152/140/172
f 115/173/173 1166/152/173 1159/146/173
f 114/174/174 1172/175/174 1166/152/174
f 1172/175/175 112/176/175 1178/159/175
f 1178/159/176 111/177/176 1184/165/176
f 1184/165/177 110/178/177 1190/171/177
f 1190/171/178 5/179/178 811/180/178
f 1189/170/179 811/180/179 812/181/179
f 1188/169/180 812/181/180 813/182/180
f 1187/168/181 813/182/181 814/183/181
f 1186/166/182 814/183/182 815/184/182
f 1185/167/183 815/184/183 816/185/183
f 1197/16/184 3815/16/184 817/16/184
f 1046/16/185 1146/16/185 3801/16/185
f 1192/186/186 1197/187/186 1191/188/186
f 1193/189/187 1198/190/187 1192/186/187
f 1194/191/188 1199/192/188 1193/189/188
f 1195/193/189 1200/194/189 1194/191/189
f 1196/195/190 1201/196/190 1195/193/190
f 1198/190/191 1204/197/191 1197/187/191
f 1199/192/192 1205/198/192 1198/190/192
f 1200/194/193 1206/199/193 1199/192/193
f 1201/196/194 1207/200/194 1200/194/194
f 1202/201/195 1208/202/195 1201/196/195
f 1203/16/196 1210/16/196 1216/16/196
f 1205/198/197 1210/203/197 1204/197/197
f 1206/199/198 1211/204/198 1205/198/198
f 1207/200/199 1212/205/199 1206/199/199
f 1208/202/200 1213/206/200 1207/200/200
f 1209/207/201 1214/208/201 1208/202/201
f 1210/203/202 1217/209/202 1216/210/202
f 1211/204/203 1218/211/203 1217/209/203
f 1212/205/204 1219/212/204 1218/211/204
f 1213/206/205 1220/213/205 1219/212/205
f 1214/208/206 1221/214/206 1220/213/206
f 1160/16/207 3807/16/207 3802/16/207
f 1216/210/208 1223/215/208 1222/216/208
f 1217/209/209 1224/217/209 1223/215/209
f 1218/211/210 1225/218/210 1224/217/210
f 1219/212/211 1226/219/211 1225/218/211
f 1220/213/212 1227/220/212 1226/219/212
f 1222/216/213 1229/221/213 1228/222/213
f 1223/215/214 1230/223/214 1229/221/214
f 1224/217/215 1231/224/215 1230/223/215
f 1225/218/216 1232/225/216 1231/224/216
f 1226/219/217 1233/226/217 1232/225/217
f 59/16/218 1042/16/218 3804/16/218
f 815/184/219 1191/188/219 816/185/219
f 814/183/220 1192/186/220 815/184/220
f 813/182/221 1193/189/221 814/183/221
f 812/181/222 1194/191/222 813/182/222
f 811/180/223 1195/193/223 812/181/223
f 5/179/224 1196/195/224 811/180/224
f 127/227/225 1202/201/225 1196/195/225
f 126/228/226 1209/207/226 1202/201/226
f 125/229/227 1215/230/227 1209/207/227
f 1215/230/228 123/231/228 1221/214/228
f 1221/214/229 122/232/229 1227/220/229
f 1227/220/230 121/233/230 1233/226/230
f 1233/226/231 6/234/231 818/235/231
f 1232/225/232 818/235/232 819/236/232
f 1231/224/233 819/236/233 820/237/233
f 1230/223/234 820/237/234 821/238/234
f 1229/221/235 821/238/235 822/239/235
f 1228/222/236 822/239/236 823/240/236
f 817/16/237 1191/16/237 1197/16/237
f 1235/241/238 1238/242/238 1234/243/238
f 1236/244/239 1239/245/239 1235/241/239
f 1237/246/240 1240/247/240 1236/244/240
f 822/16/241 3767/16/241 823/16/241
f 1239/245/242 1242/248/242 1238/242/242
f 1240/247/243 1243/249/243 1239/245/243
f 1241/250/244 1244/251/244 1240/247/244
f 1243/249/245 1246/252/245 1242/248/245
f 1244/251/246 1247/253/246 1243/249/246
f 1245/254/247 1248/255/247 1244/251/247
f 1246/252/248 1251/256/248 1250/257/248
f 1247/253/249 1252/258/249 1251/256/249
f 1248/255/250 1253/259/250 1252/258/250
f 836/16/251 1040/16/251 1041/16/251
f 1250/257/252 1255/260/252 1254/261/252
f 1251/256/253 1256/262/253 1255/260/253
f 1252/258/254 1257/263/254 1256/262/254
f 1254/261/255 1259/264/255 1258/265/255
f 1255/260/256 1260/266/256 1259/264/256
f 1256/262/257 1261/267/257 1260/266/257
f 824/16/258 1041/16/258 60/16/258
f 822/16/259 1242/16/259 1246/16/259
f 820/237/260 1234/243/260 821/238/260
f 819/236/261 1235/241/261 820/237/261
f 818/235/262 1236/244/262 819/236/262
f 6/234/263 1237/246/263 818/235/263
f 137/268/264 1241/250/264 1237/246/264
f 136/269/265 1245/254/265 1241/250/265
f 135/270/266 1249/271/266 1245/254/266
f 1249/271/267 133/272/267 1253/259/267
f 1253/259/268 132/273/268 1257/263/268
f 1257/263/269 131/274/269 1261/267/269
f 1261/267/270 7/275/270 825/276/270
f 1260/266/271 825/276/271 826/277/271
f 1259/264/272 826/277/272 827/278/272
f 1258/265/273 827/278/273 828/279/273
f 3795/16/274 576/16/274 3784/16/274
f 568/16/275 60/16/275 3790/16/275
f 3790/16/276 3794/16/276 3789/16/276
f 822/16/277 821/16/277 1234/16/277
f 1263/280/278 1267/281/278 1262/282/278
f 1264/283/279 1268/284/279 1263/280/279
f 1265/285/280 1269/286/280 1264/283/280
f 1288/16/281 1307/16/281 1311/16/281
f 1269/286/282 1273/287/282 1268/284/282
f 1270/288/283 1274/289/283 1269/286/283
f 1288/16/284 1304/16/284 1307/16/284
f 1274/289/285 1276/290/285 1273/287/285
f 1275/291/286 1277/292/286 1274/289/286
f 1267/16/287 1282/16/287 1285/16/287
f 1276/290/288 1280/293/288 1279/294/288
f 1277/292/289 1281/295/289 1280/293/289
f 1279/294/290 1283/296/290 1282/297/290
f 1280/293/291 1284/298/291 1283/296/291
f 1267/16/292 1273/16/292 1276/16/292
f 1282/297/293 1286/299/293 1285/300/293
f 1283/296/294 1287/301/294 1286/299/294
f 3769/16/295 578/16/295 3766/16/295
f 827/278/296 1262/282/296 828/279/296
f 826/277/297 1263/280/297 827/278/297
f 825/276/298 1264/283/298 826/277/298
f 7/275/299 1265/285/299 825/276/299
f 148/302/300 1270/288/300 1265/285/300
f 147/303/301 1275/291/301 1270/288/301
f 146/304/302 1278/305/302 1275/291/302
f 1278/305/303 144/306/303 1281/295/303
f 1281/295/304 143/307/304 1284/298/304
f 1284/298/305 142/308/305 1287/301/305
f 1287/301/306 8/309/306 829/310/306
f 1286/299/307 829/310/307 830/311/307
f 1285/300/308 830/311/308 831/312/308
f 3784/16/309 3779/16/309 3781/16/309
f 1288/16/310 1301/16/310 1304/16/310
f 1290/313/311 1293/314/311 1289/315/311
f 1291/316/312 1294/317/312 1290/313/312
f 1294/317/313 1297/318/313 1293/314/313
f 1295/319/314 1298/320/314 1294/317/314
f 1298/320/315 1301/321/315 1297/318/315
f 1299/322/316 1302/323/316 1298/320/316
f 1266/16/317 836/16/317 1271/16/317
f 822/16/318 1254/16/318 1258/16/318
f 1301/321/319 1305/324/319 1304/325/319
f 1302/323/320 1306/326/320 1305/324/320
f 3751/16/321 3752/16/321 3761/16/321
f 1304/325/322 1308/327/322 1307/328/322
f 1305/324/323 1309/329/323 1308/327/323
f 1288/16/324 1293/16/324 1297/16/324
f 1307/328/325 1312/330/325 1311/331/325
f 1308/327/326 1313/332/326 1312/330/326
f 830/311/327 1289/315/327 831/312/327
f 829/310/328 1290/313/328 830/311/328
f 8/309/329 1291/316/329 829/310/329
f 159/333/330 1295/319/330 1291/316/330
f 158/334/331 1299/322/331 1295/319/331
f 157/335/332 1303/336/332 1299/322/332
f 1303/336/333 155/337/333 1306/326/333
f 1306/326/334 154/338/334 1309/329/334
f 1309/329/335 153/339/335 1313/332/335
f 1313/332/336 9/340/336 832/341/336
f 1312/330/337 832/341/337 833/342/337
f 1311/331/338 833/342/338 834/343/338
f 1310/344/339 834/343/339 835/345/339
f 581/16/340 1292/16/340 1039/16/340
f 1327/16/341 1336/16/341 1340/16/341
f 571/16/342 572/16/342 3791/16/342
f 1315/346/343 1319/347/343 1314/348/343
f 1316/349/344 1320/350/344 1315/346/344
f 1317/351/345 1321/352/345 1316/349/345
f 1320/350/346 1323/353/346 1319/347/346
f 1321/352/347 1324/354/347 1320/350/347
f 1322/355/348 1325/356/348 1321/352/348
f 1324/354/349 1328/357/349 1323/353/349
f 1325/356/350 1329/358/350 1324/354/350
f 1326/359/351 1330/360/351 1325/356/351
f 3751/16/352 3760/16/352 3752/16/352
f 3762/16/353 580/16/353 3764/16/353
f 1327/16/354 1332/16/354 1336/16/354
f 1328/357/355 1333/361/355 1332/362/355
f 1329/358/356 1334/363/356 1333/361/356
f 1330/360/357 1335/364/357 1334/363/357
f 3740/16/358 3736/16/358 3730/16/358
f 3769/16/359 3766/16/359 3773/16/359
f 1327/16/360 3763/16/360 1288/16/360
f 1332/362/361 1337/365/361 1336/366/361
f 1333/361/362 1338/367/362 1337/365/362
f 1334/363/363 1339/368/363 1338/367/363
f 1336/366/364 1341/369/364 1340/370/364
f 1337/365/365 1342/371/365 1341/369/365
f 1338/367/366 1343/372/366 1342/371/366
f 834/343/367 1314/348/367 835/345/367
f 833/342/368 1315/346/368 834/343/368
f 832/341/369 1316/349/369 833/342/369
f 9/340/370 1317/351/370 832/341/370
f 173/373/371 1322/355/371 1317/351/371
f 172/374/372 1326/359/372 1322/355/372
f 171/375/373 1331/376/373 1326/359/373
f 1331/376/374 169/377/374 1335/364/374
f 1335/364/375 168/378/375 1339/368/375
f 1339/368/376 167/379/376 1343/372/376
f 1343/372/377 11/380/377 837/381/377
f 1342/371/378 837/381/378 838/382/378
f 1341/369/379 838/382/379 839/383/379
f 1340/370/380 839/383/380 840/384/380
f 1327/16/381 1310/16/381 835/16/381
f 3755/16/382 3750/16/382 3770/16/382
f 3767/16/383 1271/16/383 823/16/383
f 1345/385/384 1347/386/384 1344/387/384
f 1346/388/385 1348/389/385 1345/385/385
f 1348/389/386 1351/390/386 1347/386/386
f 1349/391/387 1352/392/387 1348/389/387
f 1375/16/388 1391/16/388 847/16/388
f 1352/392/389 1354/393/389 1351/390/389
f 1353/394/390 1355/395/390 1352/392/390
f 1354/393/391 1359/396/391 1358/397/391
f 1355/395/392 1360/398/392 1359/396/392
f 840/16/393 1375/16/393 1381/16/393
f 1358/397/394 1363/399/394 1362/400/394
f 1359/396/395 1364/401/395 1363/399/395
f 1362/400/396 1366/402/396 1365/403/396
f 1363/399/397 1367/404/397 1366/402/397
f 1037/16/398 1357/16/398 1038/16/398
f 3736/16/399 3757/16/399 3752/16/399
f 840/16/400 1351/16/400 1354/16/400
f 840/16/401 1354/16/401 1358/16/401
f 838/382/402 1344/387/402 839/383/402
f 837/381/403 1345/385/403 838/382/403
f 11/380/404 1346/388/404 837/381/404
f 187/405/405 1349/391/405 1346/388/405
f 186/406/406 1353/394/406 1349/391/406
f 185/407/407 1356/408/407 1353/394/407
f 1356/408/408 183/409/408 1360/398/408
f 1360/398/409 182/410/409 1364/401/409
f 1364/401/410 181/411/410 1367/404/410
f 1367/404/411 12/412/411 842/413/411
f 1366/402/412 842/413/412 843/414/412
f 1365/403/413 843/414/413 844/415/413
f 1037/16/414 1038/16/414 3760/16/414
f 840/16/415 3705/16/415 1340/16/415
f 1370/416/416 1372/417/416 1369/418/416
f 1371/419/417 1373/420/417 1370/416/417
f 1375/16/418 847/16/418 1394/16/418
f 1373/420/419 1376/421/419 1372/417/419
f 1374/422/420 1377/423/420 1373/420/420
f 1375/16/421 1385/16/421 1388/16/421
f 1377/423/422 1382/424/422 1376/421/422
f 1378/425/423 1383/426/423 1377/423/423
f 840/16/424 1344/16/424 1347/16/424
f 1382/424/425 1386/427/425 1385/428/425
f 1383/426/426 1387/429/426 1386/427/426
f 1350/16/427 1361/16/427 841/16/427
f 1385/428/428 1389/430/428 1388/431/428
f 1386/427/429 1390/432/429 1389/430/429
f 3712/16/430 3717/16/430 3721/16/430
f 1388/431/431 1392/433/431 1391/434/431
f 1389/430/432 1393/435/432 1392/433/432
f 1350/16/433 841/16/433 3743/16/433
f 840/16/434 1365/16/434 844/16/434
f 843/414/435 1369/418/435 844/415/435
f 842/413/436 1370/416/436 843/414/436
f 12/412/437 1371/419/437 842/413/437
f 201/436/438 1374/422/438 1371/419/438
f 200/437/439 1378/425/439 1374/422/439
f 199/438/440 1384/439/440 1378/425/440
f 1384/439/441 197/440/441 1387/429/441
f 1387/429/442 196/441/442 1390/432/442
f 1390/432/443 195/442/443 1393/435/443
f 1393/435/444 13/443/444 845/444/444
f 1392/433/445 845/444/445 846/445/445
f 1391/434/446 846/445/446 847/446/446
f 840/16/447 1362/16/447 1365/16/447
f 3740/16/448 3747/16/448 589/16/448
f 589/16/449 3712/16/449 3708/16/449
f 3740/16/450 3730/16/450 3747/16/450
f 1035/16/451 3730/16/451 3734/16/451
f 1379/16/452 3734/16/452 1038/16/452
f 1405/16/453 1381/16/453 1375/16/453
f 1394/16/454 1406/16/454 1409/16/454
f 1396/447/455 1398/448/455 1395/449/455
f 1397/450/456 1399/451/456 1396/447/456
f 1399/451/457 1401/452/457 1398/448/457
f 1400/453/458 1402/454/458 1399/451/458
f 3721/16/459 3681/16/459 594/16/459
f 1402/454/460 1406/455/460 1401/452/460
f 1403/456/461 1407/457/461 1402/454/461
f 1405/16/462 1375/16/462 1394/16/462
f 3681/16/463 61/16/463 3693/16/463
f 1394/16/464 1415/16/464 851/16/464
f 1406/455/465 1410/458/465 1409/459/465
f 1407/457/466 1411/460/466 1410/458/466
f 1409/459/467 1413/461/467 1412/462/467
f 1410/458/468 1414/463/468 1413/461/468
f 1405/16/469 1404/16/469 3746/16/469
f 1412/462/470 1416/464/470 1415/465/470
f 1413/461/471 1417/466/471 1416/464/471
f 848/16/472 1036/16/472 1035/16/472
f 846/445/473 1395/449/473 847/446/473
f 845/444/474 1396/447/474 846/445/474
f 13/443/475 1397/450/475 845/444/475
f 213/467/476 1400/453/476 1397/450/476
f 212/468/477 1403/456/477 1400/453/477
f 211/469/478 1408/470/478 1403/456/478
f 1408/470/479 209/471/479 1411/460/479
f 1411/460/480 208/472/480 1414/463/480
f 1414/463/481 207/473/481 1417/466/481
f 1417/466/482 14/474/482 849/475/482
f 1416/464/483 849/475/483 850/476/483
f 1415/465/484 850/476/484 851/477/484
f 1405/16/485 3746/16/485 1381/16/485
f 852/16/486 1404/16/486 1405/16/486
f 3728/16/487 1036/16/487 848/16/487
f 3708/16/488 3745/16/488 3739/16/488
f 1428/16/489 851/16/489 1418/16/489
f 1419/478/490 1421/479/490 1418/480/490
f 1420/481/491 1422/482/491 1419/478/491
f 1422/482/492 1424/483/492 1421/479/492
f 1423/484/493 1425/485/493 1422/482/493
f 1425/485/494 1429/486/494 1424/483/494
f 1426/487/495 1430/488/495 1425/485/495
f 1428/16/496 1435/16/496 1438/16/496
f 1429/486/497 1433/489/497 1432/490/497
f 1430/488/498 1434/491/498 1433/489/498
f 1432/490/499 1436/492/499 1435/493/499
f 1433/489/500 1437/494/500 1436/492/500
f 3700/16/501 1032/16/501 3671/16/501
f 1435/493/502 1439/495/502 1438/496/502
f 1436/492/503 1440/497/503 1439/495/503
f 3708/16/504 3707/16/504 590/16/504
f 850/476/505 1418/480/505 851/477/505
f 849/475/506 1419/478/506 850/476/506
f 14/474/507 1420/481/507 849/475/507
f 228/498/508 1423/484/508 1420/481/508
f 227/499/509 1426/487/509 1423/484/509
f 226/500/510 1431/501/510 1426/487/510
f 1431/501/511 224/502/511 1434/491/511
f 1434/491/512 223/503/512 1437/494/512
f 1437/494/513 222/504/513 1440/497/513
f 1440/497/514 16/505/514 853/506/514
f 1439/495/515 853/506/515 854/507/515
f 1438/496/516 854/507/516 855/508/516
f 3689/16/517 1033/16/517 61/16/517
f 1454/16/518 1428/16/518 1441/16/518
f 1032/16/519 3677/16/519 3671/16/519
f 1442/509/520 1446/510/520 1441/511/520
f 1443/512/521 1447/513/521 1442/509/521
f 1444/514/522 1448/515/522 1443/512/522
f 3676/16/523 1032/16/523 1445/16/523
f 1447/513/524 1450/516/524 1446/510/524
f 1448/515/525 1451/517/525 1447/513/525
f 1449/518/526 1452/519/526 1448/515/526
f 1451/517/527 1455/520/527 1450/516/527
f 1452/519/528 1456/521/528 1451/517/528
f 1453/522/529 1457/523/529 1452/519/529
f 1455/520/530 1460/524/530 1459/525/530
f 1456/521/531 1461/526/531 1460/524/531
f 1457/523/532 1462/527/532 1461/526/532
f 1459/525/533 1464/528/533 1463/529/533
f 1460/524/534 1465/530/534 1464/528/534
f 1461/526/535 1466/531/535 1465/530/535
f 1463/529/536 1468/532/536 1467/533/536
f 1464/528/537 1469/534/537 1468/532/537
f 1465/530/538 1470/535/538 1469/534/538
f 854/507/539 1442/509/539 855/508/539
f 853/506/540 1443/512/540 854/507/540
f 16/505/541 1444/514/541 853/506/541
f 248/536/542 1449/518/542 1444/514/542
f 247/537/543 1453/522/543 1449/518/543
f 246/538/544 1458/539/544 1453/522/544
f 1458/539/545 244/540/545 1462/527/545
f 1462/527/546 243/541/546 1466/531/546
f 1466/531/547 242/542/547 1470/535/547
f 1470/535/548 17/543/548 856/544/548
f 1469/534/549 856/544/549 857/545/549
f 1468/532/550 857/545/550 858/546/550
f 1467/533/551 858/546/551 859/547/551
f 1032/16/552 3676/16/552 3677/16/552
f 605/16/553 1445/16/553 1034/16/553
f 1472/548/554 1475/549/554 1471/550/554
f 1473/551/555 1476/552/555 1472/548/555
f 1474/553/556 1477/554/556 1473/551/556
f 865/16/557 1480/16/557 1498/16/557
f 1480/16/558 859/16/558 1471/16/558
f 1476/552/559 1481/555/559 1475/549/559
f 1477/554/560 1482/556/560 1476/552/560
f 1478/557/561 1483/558/561 1477/554/561
f 1480/16/562 1481/16/562 1485/16/562
f 1482/556/563 1485/559/563 1481/555/563
f 1483/558/564 1486/560/564 1482/556/564
f 1484/561/565 1487/562/565 1483/558/565
f 1485/559/566 1490/563/566 1489/564/566
f 1486/560/567 1491/565/567 1490/563/567
f 1487/562/568 1492/566/568 1491/565/568
f 1489/564/569 1495/567/569 1494/568/569
f 1490/563/570 1496/569/570 1495/567/570
f 1491/565/571 1497/570/571 1496/569/571
f 3676/16/572 606/16/572 1479/16/572
f 1494/568/573 1500/571/573 1499/572/573
f 1495/567/574 1501/573/574 1500/571/574
f 1496/569/575 1502/574/575 1501/573/575
f 3663/16/576 1480/16/576 3670/16/576
f 858/546/577 1471/550/577 859/547/577
f 857/545/578 1472/548/578 858/546/578
f 856/544/579 1473/551/579 857/545/579
f 17/543/580 1474/553/580 856/544/580
f 261/575/581 1478/557/581 1474/553/581
f 260/576/582 1484/561/582 1478/557/582
f 259/577/583 1488/578/583 1484/561/583
f 1488/578/584 257/579/584 1492/566/584
f 1492/566/585 256/580/585 1497/570/585
f 1497/570/586 255/581/586 1502/574/586
f 1502/574/587 18/582/587 860/583/587
f 1501/573/588 860/583/588 861/584/588
f 1500/571/589 861/584/589 862/585/589
f 1499/572/590 862/585/590 863/586/590
f 1498/587/591 863/586/591 864/588/591
f 1480/16/592 1489/16/592 1494/16/592
f 606/16/593 3676/16/593 605/16/593
f 1479/16/594 3668/16/594 604/16/594
f 1480/16/595 1463/16/595 1467/16/595
f 865/16/596 1498/16/596 864/16/596
f 3674/16/597 600/16/597 3672/16/597
f 1441/16/598 3665/16/598 1454/16/598
f 1504/589/599 1510/590/599 1503/591/599
f 1505/592/600 1511/593/600 1504/589/600
f 1506/594/601 1512/595/601 1505/592/601
f 1507/596/602 1513/597/602 1506/594/602
f 1508/16/603 1515/16/603 1521/16/603
f 1510/590/604 1515/598/604 1509/599/604
f 1511/593/605 1516/600/605 1510/590/605
f 1512/595/606 1517/601/606 1511/593/606
f 1513/597/607 1518/602/607 1512/595/607
f 1514/603/608 1519/604/608 1513/597/608
f 1516/600/609 1522/605/609 1515/598/609
f 1517/601/610 1523/606/610 1516/600/610
f 1518/602/611 1524/607/611 1517/601/611
f 1519/604/612 1525/608/612 1518/602/612
f 1520/609/613 1526/610/613 1519/604/613
f 1521/611/614 1529/612/614 1528/613/614
f 1522/605/615 1530/614/615 1529/612/615
f 1523/606/616 1531/615/616 1530/614/616
f 1524/607/617 1532/616/617 1531/615/617
f 1525/608/618 1533/617/618 1532/616/618
f 1526/610/619 1534/618/619 1533/617/619
f 1528/613/620 1536/619/620 1535/620/620
f 1529/612/621 1537/621/621 1536/619/621
f 1530/614/622 1538/622/622 1537/621/622
f 1531/615/623 1539/623/623 1538/622/623
f 1532/616/624 1540/624/624 1539/623/624
f 1533/617/625 1541/625/625 1540/624/625
f 1535/620/626 1543/626/626 1542/627/626
f 1536/619/627 1544/628/627 1543/626/627
f 1537/621/628 1545/629/628 1544/628/628
f 1538/622/629 1546/630/629 1545/629/629
f 1539/623/630 1547/631/630 1546/630/630
f 1540/624/631 1548/632/631 1547/631/631
f 62/16/632 3678/16/632 3675/16/632
f 865/16/633 1503/16/633 1509/16/633
f 863/586/634 1503/591/634 864/588/634
f 862/585/635 1504/589/635 863/586/635
f 861/584/636 1505/592/636 862/585/636
f 860/583/637 1506/594/637 861/584/637
f 18/582/638 1507/596/638 860/583/638
f 273/633/639 1514/603/639 1507/596/639
f 272/634/640 1520/609/640 1514/603/640
f 271/635/641 1527/636/641 1520/609/641
f 1527/636/642 269/637/642 1534/618/642
f 1534/618/643 268/638/643 1541/625/643
f 1541/625/644 267/639/644 1548/632/644
f 1548/632/645 19/640/645 866/641/645
f 1547/631/646 866/641/646 867/642/646
f 1546/630/647 867/642/647 868/643/647
f 1545/629/648 868/643/648 869/644/648
f 1544/628/649 869/644/649 870/645/649
f 1543/626/650 870/645/650 871/646/650
f 1542/627/651 871/646/651 872/647/651
f 1031/648/652 872/647/652 63/649/652
f 3648/16/653 1031/16/653 3661/16/653
f 3651/16/654 606/16/654 1508/16/654
f 1550/650/655 1556/651/655 1549/652/655
f 1551/653/656 1557/654/656 1550/650/656
f 1552/655/657 1558/656/657 1551/653/657
f 1553/657/658 1559/658/658 1552/655/658
f 1554/659/659 1560/660/659 1553/657/659
f 1555/661/660 1561/662/660 1554/659/660
f 1557/654/661 1563/663/661 1556/651/661
f 1558/656/662 1564/664/662 1557/654/662
f 1559/658/663 1565/665/663 1558/656/663
f 1560/660/664 1566/666/664 1559/658/664
f 1561/662/665 1567/667/665 1560/660/665
f 1562/668/666 1568/669/666 1561/662/666
f 1564/664/667 1570/670/667 1563/663/667
f 1565/665/668 1571/671/668 1564/664/668
f 1566/666/669 1572/672/669 1565/665/669
f 1567/667/670 1573/673/670 1566/666/670
f 1568/669/671 1574/674/671 1567/667/671
f 1569/675/672 1575/676/672 1568/669/672
f 1570/670/673 1578/677/673 1577/678/673
f 1571/671/674 1579/679/674 1578/677/674
f 1572/672/675 1580/680/675 1579/679/675
f 1573/673/676 1581/681/676 1580/680/676
f 1574/674/677 1582/682/677 1581/681/677
f 1575/676/678 1583/683/678 1582/682/678
f 1577/678/679 1585/684/679 1584/685/679
f 1578/677/680 1586/686/680 1585/684/680
f 1579/679/681 1587/687/681 1586/686/681
f 1580/680/682 1588/688/682 1587/687/682
f 1581/681/683 1589/689/683 1588/688/683
f 1582/682/684 1590/690/684 1589/689/684
f 1584/685/685 1592/691/685 1591/692/685
f 1585/684/686 1593/693/686 1592/691/686
f 1586/686/687 1594/694/687 1593/693/687
f 1587/687/688 1595/695/688 1594/694/688
f 1588/688/689 1596/696/689 1595/695/689
f 1589/689/690 1597/697/690 1596/696/690
f 872/647/691 1023/698/691 63/649/691
f 871/646/692 1549/652/692 872/647/692
f 870/645/693 1550/650/693 871/646/693
f 869/644/694 1551/653/694 870/645/694
f 868/643/695 1552/655/695 869/644/695
f 867/642/696 1553/657/696 868/643/696
f 866/641/697 1554/659/697 867/642/697
f 19/640/698 1555/661/698 866/641/698
f 286/699/699 1562/668/699 1555/661/699
f 285/700/700 1569/675/700 1562/668/700
f 284/701/701 1576/702/701 1569/675/701
f 1576/702/702 282/703/702 1583/683/702
f 1583/683/703 281/704/703 1590/690/703
f 1590/690/704 280/705/704 1597/697/704
f 1597/697/705 20/706/705 873/707/705
f 1596/696/706 873/707/706 874/708/706
f 1595/695/707 874/708/707 875/709/707
f 1594/694/708 875/709/708 876/710/708
f 1593/693/709 876/710/709 877/711/709
f 1592/691/710 877/711/710 878/712/710
f 1591/692/711 878/712/711 879/713/711
f 1029/714/712 879/713/712 64/715/712
f 1028/716/713 1591/692/713 1029/714/713
f 1027/717/714 1584/685/714 1028/716/714
f 1026/718/715 1577/678/715 1027/717/715
f 1563/663/716 1026/718/716 1025/719/716
f 1556/651/717 1025/719/717 1024/720/717
f 1549/652/718 1024/720/718 1023/698/718
f 1599/721/719 1605/722/719 1598/723/719
f 1600/724/720 1606/725/720 1599/721/720
f 1601/726/721 1607/727/721 1600/724/721
f 1602/728/722 1608/729/722 1601/726/722
f 1603/730/723 1609/731/723 1602/728/723
f 1604/732/724 1610/733/724 1603/730/724
f 1606/725/725 1612/734/725 1605/722/725
f 1607/727/726 1613/735/726 1606/725/726
f 1608/729/727 1614/736/727 1607/727/727
f 1609/731/728 1615/737/728 1608/729/728
f 1610/733/729 1616/738/729 1609/731/729
f 1611/739/730 1617/740/730 1610/733/730
f 1613/735/731 1619/741/731 1612/734/731
f 1614/736/732 1620/742/732 1613/735/732
f 1615/737/733 1621/743/733 1614/736/733
f 1616/738/734 1622/744/734 1615/737/734
f 1617/740/735 1623/745/735 1616/738/735
f 1618/746/736 1624/747/736 1617/740/736
f 1619/741/737 1627/748/737 1626/749/737
f 1620/742/738 1628/750/738 1627/748/738
f 1621/743/739 1629/751/739 1628/750/739
f 1622/744/740 1630/752/740 1629/751/740
f 1623/745/741 1631/753/741 1630/752/741
f 1624/747/742 1632/754/742 1631/753/742
f 1626/749/743 1634/755/743 1633/756/743
f 1627/748/744 1635/757/744 1634/755/744
f 1628/750/745 1636/758/745 1635/757/745
f 1629/751/746 1637/759/746 1636/758/746
f 1630/752/747 1638/760/747 1637/759/747
f 1631/753/748 1639/761/748 1638/760/748
f 1634/755/749 1640/762/749 1633/756/749
f 1634/755/750 1642/763/750 1641/764/750
f 1635/757/751 1643/765/751 1642/763/751
f 1636/758/752 1644/766/752 1643/765/752
f 1637/759/753 1645/767/753 1644/766/753
f 1638/760/754 1646/768/754 1645/767/754
f 879/713/755 1016/769/755 64/715/755
f 878/712/756 1598/723/756 879/713/756
f 877/711/757 1599/721/757 878/712/757
f 876/710/758 1600/724/758 877/711/758
f 875/709/759 1601/726/759 876/710/759
f 874/708/760 1602/728/760 875/709/760
f 873/707/761 1603/730/761 874/708/761
f 20/706/762 1604/732/762 873/707/762
f 304/770/763 1611/739/763 1604/732/763
f 303/771/764 1618/746/764 1611/739/764
f 302/772/765 1625/773/765 1618/746/765
f 1625/773/766 300/774/766 1632/754/766
f 1632/754/767 299/775/767 1639/761/767
f 1639/761/768 298/776/768 1646/768/768
f 1646/768/769 22/777/769 880/778/769
f 1645/767/770 880/778/770 881/779/770
f 1644/766/771 881/779/771 882/780/771
f 1643/765/772 882/780/772 883/781/772
f 1642/763/773 883/781/773 884/782/773
f 1642/763/774 885/783/774 1641/764/774
f 886/16/775 3565/16/775 885/16/775
f 886/16/776 3561/16/776 1640/16/776
f 1021/784/777 1640/762/777 1022/785/777
f 1020/786/778 1633/756/778 1021/784/778
f 1019/787/779 1626/749/779 1020/786/779
f 1612/734/780 1019/787/780 1018/788/780
f 1605/722/781 1018/788/781 1017/789/781
f 1598/723/782 1017/789/782 1016/769/782
f 1647/16/783 1648/16/783 1653/16/783
f 1649/790/784 1653/791/784 1648/792/784
f 1650/793/785 1654/794/785 1649/790/785
f 1651/795/786 1655/796/786 1650/793/786
f 1652/797/787 1656/798/787 1651/795/787
f 1654/794/788 1658/799/788 1653/791/788
f 1655/796/789 1659/800/789 1654/794/789
f 1656/798/790 1660/801/790 1655/796/790
f 1657/802/791 1661/803/791 1656/798/791
f 1659/800/792 1664/804/792 1658/799/792
f 1660/801/793 1665/805/793 1659/800/793
f 1661/803/794 1666/806/794 1660/801/794
f 1662/807/795 1667/808/795 1661/803/795
f 1665/805/796 1669/809/796 1664/804/796
f 1665/805/797 1671/810/797 1670/811/797
f 1666/806/798 1672/812/798 1671/810/798
f 1667/808/799 1673/813/799 1672/812/799
f 1706/16/800 1718/16/800 897/16/800
f 1669/809/801 1675/814/801 1674/815/801
f 1670/811/802 1676/816/802 1675/814/802
f 1671/810/803 1677/817/803 1676/816/803
f 1672/812/804 1678/818/804 1677/817/804
f 3604/16/805 3493/16/805 628/16/805
f 1674/815/806 1680/819/806 1679/820/806
f 1675/814/807 1681/821/807 1680/819/807
f 1676/816/808 1682/822/808 1681/821/808
f 1677/817/809 1683/823/809 1682/822/809
f 3527/16/810 3541/16/810 3536/16/810
f 884/782/811 1647/824/811 885/783/811
f 883/781/812 1648/792/812 884/782/812
f 882/780/813 1649/790/813 883/781/813
f 881/779/814 1650/793/814 882/780/814
f 880/778/815 1651/795/815 881/779/815
f 22/777/816 1652/797/816 880/778/816
f 325/825/817 1657/802/817 1652/797/817
f 324/826/818 1662/807/818 1657/802/818
f 323/827/819 1668/828/819 1662/807/819
f 1668/828/820 321/829/820 1673/813/820
f 1673/813/821 320/830/821 1678/818/821
f 1678/818/822 319/831/822 1683/823/822
f 1683/823/823 24/832/823 887/833/823
f 1682/822/824 887/833/824 888/834/824
f 1681/821/825 888/834/825 889/835/825
f 1680/819/826 889/835/826 890/836/826
f 1680/819/827 891/837/827 1679/820/827
f 1684/16/828 3537/16/828 3580/16/828
f 3540/16/829 891/16/829 1686/16/829
f 3547/16/830 1686/16/830 1691/16/830
f 1684/16/831 1706/16/831 1012/16/831
f 1687/838/832 1691/839/832 1686/840/832
f 1688/841/833 1692/842/833 1687/838/833
f 1689/843/834 1693/844/834 1688/841/834
f 1690/845/835 1694/846/835 1689/843/835
f 1685/16/836 1712/16/836 1706/16/836
f 1692/842/837 1696/847/837 1691/839/837
f 1693/844/838 1697/848/838 1692/842/838
f 1694/846/839 1698/849/839 1693/844/839
f 1695/850/840 1699/851/840 1694/846/840
f 65/16/841 886/16/841 1014/16/841
f 1697/848/842 1701/852/842 1696/847/842
f 1698/849/843 1702/853/843 1697/848/843
f 1699/851/844 1703/854/844 1698/849/844
f 1700/855/845 1704/856/845 1699/851/845
f 1022/16/846 3561/16/846 65/16/846
f 1701/852/847 1708/857/847 1707/858/847
f 1702/853/848 1709/859/848 1708/857/848
f 1703/854/849 1710/860/849 1709/859/849
f 1704/856/850 1711/861/850 1710/860/850
f 1706/16/851 1712/16/851 1718/16/851
f 1707/858/852 1714/862/852 1713/863/852
f 1708/857/853 1715/864/853 1714/862/853
f 1709/859/854 1716/865/854 1715/864/854
f 1710/860/855 1717/866/855 1716/865/855
f 1712/867/856 1719/868/856 1718/869/856
f 1713/863/857 1720/870/857 1719/868/857
f 1714/862/858 1721/871/858 1720/870/858
f 1715/864/859 1722/872/859 1721/871/859
f 1716/865/860 1723/873/860 1722/872/860
f 1647/16/861 1674/16/861 1679/16/861
f 1686/16/862 3547/16/862 3540/16/862
f 890/836/863 1686/840/863 891/837/863
f 889/835/864 1687/838/864 890/836/864
f 888/834/865 1688/841/865 889/835/865
f 887/833/866 1689/843/866 888/834/866
f 24/832/867 1690/845/867 887/833/867
f 346/874/868 1695/850/868 1690/845/868
f 345/875/869 1700/855/869 1695/850/869
f 344/876/870 1705/877/870 1700/855/870
f 1705/877/871 342/878/871 1711/861/871
f 1711/861/872 341/879/872 1717/866/872
f 1717/866/873 340/880/873 1723/873/873
f 1723/873/874 26/881/874 892/882/874
f 1722/872/875 892/882/875 893/883/875
f 1721/871/876 893/883/876 894/884/876
f 1720/870/877 894/884/877 895/885/877
f 1719/868/878 895/885/878 896/886/878
f 1718/869/879 896/886/879 897/887/879
f 1012/888/880 1706/889/880 1013/890/880
f 1011/16/881 3579/16/881 1684/16/881
f 1691/16/882 3569/16/882 3547/16/882
f 1725/891/883 1731/892/883 1724/893/883
f 1726/894/884 1732/895/884 1725/891/884
f 1727/896/885 1733/897/885 1726/894/885
f 1728/898/886 1734/899/886 1727/896/886
f 1729/900/887 1735/901/887 1728/898/887
f 1730/902/888 1736/903/888 1729/900/888
f 1732/895/889 1738/904/889 1731/892/889
f 1733/897/890 1739/905/890 1732/895/890
f 1734/899/891 1740/906/891 1733/897/891
f 1735/901/892 1741/907/892 1734/899/892
f 1736/903/893 1742/908/893 1735/901/893
f 1737/909/894 1743/910/894 1736/903/894
f 1739/905/895 1745/911/895 1738/904/895
f 1739/905/896 1747/912/896 1746/913/896
f 1740/906/897 1748/914/897 1747/912/897
f 1742/908/898 1748/914/898 1741/907/898
f 1743/910/899 1749/915/899 1742/908/899
f 1744/916/900 1750/917/900 1743/910/900
f 1745/911/901 1753/918/901 1752/919/901
f 1746/913/902 1754/920/902 1753/918/902
f 1747/912/903 1755/921/903 1754/920/903
f 1748/914/904 1756/922/904 1755/921/904
f 1749/915/905 1757/923/905 1756/922/905
f 1750/917/906 1758/924/906 1757/923/906
f 1752/919/907 1760/925/907 1759/926/907
f 1753/918/908 1761/927/908 1760/925/908
f 1754/920/909 1762/928/909 1761/927/909
f 1755/921/910 1763/929/910 1762/928/910
f 1756/922/911 1764/930/911 1763/929/911
f 1757/923/912 1765/931/912 1764/930/912
f 1759/926/913 1767/932/913 1766/933/913
f 1760/925/914 1768/934/914 1767/932/914
f 1761/927/915 1769/935/915 1768/934/915
f 1762/928/916 1770/936/916 1769/935/916
f 1763/929/917 1771/937/917 1770/936/917
f 1764/930/918 1772/938/918 1771/937/918
f 898/939/919 1004/940/919 66/941/919
f 897/887/920 1724/893/920 898/939/920
f 897/887/921 1726/894/921 1725/891/921
f 896/886/922 1727/896/922 1726/894/922
f 894/884/923 1727/896/923 895/885/923
f 893/883/924 1728/898/924 894/884/924
f 892/882/925 1729/900/925 893/883/925
f 26/881/926 1730/902/926 892/882/926
f 367/942/927 1737/909/927 1730/902/927
f 366/943/928 1744/916/928 1737/909/928
f 365/944/929 1751/945/929 1744/916/929
f 1751/945/930 363/946/930 1758/924/930
f 1758/924/931 362/947/931 1765/931/931
f 1765/931/932 361/948/932 1772/938/932
f 1772/938/933 28/949/933 899/950/933
f 1771/937/934 899/950/934 900/951/934
f 1770/936/935 900/951/935 901/952/935
f 1769/935/936 901/952/936 902/953/936
f 1768/934/937 902/953/937 903/954/937
f 1767/932/938 903/954/938 904/955/938
f 1766/933/939 904/955/939 905/956/939
f 1010/957/940 905/956/940 67/958/940
f 1009/959/941 1766/933/941 1010/957/941
f 1008/960/942 1759/926/942 1009/959/942
f 1007/961/943 1752/919/943 1008/960/943
f 1738/904/944 1007/961/944 1006/962/944
f 1731/892/945 1006/962/945 1005/963/945
f 1724/893/946 1005/963/946 1004/940/946
f 1774/964/947 1780/965/947 1773/966/947
f 1775/967/948 1781/968/948 1774/964/948
f 1776/969/949 1782/970/949 1775/967/949
f 1777/971/950 1783/972/950 1776/969/950
f 1778/973/951 1784/974/951 1777/971/951
f 1779/975/952 1785/976/952 1778/973/952
f 1781/968/953 1787/977/953 1780/965/953
f 1782/970/954 1788/978/954 1781/968/954
f 1783/972/955 1789/979/955 1782/970/955
f 1784/974/956 1790/980/956 1783/972/956
f 1785/976/957 1791/981/957 1784/974/957
f 1786/982/958 1792/983/958 1785/976/958
f 1788/978/959 1794/984/959 1787/977/959
f 1789/979/960 1795/985/960 1788/978/960
f 1790/980/961 1796/986/961 1789/979/961
f 1791/981/962 1797/987/962 1790/980/962
f 1792/983/963 1798/988/963 1791/981/963
f 1793/989/964 1799/990/964 1792/983/964
f 1794/984/965 1802/991/965 1801/992/965
f 1795/985/966 1803/993/966 1802/991/966
f 1796/986/967 1804/994/967 1803/993/967
f 1797/987/968 1805/995/968 1804/994/968
f 1798/988/969 1806/996/969 1805/995/969
f 1799/990/970 1807/997/970 1806/996/970
f 1801/992/971 1809/998/971 1808/999/971
f 1802/991/972 1810/1000/972 1809/998/972
f 1803/993/973 1811/1001/973 1810/1000/973
f 1804/994/974 1812/1002/974 1811/1001/974
f 1805/995/975 1813/1003/975 1812/1002/975
f 1806/996/976 1814/1004/976 1813/1003/976
f 1808/999/977 1816/1005/977 1815/1006/977
f 1809/998/978 1817/1007/978 1816/1005/978
f 1810/1000/979 1818/1008/979 1817/1007/979
f 1811/1001/980 1819/1009/980 1818/1008/980
f 1812/1002/981 1820/1010/981 1819/1009/981
f 1813/1003/982 1821/1011/982 1820/1010/982
f 905/956/983 997/1012/983 67/958/983
f 904/955/984 1773/966/984 905/956/984
f 903/954/985 1774/964/985 904/955/985
f 902/953/986 1775/967/986 903/954/986
f 901/952/987 1776/969/987 902/953/987
f 900/951/988 1777/971/988 901/952/988
f 899/950/989 1778/973/989 900/951/989
f 28/949/990 1779/975/990 899/950/990
f 388/1013/991 1786/982/991 1779/975/991
f 387/1014/992 1793/989/992 1786/982/992
f 386/1015/993 1800/1016/993 1793/989/993
f 1800/1016/994 384/1017/994 1807/997/994
f 1807/997/995 383/1018/995 1814/1004/995
f 1814/1004/996 382/1019/996 1821/1011/996
f 1821/1011/997 30/1020/997 906/1021/997
f 1820/1010/998 906/1021/998 907/1022/998
f 1819/1009/999 907/1022/999 908/1023/999
f 1818/1008/1000 908/1023/1000 909/1024/1000
f 1817/1007/1001 909/1024/1001 910/1025/1001
f 1816/1005/1002 910/1025/1002 911/1026/1002
f 1815/1006/1003 911/1026/1003 912/1027/1003
f 1003/1028/1004 912/1027/1004 68/1029/1004
f 1002/1030/1005 1815/1006/1005 1003/1028/1005
f 1001/1031/1006 1808/999/1006 1002/1030/1006
f 1000/1032/1007 1801/992/1007 1001/1031/1007
f 1787/977/1008 1000/1032/1008 999/1033/1008
f 1780/965/1009 999/1033/1009 998/1034/1009
f 1773/966/1010 998/1034/1010 997/1012/1010
f 1823/1035/1011 1829/1036/1011 1822/1037/1011
f 1824/1038/1012 1830/1039/1012 1823/1035/1012
f 1825/1040/1013 1831/1041/1013 1824/1038/1013
f 1826/1042/1014 1832/1043/1014 1825/1040/1014
f 1827/1044/1015 1833/1045/1015 1826/1042/1015
f 1828/1046/1016 1834/1047/1016 1827/1044/1016
f 1830/1039/1017 1836/1048/1017 1829/1036/1017
f 1831/1041/1018 1837/1049/1018 1830/1039/1018
f 1832/1043/1019 1838/1050/1019 1831/1041/1019
f 1833/1045/1020 1839/1051/1020 1832/1043/1020
f 1834/1047/1021 1840/1052/1021 1833/1045/1021
f 1835/1053/1022 1841/1054/1022 1834/1047/1022
f 1837/1049/1023 1843/1055/1023 1836/1048/1023
f 1838/1050/1024 1844/1056/1024 1837/1049/1024
f 1839/1051/1025 1845/1057/1025 1838/1050/1025
f 1840/1052/1026 1846/1058/1026 1839/1051/1026
f 1841/1054/1027 1847/1059/1027 1840/1052/1027
f 1842/1060/1028 1848/1061/1028 1841/1054/1028
f 1843/1055/1029 1851/1062/1029 1850/1063/1029
f 1844/1056/1030 1852/1064/1030 1851/1062/1030
f 1845/1057/1031 1853/1065/1031 1852/1064/1031
f 1846/1058/1032 1854/1066/1032 1853/1065/1032
f 1847/1059/1033 1855/1067/1033 1854/1066/1033
f 1848/1061/1034 1856/1068/1034 1855/1067/1034
f 1850/1063/1035 1858/1069/1035 1857/1070/1035
f 1851/1062/1036 1859/1071/1036 1858/1069/1036
f 1852/1064/1037 1860/1072/1037 1859/1071/1037
f 1853/1065/1038 1861/1073/1038 1860/1072/1038
f 1854/1066/1039 1862/1074/1039 1861/1073/1039
f 1855/1067/1040 1863/1075/1040 1862/1074/1040
f 1857/1070/1041 1865/1076/1041 1864/1077/1041
f 1858/1069/1042 1866/1078/1042 1865/1076/1042
f 1859/1071/1043 1867/1079/1043 1866/1078/1043
f 1860/1072/1044 1868/1080/1044 1867/1079/1044
f 1861/1073/1045 1869/1081/1045 1868/1080/1045
f 1862/1074/1046 1870/1082/1046 1869/1081/1046
f 912/1027/1047 990/1083/1047 68/1029/1047
f 911/1026/1048 1822/1037/1048 912/1027/1048
f 910/1025/1049 1823/1035/1049 911/1026/1049
f 909/1024/1050 1824/1038/1050 910/1025/1050
f 908/1023/1051 1825/1040/1051 909/1024/1051
f 907/1022/1052 1826/1042/1052 908/1023/1052
f 906/1021/1053 1827/1044/1053 907/1022/1053
f 30/1020/1054 1828/1046/1054 906/1021/1054
f 409/1084/1055 1835/1053/1055 1828/1046/1055
f 408/1085/1056 1842/1060/1056 1835/1053/1056
f 407/1086/1057 1849/1087/1057 1842/1060/1057
f 1849/1087/1058 405/1088/1058 1856/1068/1058
f 1856/1068/1059 404/1089/1059 1863/1075/1059
f 1863/1075/1060 403/1090/1060 1870/1082/1060
f 1870/1082/1061 32/1091/1061 913/1092/1061
f 1869/1081/1062 913/1092/1062 914/1093/1062
f 1868/1080/1063 914/1093/1063 915/1094/1063
f 1867/1079/1064 915/1094/1064 916/1095/1064
f 1866/1078/1065 916/1095/1065 917/1096/1065
f 1865/1076/1066 917/1096/1066 918/1097/1066
f 1864/1077/1067 918/1097/1067 919/1098/1067
f 996/1099/1068 919/1098/1068 69/1100/1068
f 995/1101/1069 1864/1077/1069 996/1099/1069
f 994/1102/1070 1857/1070/1070 995/1101/1070
f 993/1103/1071 1850/1063/1071 994/1102/1071
f 1836/1048/1072 993/1103/1072 992/1104/1072
f 1829/1036/1073 992/1104/1073 991/1105/1073
f 1822/1037/1074 991/1105/1074 990/1083/1074
f 1872/1106/1075 1878/1107/1075 1871/1108/1075
f 1873/1109/1076 1879/1110/1076 1872/1106/1076
f 1874/1111/1077 1880/1112/1077 1873/1109/1077
f 1875/1113/1078 1881/1114/1078 1874/1111/1078
f 1876/1115/1079 1882/1116/1079 1875/1113/1079
f 1877/1117/1080 1883/1118/1080 1876/1115/1080
f 1879/1110/1081 1885/1119/1081 1878/1107/1081
f 1880/1112/1082 1886/1120/1082 1879/1110/1082
f 1881/1114/1083 1887/1121/1083 1880/1112/1083
f 1882/1116/1084 1888/1122/1084 1881/1114/1084
f 1883/1118/1085 1889/1123/1085 1882/1116/1085
f 1884/1124/1086 1890/1125/1086 1883/1118/1086
f 1886/1120/1087 1892/1126/1087 1885/1119/1087
f 1887/1121/1088 1893/1127/1088 1886/1120/1088
f 1888/1122/1089 1894/1128/1089 1887/1121/1089
f 1889/1123/1090 1895/1129/1090 1888/1122/1090
f 1890/1125/1091 1896/1130/1091 1889/1123/1091
f 1891/1131/1092 1897/1132/1092 1890/1125/1092
f 1892/1126/1093 1900/1133/1093 1899/1134/1093
f 1893/1127/1094 1901/1135/1094 1900/1133/1094
f 1894/1128/1095 1902/1136/1095 1901/1135/1095
f 1895/1129/1096 1903/1137/1096 1902/1136/1096
f 1896/1130/1097 1904/1138/1097 1903/1137/1097
f 1897/1132/1098 1905/1139/1098 1904/1138/1098
f 1899/1134/1099 1907/1140/1099 1906/1141/1099
f 1900/1133/1100 1908/1142/1100 1907/1140/1100
f 1901/1135/1101 1909/1143/1101 1908/1142/1101
f 1902/1136/1102 1910/1144/1102 1909/1143/1102
f 1903/1137/1103 1911/1145/1103 1910/1144/1103
f 1904/1138/1104 1912/1146/1104 1911/1145/1104
f 1906/1141/1105 1914/1147/1105 1913/1148/1105
f 1907/1140/1106 1915/1149/1106 1914/1147/1106
f 1908/1142/1107 1916/1150/1107 1915/1149/1107
f 1909/1143/1108 1917/1151/1108 1916/1150/1108
f 1910/1144/1109 1918/1152/1109 1917/1151/1109
f 1911/1145/1110 1919/1153/1110 1918/1152/1110
f 919/1098/1111 987/1154/1111 69/1100/1111
f 918/1097/1112 1871/1108/1112 919/1098/1112
f 917/1096/1113 1872/1106/1113 918/1097/1113
f 916/1095/1114 1873/1109/1114 917/1096/1114
f 915/1094/1115 1874/1111/1115 916/1095/1115
f 914/1093/1116 1875/1113/1116 915/1094/1116
f 913/1092/1117 1876/1115/1117 914/1093/1117
f 32/1091/1118 1877/1117/1118 913/1092/1118
f 430/1155/1119 1884/1124/1119 1877/1117/1119
f 429/1156/1120 1891/1131/1120 1884/1124/1120
f 428/1157/1121 1898/1158/1121 1891/1131/1121
f 1898/1158/1122 426/1159/1122 1905/1139/1122
f 1905/1139/1123 425/1160/1123 1912/1146/1123
f 1912/1146/1124 424/1161/1124 1919/1153/1124
f 1919/1153/1125 34/1162/1125 920/1163/1125
f 1918/1152/1126 920/1163/1126 921/1164/1126
f 1917/1151/1127 921/1164/1127 922/1165/1127
f 1916/1150/1128 922/1165/1128 923/1166/1128
f 1915/1149/1129 923/1166/1129 924/1167/1129
f 1914/1147/1130 924/1167/1130 925/1168/1130
f 1913/1148/1131 925/1168/1131 926/1169/1131
f 989/16/1132 926/16/1132 983/16/1132
f 658/16/1133 69/16/1133 987/16/1133
f 988/16/1134 1906/16/1134 1913/16/1134
f 988/16/1135 1892/16/1135 1899/16/1135
f 987/16/1136 988/16/1136 3400/16/1136
f 1921/1170/1137 1927/1171/1137 1920/1172/1137
f 1922/1173/1138 1928/1174/1138 1921/1170/1138
f 1923/1175/1139 1929/1176/1139 1922/1173/1139
f 1924/1177/1140 1930/1178/1140 1923/1175/1140
f 1925/1179/1141 1931/1180/1141 1924/1177/1141
f 1926/1181/1142 1932/1182/1142 1925/1179/1142
f 1928/1174/1143 1934/1183/1143 1927/1171/1143
f 1929/1176/1144 1935/1184/1144 1928/1174/1144
f 1930/1178/1145 1936/1185/1145 1929/1176/1145
f 1931/1180/1146 1937/1186/1146 1930/1178/1146
f 1932/1182/1147 1938/1187/1147 1931/1180/1147
f 1933/1188/1148 1939/1189/1148 1932/1182/1148
f 1935/1184/1149 1941/1190/1149 1934/1183/1149
f 1936/1185/1150 1942/1191/1150 1935/1184/1150
f 1937/1186/1151 1943/1192/1151 1936/1185/1151
f 1938/1187/1152 1944/1193/1152 1937/1186/1152
f 1939/1189/1153 1945/1194/1153 1938/1187/1153
f 1940/1195/1154 1946/1196/1154 1939/1189/1154
f 1941/1190/1155 1949/1197/1155 1948/1198/1155
f 1942/1191/1156 1950/1199/1156 1949/1197/1156
f 1943/1192/1157 1951/1200/1157 1950/1199/1157
f 1944/1193/1158 1952/1201/1158 1951/1200/1158
f 1945/1194/1159 1953/1202/1159 1952/1201/1159
f 1946/1196/1160 1954/1203/1160 1953/1202/1160
f 1948/1198/1161 1956/1204/1161 1955/1205/1161
f 1949/1197/1162 1957/1206/1162 1956/1204/1162
f 1950/1199/1163 1958/1207/1163 1957/1206/1163
f 1951/1200/1164 1959/1208/1164 1958/1207/1164
f 1952/1201/1165 1960/1209/1165 1959/1208/1165
f 1953/1202/1166 1961/1210/1166 1960/1209/1166
f 1955/1205/1167 1963/1211/1167 1962/1212/1167
f 1956/1204/1168 1964/1213/1168 1963/1211/1168
f 1957/1206/1169 1965/1214/1169 1964/1213/1169
f 1958/1207/1170 1966/1215/1170 1965/1214/1170
f 1959/1208/1171 1967/1216/1171 1966/1215/1171
f 1960/1209/1172 1968/1217/1172 1967/1216/1172
f 925/1168/1173 1920/1172/1173 926/1169/1173
f 924/1167/1174 1921/1170/1174 925/1168/1174
f 923/1166/1175 1922/1173/1175 924/1167/1175
f 922/1165/1176 1923/1175/1176 923/1166/1176
f 921/1164/1177 1924/1177/1177 922/1165/1177
f 920/1163/1178 1925/1179/1178 921/1164/1178
f 34/1162/1179 1926/1181/1179 920/1163/1179
f 451/1218/1180 1933/1188/1180 1926/1181/1180
f 450/1219/1181 1940/1195/1181 1933/1188/1181
f 449/1220/1182 1947/1221/1182 1940/1195/1182
f 1947/1221/1183 447/1222/1183 1954/1203/1183
f 1954/1203/1184 446/1223/1184 1961/1210/1184
f 1961/1210/1185 445/1224/1185 1968/1217/1185
f 1968/1217/1186 36/1225/1186 927/1226/1186
f 1967/1216/1187 927/1226/1187 928/1227/1187
f 1966/1215/1188 928/1227/1188 929/1228/1188
f 1965/1214/1189 929/1228/1189 930/1229/1189
f 1964/1213/1190 930/1229/1190 931/1230/1190
f 1963/1211/1191 931/1230/1191 932/1231/1191
f 1962/1212/1192 932/1231/1192 933/1232/1192
f 986/16/1193 933/16/1193 981/16/1193
f 985/1233/1194 1962/1212/1194 986/1234/1194
f 984/1235/1195 1955/1205/1195 985/1233/1195
f 983/16/1196 1934/16/1196 1941/16/1196
f 983/16/1197 984/16/1197 3386/16/1197
f 1970/1236/1198 1976/1237/1198 1969/1238/1198
f 1971/1239/1199 1977/1240/1199 1970/1236/1199
f 1972/1241/1200 1978/1242/1200 1971/1239/1200
f 1973/1243/1201 1979/1244/1201 1972/1241/1201
f 1974/1245/1202 1980/1246/1202 1973/1243/1202
f 1975/1247/1203 1981/1248/1203 1974/1245/1203
f 1977/1240/1204 1983/1249/1204 1976/1237/1204
f 1978/1242/1205 1984/1250/1205 1977/1240/1205
f 1979/1244/1206 1985/1251/1206 1978/1242/1206
f 1980/1246/1207 1986/1252/1207 1979/1244/1207
f 1981/1248/1208 1987/1253/1208 1980/1246/1208
f 1982/1254/1209 1988/1255/1209 1981/1248/1209
f 1984/1250/1210 1990/1256/1210 1983/1249/1210
f 1985/1251/1211 1991/1257/1211 1984/1250/1211
f 1986/1252/1212 1992/1258/1212 1985/1251/1212
f 1987/1253/1213 1993/1259/1213 1986/1252/1213
f 1988/1255/1214 1994/1260/1214 1987/1253/1214
f 1989/1261/1215 1995/1262/1215 1988/1255/1215
f 1990/1256/1216 1998/1263/1216 1997/1264/1216
f 1991/1257/1217 1999/1265/1217 1998/1263/1217
f 1992/1258/1218 2000/1266/1218 1999/1265/1218
f 1993/1259/1219 2001/1267/1219 2000/1266/1219
f 1994/1260/1220 2002/1268/1220 2001/1267/1220
f 1995/1262/1221 2003/1269/1221 2002/1268/1221
f 1997/1264/1222 2005/1270/1222 2004/1271/1222
f 1998/1263/1223 2006/1272/1223 2005/1270/1223
f 1999/1265/1224 2007/1273/1224 2006/1272/1224
f 2000/1266/1225 2008/1274/1225 2007/1273/1225
f 2001/1267/1226 2009/1275/1226 2008/1274/1226
f 2002/1268/1227 2010/1276/1227 2009/1275/1227
f 2004/1271/1228 2012/1277/1228 2011/1278/1228
f 2005/1270/1229 2013/1279/1229 2012/1277/1229
f 2006/1272/1230 2014/1280/1230 2013/1279/1230
f 2007/1273/1231 2015/1281/1231 2014/1280/1231
f 2008/1274/1232 2016/1282/1232 2015/1281/1232
f 2009/1275/1233 2017/1283/1233 2016/1282/1233
f 932/1231/1234 1969/1238/1234 933/1232/1234
f 931/1230/1235 1970/1236/1235 932/1231/1235
f 930/1229/1236 1971/1239/1236 931/1230/1236
f 929/1228/1237 1972/1241/1237 930/1229/1237
f 928/1227/1238 1973/1243/1238 929/1228/1238
f 927/1226/1239 1974/1245/1239 928/1227/1239
f 36/1225/1240 1975/1247/1240 927/1226/1240
f 471/1284/1241 1982/1254/1241 1975/1247/1241
f 470/1285/1242 1989/1261/1242 1982/1254/1242
f 469/1286/1243 1996/1287/1243 1989/1261/1243
f 1996/1287/1244 467/1288/1244 2003/1269/1244
f 2003/1269/1245 466/1289/1245 2010/1276/1245
f 2010/1276/1246 465/1290/1246 2017/1283/1246
f 2017/1283/1247 38/1291/1247 934/1292/1247
f 2016/1282/1248 934/1292/1248 935/1293/1248
f 2015/1281/1249 935/1293/1249 936/1294/1249
f 2014/1280/1250 936/1294/1250 937/1295/1250
f 2013/1279/1251 937/1295/1251 938/1296/1251
f 2012/1277/1252 938/1296/1252 939/1297/1252
f 2011/1278/1253 939/1297/1253 940/1298/1253
f 982/16/1254 2004/16/1254 2011/16/1254
f 981/16/1255 1983/16/1255 1990/16/1255
f 2019/1299/1256 2024/1300/1256 2018/1301/1256
f 2020/1302/1257 2025/1303/1257 2019/1299/1257
f 2021/1304/1258 2026/1305/1258 2020/1302/1258
f 2022/1306/1259 2027/1307/1259 2021/1304/1259
f 2023/1308/1260 2028/1309/1260 2022/1306/1260
f 2025/1303/1261 2030/1310/1261 2024/1300/1261
f 2026/1305/1262 2031/1311/1262 2025/1303/1262
f 2027/1307/1263 2032/1312/1263 2026/1305/1263
f 2028/1309/1264 2033/1313/1264 2027/1307/1264
f 2029/1314/1265 2034/1315/1265 2028/1309/1265
f 940/16/1266 2043/16/1266 2049/16/1266
f 2031/1311/1267 2037/1316/1267 2030/1310/1267
f 2032/1312/1268 2038/1317/1268 2031/1311/1268
f 2033/1313/1269 2039/1318/1269 2032/1312/1269
f 2034/1315/1270 2040/1319/1270 2033/1313/1270
f 2035/1320/1271 2041/1321/1271 2034/1315/1271
f 2037/1316/1272 2044/1322/1272 2043/1323/1272
f 2038/1317/1273 2045/1324/1273 2044/1322/1273
f 2039/1318/1274 2046/1325/1274 2045/1324/1274
f 2040/1319/1275 2047/1326/1275 2046/1325/1275
f 2041/1321/1276 2048/1327/1276 2047/1326/1276
f 2036/16/1277 675/16/1277 982/16/1277
f 2043/1323/1278 2050/1328/1278 2049/1329/1278
f 2044/1322/1279 2051/1330/1279 2050/1328/1279
f 2045/1324/1280 2052/1331/1280 2051/1330/1280
f 2046/1325/1281 2053/1332/1281 2052/1331/1281
f 2047/1326/1282 2054/1333/1282 2053/1332/1282
f 2077/16/1283 978/16/1283 979/16/1283
f 2049/1329/1284 2056/1334/1284 2055/1335/1284
f 2050/1328/1285 2057/1336/1285 2056/1334/1285
f 2051/1330/1286 2058/1337/1286 2057/1336/1286
f 2052/1331/1287 2059/1338/1287 2058/1337/1287
f 2053/1332/1288 2060/1339/1288 2059/1338/1288
f 940/16/1289 2037/16/1289 2043/16/1289
f 938/1296/1290 2018/1301/1290 939/1297/1290
f 937/1295/1291 2019/1299/1291 938/1296/1291
f 936/1294/1292 2020/1302/1292 937/1295/1292
f 935/1293/1293 2021/1304/1293 936/1294/1293
f 934/1292/1294 2022/1306/1294 935/1293/1294
f 38/1291/1295 2023/1308/1295 934/1292/1295
f 487/1340/1296 2029/1314/1296 2023/1308/1296
f 486/1341/1297 2035/1320/1297 2029/1314/1297
f 485/1342/1298 2042/1343/1298 2035/1320/1298
f 2042/1343/1299 483/1344/1299 2048/1327/1299
f 2048/1327/1300 482/1345/1300 2054/1333/1300
f 2054/1333/1301 481/1346/1301 2060/1339/1301
f 2060/1339/1302 39/1347/1302 941/1348/1302
f 2059/1338/1303 941/1348/1303 942/1349/1303
f 2058/1337/1304 942/1349/1304 943/1350/1304
f 2057/1336/1305 943/1350/1305 944/1351/1305
f 2056/1334/1306 944/1351/1306 945/1352/1306
f 2055/1335/1307 945/1352/1307 946/1353/1307
f 3378/16/1308 676/16/1308 677/16/1308
f 2061/16/1309 2078/16/1309 2083/16/1309
f 2063/1354/1310 2067/1355/1310 2062/1356/1310
f 2064/1357/1311 2068/1358/1311 2063/1354/1311
f 2065/1359/1312 2069/1360/1312 2064/1357/1312
f 2066/1361/1313 2070/1362/1313 2065/1359/1313
f 2068/1358/1314 2072/1363/1314 2067/1355/1314
f 2069/1360/1315 2073/1364/1315 2068/1358/1315
f 2070/1362/1316 2074/1365/1316 2069/1360/1316
f 2071/1366/1317 2075/1367/1317 2070/1362/1317
f 2073/1364/1318 2078/1368/1318 2072/1363/1318
f 2074/1365/1319 2079/1369/1319 2073/1364/1319
f 2075/1367/1320 2080/1370/1320 2074/1365/1320
f 2076/1371/1321 2081/1372/1321 2075/1367/1321
f 2061/16/1322 2093/16/1322 951/16/1322
f 2078/1368/1323 2084/1373/1323 2083/1374/1323
f 2079/1369/1324 2085/1375/1324 2084/1373/1324
f 2080/1370/1325 2086/1376/1325 2085/1375/1325
f 2081/1372/1326 2087/1377/1326 2086/1376/1326
f 2083/1374/1327 2089/1378/1327 2088/1379/1327
f 2084/1373/1328 2090/1380/1328 2089/1378/1328
f 2085/1375/1329 2091/1381/1329 2090/1380/1329
f 2086/1376/1330 2092/1382/1330 2091/1381/1330
f 2077/16/1331 70/16/1331 980/16/1331
f 2088/1379/1332 2094/1383/1332 2093/1384/1332
f 2089/1378/1333 2095/1385/1333 2094/1383/1333
f 2090/1380/1334 2096/1386/1334 2095/1385/1334
f 2091/1381/1335 2097/1387/1335 2096/1386/1335
f 945/1352/1336 2061/1388/1336 946/1353/1336
f 944/1351/1337 2062/1356/1337 945/1352/1337
f 943/1350/1338 2063/1354/1338 944/1351/1338
f 942/1349/1339 2064/1357/1339 943/1350/1339
f 941/1348/1340 2065/1359/1340 942/1349/1340
f 39/1347/1341 2066/1361/1341 941/1348/1341
f 496/1389/1342 2071/1366/1342 2066/1361/1342
f 495/1390/1343 2076/1371/1343 2071/1366/1343
f 494/1391/1344 2082/1392/1344 2076/1371/1344
f 2082/1392/1345 492/1393/1345 2087/1377/1345
f 2087/1377/1346 491/1394/1346 2092/1382/1346
f 2092/1382/1347 490/1395/1347 2097/1387/1347
f 2097/1387/1348 40/1396/1348 947/1397/1348
f 2096/1386/1349 947/1397/1349 948/1398/1349
f 2095/1385/1350 948/1398/1350 949/1399/1350
f 2094/1383/1351 949/1399/1351 950/1400/1351
f 2093/1384/1352 950/1400/1352 951/1401/1352
f 3350/16/1353 3355/16/1353 3357/16/1353
f 980/16/1354 70/16/1354 680/16/1354
f 940/16/1355 977/16/1355 979/16/1355
f 3353/16/1356 3347/16/1356 3349/16/1356
f 978/16/1357 980/16/1357 3364/16/1357
f 2098/16/1358 2099/16/1358 956/16/1358
f 2099/16/1359 2105/16/1359 2110/16/1359
f 2101/1402/1360 2105/1403/1360 2100/1404/1360
f 2102/1405/1361 2106/1406/1361 2101/1402/1361
f 2103/1407/1362 2107/1408/1362 2102/1405/1362
f 2104/1409/1363 2108/1410/1363 2103/1407/1363
f 2672/16/1364 2681/16/1364 2680/16/1364
f 2106/1406/1365 2110/1411/1365 2105/1403/1365
f 2107/1408/1366 2111/1412/1366 2106/1406/1366
f 2108/1410/1367 2112/1413/1367 2107/1408/1367
f 2109/1414/1368 2113/1415/1368 2108/1410/1368
f 2111/1412/1369 2115/1416/1369 2110/1411/1369
f 2112/1413/1370 2116/1417/1370 2111/1412/1370
f 2113/1415/1371 2117/1418/1371 2112/1413/1371
f 2114/1419/1372 2118/1420/1372 2113/1415/1372
f 2158/16/1373 3321/16/1373 685/16/1373
f 2115/1416/1374 2121/1421/1374 2120/1422/1374
f 2116/1417/1375 2122/1423/1375 2121/1421/1375
f 2117/1418/1376 2123/1424/1376 2122/1423/1376
f 2118/1420/1377 2124/1425/1377 2123/1424/1377
f 2120/16/1378 2125/16/1378 2129/16/1378
f 2121/1421/1379 2126/1426/1379 2125/1427/1379
f 2122/1423/1380 2127/1428/1380 2126/1426/1380
f 2123/1424/1381 2128/1429/1381 2127/1428/1381
f 2125/1427/1382 2130/1430/1382 2129/1431/1382
f 2126/1426/1383 2131/1432/1383 2130/1430/1383
f 2127/1428/1384 2132/1433/1384 2131/1432/1384
f 2077/16/1385 977/16/1385 2061/16/1385
f 950/1400/1386 2100/1404/1386 951/1401/1386
f 949/1399/1387 2101/1402/1387 950/1400/1387
f 948/1398/1388 2102/1405/1388 949/1399/1388
f 947/1397/1389 2103/1407/1389 948/1398/1389
f 40/1396/1390 2104/1409/1390 947/1397/1390
f 508/1434/1391 2109/1414/1391 2104/1409/1391
f 507/1435/1392 2114/1419/1392 2109/1414/1392
f 506/1436/1393 2119/1437/1393 2114/1419/1393
f 2119/1437/1394 504/1438/1394 2124/1425/1394
f 2124/1425/1395 503/1439/1395 2128/1429/1395
f 2128/1429/1396 502/1440/1396 2132/1433/1396
f 2132/1433/1397 41/1441/1397 952/1442/1397
f 2131/1432/1398 952/1442/1398 953/1443/1398
f 2130/1430/1399 953/1443/1399 954/1444/1399
f 2129/1431/1400 954/1444/1400 955/1445/1400
f 3332/16/1401 698/16/1401 697/16/1401
f 3350/16/1402 3334/16/1402 3338/16/1402
f 3337/16/1403 975/16/1403 2137/16/1403
f 2134/1446/1404 2140/1447/1404 2133/1448/1404
f 2135/1449/1405 2141/1450/1405 2134/1446/1405
f 2136/1451/1406 2142/1452/1406 2135/1449/1406
f 3325/16/1407 3308/16/1407 686/16/1407
f 2139/16/1408 2154/16/1408 2159/16/1408
f 2141/1450/1409 2145/1453/1409 2140/1447/1409
f 2142/1452/1410 2146/1454/1410 2141/1450/1410
f 2143/1455/1411 2147/1456/1411 2142/1452/1411
f 3337/16/1412 2137/16/1412 2153/16/1412
f 2146/1454/1413 2149/1457/1413 2145/1453/1413
f 2147/1456/1414 2150/1458/1414 2146/1454/1414
f 2148/1459/1415 2151/1460/1415 2147/1456/1415
f 2139/16/1416 2163/16/1416 961/16/1416
f 2149/1457/1417 2155/1461/1417 2154/1462/1417
f 2150/1458/1418 2156/1463/1418 2155/1461/1418
f 2151/1460/1419 2157/1464/1419 2156/1463/1419
f 2154/1462/1420 2160/1465/1420 2159/1466/1420
f 2155/1461/1421 2161/1467/1421 2160/1465/1421
f 2156/1463/1422 2162/1468/1422 2161/1467/1422
f 2159/1466/1423 2164/1469/1423 2163/1470/1423
f 2160/1465/1424 2165/1471/1424 2164/1469/1424
f 2161/1467/1425 2166/1472/1425 2165/1471/1425
f 957/16/1426 2137/16/1426 975/16/1426
f 2137/16/1427 956/16/1427 2144/16/1427
f 2120/16/1428 3359/16/1428 956/16/1428
f 954/1444/1429 2133/1448/1429 955/1445/1429
f 953/1443/1430 2134/1446/1430 954/1444/1430
f 952/1442/1431 2135/1449/1431 953/1443/1431
f 41/1441/1432 2136/1451/1432 952/1442/1432
f 520/1473/1433 2143/1455/1433 2136/1451/1433
f 519/1474/1434 2148/1459/1434 2143/1455/1434
f 518/1475/1435 2152/1476/1435 2148/1459/1435
f 2152/1476/1436 516/1477/1436 2157/1464/1436
f 2157/1464/1437 515/1478/1437 2162/1468/1437
f 2162/1468/1438 514/1479/1438 2166/1472/1438
f 2166/1472/1439 43/1480/1439 958/1481/1439
f 2165/1471/1440 958/1481/1440 959/1482/1440
f 2164/1469/1441 959/1482/1441 960/1483/1441
f 2163/1470/1442 960/1483/1442 961/1484/1442
f 3334/16/1443 3357/16/1443 3358/16/1443
f 3325/16/1444 686/16/1444 688/16/1444
f 3343/16/1445 3321/16/1445 3322/16/1445
f 3333/16/1446 3337/16/1446 685/16/1446
f 2169/1485/1447 2172/1486/1447 2168/1487/1447
f 2170/1488/1448 2173/1489/1448 2169/1485/1448
f 2171/1490/1449 2174/1491/1449 2170/1488/1449
f 2173/1489/1450 2176/1492/1450 2172/1486/1450
f 2174/1491/1451 2177/1493/1451 2173/1489/1451
f 2175/1494/1452 2178/1495/1452 2174/1491/1452
f 2181/1496/1453 2184/1497/1453 2180/1498/1453
f 2182/1499/1454 2185/1500/1454 2181/1496/1454
f 2183/1501/1455 2186/1502/1455 2182/1499/1455
f 2185/1500/1456 2188/1503/1456 2184/1497/1456
f 2186/1502/1457 2189/1504/1457 2185/1500/1457
f 2187/1505/1458 2190/1506/1458 2186/1502/1458
f 2193/1507/1459 2196/1508/1459 2192/1509/1459
f 2194/1510/1460 2197/1511/1460 2193/1507/1460
f 2195/1512/1461 2198/1513/1461 2194/1510/1461
f 2197/1511/1462 2200/1514/1462 2196/1508/1462
f 2198/1513/1463 2201/1515/1463 2197/1511/1463
f 2199/1516/1464 2202/1517/1464 2198/1513/1464
f 2205/1518/1465 2208/1519/1465 2204/1520/1465
f 2206/1521/1466 2209/1522/1466 2205/1518/1466
f 2207/1523/1467 2210/1524/1467 2206/1521/1467
f 2209/1522/1468 2212/1525/1468 2208/1519/1468
f 2210/1524/1469 2213/1526/1469 2209/1522/1469
f 2211/1527/1470 2214/1528/1470 2210/1524/1470
f 2217/1529/1471 2220/1530/1471 2216/1531/1471
f 2218/1532/1472 2221/1533/1472 2217/1529/1472
f 2219/1534/1473 2222/1535/1473 2218/1532/1473
f 2221/1533/1474 2224/1536/1474 2220/1530/1474
f 2222/1535/1475 2225/1537/1475 2221/1533/1475
f 2223/1538/1476 2226/1539/1476 2222/1535/1476
f 2229/1540/1477 2232/1541/1477 2228/1542/1477
f 2230/1543/1478 2233/1544/1478 2229/1540/1478
f 2231/1545/1479 2234/1546/1479 2230/1543/1479
f 2233/1544/1480 2236/1547/1480 2232/1541/1480
f 2234/1546/1481 2237/1548/1481 2233/1544/1481
f 2235/1549/1482 2238/1550/1482 2234/1546/1482
f 2241/1551/1483 2244/1552/1483 2240/1553/1483
f 2242/1554/1484 2245/1555/1484 2241/1551/1484
f 2243/1556/1485 2246/1557/1485 2242/1554/1485
f 2245/1555/1486 2248/1558/1486 2244/1552/1486
f 2246/1557/1487 2249/1559/1487 2245/1555/1487
f 2247/1560/1488 2250/1561/1488 2246/1557/1488
f 2253/1562/1489 2256/1563/1489 2252/1564/1489
f 2254/1565/1490 2257/1566/1490 2253/1562/1490
f 2255/1567/1491 2258/1568/1491 2254/1565/1491
f 2257/1566/1492 2260/1569/1492 2256/1563/1492
f 2258/1568/1493 2261/1570/1493 2257/1566/1493
f 2259/1571/1494 2262/1572/1494 2258/1568/1494
f 2265/1573/1495 2268/1574/1495 2264/1575/1495
f 2266/1576/1496 2269/1577/1496 2265/1573/1496
f 2267/1578/1497 2270/1579/1497 2266/1576/1497
f 2269/1577/1498 2272/1580/1498 2268/1574/1498
f 2270/1579/1499 2273/1581/1499 2269/1577/1499
f 2271/1582/1500 2274/1583/1500 2270/1579/1500
f 2277/1584/1501 2280/1585/1501 2276/1586/1501
f 2278/1587/1502 2281/1588/1502 2277/1584/1502
f 2279/1589/1503 2282/1590/1503 2278/1587/1503
f 2281/1588/1504 2284/1591/1504 2280/1585/1504
f 2282/1590/1505 2285/1592/1505 2281/1588/1505
f 2283/1593/1506 2286/1594/1506 2282/1590/1506
f 2289/1595/1507 2292/1596/1507 2288/1597/1507
f 2290/1598/1508 2293/1599/1508 2289/1595/1508
f 2291/1600/1509 2294/1601/1509 2290/1598/1509
f 2293/1599/1510 2296/1602/1510 2292/1596/1510
f 2294/1601/1511 2297/1603/1511 2293/1599/1511
f 2295/1604/1512 2298/1605/1512 2294/1601/1512
f 2301/1606/1513 2304/1607/1513 2300/1608/1513
f 2302/1609/1514 2305/1610/1514 2301/1606/1514
f 2303/1611/1515 2306/1612/1515 2302/1609/1515
f 2305/1610/1516 2308/1613/1516 2304/1607/1516
f 2306/1612/1517 2309/1614/1517 2305/1610/1517
f 2307/1615/1518 2310/1616/1518 2306/1612/1518
f 2313/1617/1519 2316/1618/1519 2312/1619/1519
f 2314/1620/1520 2317/1621/1520 2313/1617/1520
f 2315/1622/1521 2318/1623/1521 2314/1620/1521
f 2317/1621/1522 2320/1624/1522 2316/1618/1522
f 2318/1623/1523 2321/1625/1523 2317/1621/1523
f 2319/1626/1524 2322/1627/1524 2318/1623/1524
f 2325/1628/1525 2328/1629/1525 2324/1630/1525
f 2326/1631/1526 2329/1632/1526 2325/1628/1526
f 2327/1633/1527 2330/1634/1527 2326/1631/1527
f 2329/1632/1528 2332/1635/1528 2328/1629/1528
f 2330/1634/1529 2333/1636/1529 2329/1632/1529
f 2331/1637/1530 2334/1638/1530 2330/1634/1530
f 2337/1639/1531 2340/1640/1531 2336/1641/1531
f 2338/1642/1532 2341/1643/1532 2337/1639/1532
f 2339/1644/1533 2342/1645/1533 2338/1642/1533
f 2341/1643/1534 2344/1646/1534 2340/1640/1534
f 2342/1645/1535 2345/1647/1535 2341/1643/1535
f 2343/1648/1536 2346/1649/1536 2342/1645/1536
f 2349/1650/1537 2352/1651/1537 2348/1652/1537
f 2350/1653/1538 2353/1654/1538 2349/1650/1538
f 2351/1655/1539 2354/1656/1539 2350/1653/1539
f 2353/1654/1540 2356/1657/1540 2352/1651/1540
f 2354/1656/1541 2357/1658/1541 2353/1654/1541
f 2355/1659/1542 2358/1660/1542 2354/1656/1542
f 2361/1661/1543 2364/1662/1543 2360/1663/1543
f 2362/1664/1544 2365/1665/1544 2361/1661/1544
f 2363/1666/1545 2366/1667/1545 2362/1664/1545
f 2365/1665/1546 2368/1668/1546 2364/1662/1546
f 2366/1667/1547 2369/1669/1547 2365/1665/1547
f 2367/1670/1548 2370/1671/1548 2366/1667/1548
f 2373/1672/1549 2376/1673/1549 2372/1674/1549
f 2374/1675/1550 2377/1676/1550 2373/1672/1550
f 2375/1677/1551 2378/1678/1551 2374/1675/1551
f 2377/1676/1552 2380/1679/1552 2376/1673/1552
f 2378/1678/1553 2381/1680/1553 2377/1676/1553
f 2379/1681/1554 2382/1682/1554 2378/1678/1554
f 2385/1683/1555 2388/1684/1555 2384/1685/1555
f 2386/1686/1556 2389/1687/1556 2385/1683/1556
f 2387/1688/1557 2390/1689/1557 2386/1686/1557
f 2389/1687/1558 2392/1690/1558 2388/1684/1558
f 2390/1689/1559 2393/1691/1559 2389/1687/1559
f 2391/1692/1560 2394/1693/1560 2390/1689/1560
f 2397/1694/1561 2400/1695/1561 2396/1696/1561
f 2398/1697/1562 2401/1698/1562 2397/1694/1562
f 2399/1699/1563 2402/1700/1563 2398/1697/1563
f 2401/1698/1564 2404/1701/1564 2400/1695/1564
f 2402/1700/1565 2405/1702/1565 2401/1698/1565
f 2403/1703/1566 2406/1704/1566 2402/1700/1566
f 2409/1705/1567 2412/1706/1567 2408/1707/1567
f 2410/1708/1568 2413/1709/1568 2409/1705/1568
f 2411/1710/1569 2414/1711/1569 2410/1708/1569
f 2413/1709/1570 2416/1712/1570 2412/1706/1570
f 2414/1711/1571 2417/1713/1571 2413/1709/1571
f 2415/1714/1572 2418/1715/1572 2414/1711/1572
f 2421/1716/1573 2424/1717/1573 2420/1718/1573
f 2422/1719/1574 2425/1720/1574 2421/1716/1574
f 2423/1721/1575 2426/1722/1575 2422/1719/1575
f 2425/1720/1576 2428/1723/1576 2424/1717/1576
f 2426/1722/1577 2429/1724/1577 2425/1720/1577
f 2427/1725/1578 2430/1726/1578 2426/1722/1578
f 2433/1727/1579 2436/1728/1579 2432/1729/1579
f 2434/1730/1580 2437/1731/1580 2433/1727/1580
f 2435/1732/1581 2438/1733/1581 2434/1730/1581
f 2437/1731/1582 2440/1734/1582 2436/1728/1582
f 2438/1733/1583 2441/1735/1583 2437/1731/1583
f 2439/1736/1584 2442/1737/1584 2438/1733/1584
f 2445/1738/1585 2448/1739/1585 2444/1740/1585
f 2446/1741/1586 2449/1742/1586 2445/1738/1586
f 2447/1743/1587 2450/1744/1587 2446/1741/1587
f 2449/1742/1588 2452/1745/1588 2448/1739/1588
f 2450/1744/1589 2453/1746/1589 2449/1742/1589
f 2451/1747/1590 2454/1748/1590 2450/1744/1590
f 2457/1749/1591 2460/1750/1591 2456/1751/1591
f 2458/1752/1592 2461/1753/1592 2457/1749/1592
f 2459/1754/1593 2462/1755/1593 2458/1752/1593
f 2461/1753/1594 2464/1756/1594 2460/1750/1594
f 2462/1755/1595 2465/1757/1595 2461/1753/1595
f 2463/1758/1596 2466/1759/1596 2462/1755/1596
f 2469/1760/1597 2472/1761/1597 2468/1762/1597
f 2470/1763/1598 2473/1764/1598 2469/1760/1598
f 2471/1765/1599 2474/1766/1599 2470/1763/1599
f 2473/1764/1600 2476/1767/1600 2472/1761/1600
f 2474/1766/1601 2477/1768/1601 2473/1764/1601
f 2475/1769/1602 2478/1770/1602 2474/1766/1602
f 2481/1771/1603 2484/1772/1603 2480/1773/1603
f 2482/1774/1604 2485/1775/1604 2481/1771/1604
f 2483/1776/1605 2486/1777/1605 2482/1774/1605
f 2485/1775/1606 2488/1778/1606 2484/1772/1606
f 2486/1777/1607 2489/1779/1607 2485/1775/1607
f 2487/1780/1608 2490/1781/1608 2486/1777/1608
f 2493/1782/1609 2496/1783/1609 2492/1784/1609
f 2494/1785/1610 2497/1786/1610 2493/1782/1610
f 2495/1787/1611 2498/1788/1611 2494/1785/1611
f 2497/1786/1612 2500/1789/1612 2496/1783/1612
f 2498/1788/1613 2501/1790/1613 2497/1786/1613
f 2499/1791/1614 2502/1792/1614 2498/1788/1614
f 2505/1793/1615 2508/1794/1615 2504/1795/1615
f 2506/1796/1616 2509/1797/1616 2505/1793/1616
f 2507/1798/1617 2510/1799/1617 2506/1796/1617
f 2509/1797/1618 2512/1800/1618 2508/1794/1618
f 2510/1799/1619 2513/1801/1619 2509/1797/1619
f 2511/1802/1620 2514/1803/1620 2510/1799/1620
f 2517/1804/1621 2520/1805/1621 2516/1806/1621
f 2518/1807/1622 2521/1808/1622 2517/1804/1622
f 2519/1809/1623 2522/1810/1623 2518/1807/1623
f 2521/1808/1624 2524/1811/1624 2520/1805/1624
f 2522/1810/1625 2525/1812/1625 2521/1808/1625
f 2523/1813/1626 2526/1814/1626 2522/1810/1626
f 2529/1815/1627 2532/1816/1627 2528/1817/1627
f 2530/1818/1628 2533/1819/1628 2529/1815/1628
f 2531/1820/1629 2534/1821/1629 2530/1818/1629
f 2533/1819/1630 2536/1822/1630 2532/1816/1630
f 2534/1821/1631 2537/1823/1631 2533/1819/1631
f 2535/1824/1632 2538/1825/1632 2534/1821/1632
f 2541/1826/1633 2544/1827/1633 2540/1828/1633
f 2542/1829/1634 2545/1830/1634 2541/1826/1634
f 2543/1831/1635 2546/1832/1635 2542/1829/1635
f 2545/1830/1636 2548/1833/1636 2544/1827/1636
f 2546/1832/1637 2549/1834/1637 2545/1830/1637
f 2547/1835/1638 2550/1836/1638 2546/1832/1638
f 2189/1504/1639 2171/1490/1639 2188/1503/1639
f 2190/1506/1640 2175/1494/1640 2189/1504/1640
f 2201/1515/1641 2183/1501/1641 2200/1514/1641
f 2202/1517/1642 2187/1505/1642 2201/1515/1642
f 2213/1526/1643 2195/1512/1643 2212/1525/1643
f 2214/1528/1644 2199/1516/1644 2213/1526/1644
f 2225/1537/1645 2207/1523/1645 2224/1536/1645
f 2226/1539/1646 2211/1527/1646 2225/1537/1646
f 2237/1548/1647 2219/1534/1647 2236/1547/1647
f 2238/1550/1648 2223/1538/1648 2237/1548/1648
f 2249/1559/1649 2231/1545/1649 2248/1558/1649
f 2250/1561/1650 2235/1549/1650 2249/1559/1650
f 2261/1570/1651 2243/1556/1651 2260/1569/1651
f 2262/1572/1652 2247/1560/1652 2261/1570/1652
f 2273/1581/1653 2255/1567/1653 2272/1580/1653
f 2274/1583/1654 2259/1571/1654 2273/1581/1654
f 2285/1592/1655 2267/1578/1655 2284/1591/1655
f 2286/1594/1656 2271/1582/1656 2285/1592/1656
f 2297/1603/1657 2279/1589/1657 2296/1602/1657
f 2298/1605/1658 2283/1593/1658 2297/1603/1658
f 2309/1614/1659 2291/1600/1659 2308/1613/1659
f 2310/1616/1660 2295/1604/1660 2309/1614/1660
f 2321/1625/1661 2303/1611/1661 2320/1624/1661
f 2322/1627/1662 2307/1615/1662 2321/1625/1662
f 2333/1636/1663 2315/1622/1663 2332/1635/1663
f 2334/1638/1664 2319/1626/1664 2333/1636/1664
f 2345/1647/1665 2327/1633/1665 2344/1646/1665
f 2346/1649/1666 2331/1637/1666 2345/1647/1666
f 2357/1658/1667 2339/1644/1667 2356/1657/1667
f 2358/1660/1668 2343/1648/1668 2357/1658/1668
f 2369/1669/1669 2351/1655/1669 2368/1668/1669
f 2370/1671/1670 2355/1659/1670 2369/1669/1670
f 2381/1680/1671 2363/1666/1671 2380/1679/1671
f 2382/1682/1672 2367/1670/1672 2381/1680/1672
f 2393/1691/1673 2375/1677/1673 2392/1690/1673
f 2394/1693/1674 2379/1681/1674 2393/1691/1674
f 2405/1702/1675 2387/1688/1675 2404/1701/1675
f 2406/1704/1676 2391/1692/1676 2405/1702/1676
f 2417/1713/1677 2399/1699/1677 2416/1712/1677
f 2418/1715/1678 2403/1703/1678 2417/1713/1678
f 2429/1724/1679 2411/1710/1679 2428/1723/1679
f 2430/1726/1680 2415/1714/1680 2429/1724/1680
f 2441/1735/1681 2423/1721/1681 2440/1734/1681
f 2442/1737/1682 2427/1725/1682 2441/1735/1682
f 2453/1746/1683 2435/1732/1683 2452/1745/1683
f 2454/1748/1684 2439/1736/1684 2453/1746/1684
f 2465/1757/1685 2447/1743/1685 2464/1756/1685
f 2466/1759/1686 2451/1747/1686 2465/1757/1686
f 2477/1768/1687 2459/1754/1687 2476/1767/1687
f 2478/1770/1688 2463/1758/1688 2477/1768/1688
f 2489/1779/1689 2471/1765/1689 2488/1778/1689
f 2490/1781/1690 2475/1769/1690 2489/1779/1690
f 2501/1790/1691 2483/1776/1691 2500/1789/1691
f 2502/1792/1692 2487/1780/1692 2501/1790/1692
f 2513/1801/1693 2495/1787/1693 2512/1800/1693
f 2514/1803/1694 2499/1791/1694 2513/1801/1694
f 2525/1812/1695 2507/1798/1695 2524/1811/1695
f 2526/1814/1696 2511/1802/1696 2525/1812/1696
f 2537/1823/1697 2519/1809/1697 2536/1822/1697
f 2538/1825/1698 2523/1813/1698 2537/1823/1698
f 2549/1834/1699 2531/1820/1699 2548/1833/1699
f 2550/1836/1700 2535/1824/1700 2549/1834/1700
f 2177/1493/1701 2543/1831/1701 2176/1492/1701
f 2178/1495/1702 2547/1835/1702 2177/1493/1702
f 2179/1837/1703 2551/1838/1703 2178/1495/1703
f 2191/1839/1704 2179/1837/1704 2190/1506/1704
f 2203/1840/1705 2191/1839/1705 2202/1517/1705
f 2215/1841/1706 2203/1840/1706 2214/1528/1706
f 2227/1842/1707 2215/1841/1707 2226/1539/1707
f 2239/1843/1708 2227/1842/1708 2238/1550/1708
f 2251/1844/1709 2239/1843/1709 2250/1561/1709
f 2263/1845/1710 2251/1844/1710 2262/1572/1710
f 2275/1846/1711 2263/1845/1711 2274/1583/1711
f 2287/1847/1712 2275/1846/1712 2286/1594/1712
f 2299/1848/1713 2287/1847/1713 2298/1605/1713
f 2311/1849/1714 2299/1848/1714 2310/1616/1714
f 2323/1850/1715 2311/1849/1715 2322/1627/1715
f 2335/1851/1716 2323/1850/1716 2334/1638/1716
f 2347/1852/1717 2335/1851/1717 2346/1649/1717
f 2359/1853/1718 2347/1852/1718 2358/1660/1718
f 2371/1854/1719 2359/1853/1719 2370/1671/1719
f 2383/1855/1720 2371/1854/1720 2382/1682/1720
f 2395/1856/1721 2383/1855/1721 2394/1693/1721
f 2407/1857/1722 2395/1856/1722 2406/1704/1722
f 2419/1858/1723 2407/1857/1723 2418/1715/1723
f 2431/1859/1724 2419/1858/1724 2430/1726/1724
f 2443/1860/1725 2431/1859/1725 2442/1737/1725
f 2455/1861/1726 2443/1860/1726 2454/1748/1726
f 2467/1862/1727 2455/1861/1727 2466/1759/1727
f 2479/1863/1728 2467/1862/1728 2478/1770/1728
f 2491/1864/1729 2479/1863/1729 2490/1781/1729
f 2503/1865/1730 2491/1864/1730 2502/1792/1730
f 2515/1866/1731 2503/1865/1731 2514/1803/1731
f 2527/1867/1732 2515/1866/1732 2526/1814/1732
f 2539/1868/1733 2527/1867/1733 2538/1825/1733
f 2551/1838/1734 2539/1868/1734 2550/1836/1734
f 72/1869/1735 97/1870/1735 2/1871/1735
f 73/1872/1736 2168/1487/1736 72/1869/1736
f 74/1873/1737 2169/1485/1737 73/1872/1737
f 75/1874/1738 2170/1488/1738 74/1873/1738
f 2168/1487/1739 96/1875/1739 97/1870/1739
f 2172/1486/1740 95/1876/1740 96/1875/1740
f 2176/1492/1741 94/1877/1741 95/1876/1741
f 549/1878/1742 78/1879/1742 1/1880/1742
f 550/1881/1743 2180/1498/1743 549/1878/1743
f 551/1882/1744 2181/1496/1744 550/1881/1744
f 552/1883/1745 2182/1499/1745 551/1882/1745
f 2180/1498/1746 77/1884/1746 78/1879/1746
f 2184/1497/1747 76/1885/1747 77/1884/1747
f 2188/1503/1748 75/1874/1748 76/1885/1748
f 535/1886/1749 555/1887/1749 45/1888/1749
f 536/1889/1750 2192/1509/1750 535/1886/1750
f 537/1890/1751 2193/1507/1751 536/1889/1751
f 538/1891/1752 2194/1510/1752 537/1890/1752
f 2192/1509/1753 554/1892/1753 555/1887/1753
f 2196/1508/1754 553/1893/1754 554/1892/1754
f 2200/1514/1755 552/1883/1755 553/1893/1755
f 514/1894/1756 541/1895/1756 43/1896/1756
f 515/1897/1757 2204/1520/1757 514/1894/1757
f 516/1898/1758 2205/1518/1758 515/1897/1758
f 517/1899/1759 2206/1521/1759 516/1898/1759
f 2204/1520/1760 540/1900/1760 541/1895/1760
f 2208/1519/1761 539/1901/1761 540/1900/1761
f 2212/1525/1762 538/1891/1762 539/1901/1762
f 502/1902/1763 520/1903/1763 41/1904/1763
f 503/1905/1764 2216/1531/1764 502/1902/1764
f 504/1906/1765 2217/1529/1765 503/1905/1765
f 505/1907/1766 2218/1532/1766 504/1906/1766
f 2216/1531/1767 519/1908/1767 520/1903/1767
f 2220/1530/1768 518/1909/1768 519/1908/1768
f 2224/1536/1769 517/1899/1769 518/1909/1769
f 490/1910/1770 508/1911/1770 40/1912/1770
f 491/1913/1771 2228/1542/1771 490/1910/1771
f 492/1914/1772 2229/1540/1772 491/1913/1772
f 493/1915/1773 2230/1543/1773 492/1914/1773
f 2228/1542/1774 507/1916/1774 508/1911/1774
f 2232/1541/1775 506/1917/1775 507/1916/1775
f 2236/1547/1776 505/1907/1776 506/1917/1776
f 481/1918/1777 496/1919/1777 39/1920/1777
f 482/1921/1778 2240/1553/1778 481/1918/1778
f 483/1922/1779 2241/1551/1779 482/1921/1779
f 484/1923/1780 2242/1554/1780 483/1922/1780
f 2240/1553/1781 495/1924/1781 496/1919/1781
f 2244/1552/1782 494/1925/1782 495/1924/1782
f 2248/1558/1783 493/1915/1783 494/1925/1783
f 465/1926/1784 487/1927/1784 38/1928/1784
f 466/1929/1785 2252/1564/1785 465/1926/1785
f 467/1930/1786 2253/1562/1786 466/1929/1786
f 468/1931/1787 2254/1565/1787 467/1930/1787
f 2252/1564/1788 486/1932/1788 487/1927/1788
f 2256/1563/1789 485/1933/1789 486/1932/1789
f 2260/1569/1790 484/1923/1790 485/1933/1790
f 445/1934/1791 471/1935/1791 36/1936/1791
f 446/1937/1792 2264/1575/1792 445/1934/1792
f 447/1938/1793 2265/1573/1793 446/1937/1793
f 448/1939/1794 2266/1576/1794 447/1938/1794
f 2264/1575/1795 470/1940/1795 471/1935/1795
f 2268/1574/1796 469/1941/1796 470/1940/1796
f 2272/1580/1797 468/1931/1797 469/1941/1797
f 424/1942/1798 451/1943/1798 34/1944/1798
f 425/1945/1799 2276/1586/1799 424/1942/1799
f 426/1946/1800 2277/1584/1800 425/1945/1800
f 427/1947/1801 2278/1587/1801 426/1946/1801
f 2276/1586/1802 450/1948/1802 451/1943/1802
f 2280/1585/1803 449/1949/1803 450/1948/1803
f 2284/1591/1804 448/1939/1804 449/1949/1804
f 403/1950/1805 430/1951/1805 32/1952/1805
f 404/1953/1806 2288/1597/1806 403/1950/1806
f 405/1954/1807 2289/1595/1807 404/1953/1807
f 406/1955/1808 2290/1598/1808 405/1954/1808
f 2288/1597/1809 429/1956/1809 430/1951/1809
f 2292/1596/1810 428/1957/1810 429/1956/1810
f 2296/1602/1811 427/1947/1811 428/1957/1811
f 382/1958/1812 409/1959/1812 30/1960/1812
f 383/1961/1813 2300/1608/1813 382/1958/1813
f 384/1962/1814 2301/1606/1814 383/1961/1814
f 385/1963/1815 2302/1609/1815 384/1962/1815
f 2300/1608/1816 408/1964/1816 409/1959/1816
f 2304/1607/1817 407/1965/1817 408/1964/1817
f 2308/1613/1818 406/1955/1818 407/1965/1818
f 361/1966/1819 388/1967/1819 28/1968/1819
f 362/1969/1820 2312/1619/1820 361/1966/1820
f 363/1970/1821 2313/1617/1821 362/1969/1821
f 364/1971/1822 2314/1620/1822 363/1970/1822
f 2312/1619/1823 387/1972/1823 388/1967/1823
f 2316/1618/1824 386/1973/1824 387/1972/1824
f 2320/1624/1825 385/1963/1825 386/1973/1825
f 340/1974/1826 367/1975/1826 26/1976/1826
f 341/1977/1827 2324/1630/1827 340/1974/1827
f 342/1978/1828 2325/1628/1828 341/1977/1828
f 343/1979/1829 2326/1631/1829 342/1978/1829
f 2324/1630/1830 366/1980/1830 367/1975/1830
f 2328/1629/1831 365/1981/1831 366/1980/1831
f 2332/1635/1832 364/1971/1832 365/1981/1832
f 319/1982/1833 346/1983/1833 24/1984/1833
f 320/1985/1834 2336/1641/1834 319/1982/1834
f 321/1986/1835 2337/1639/1835 320/1985/1835
f 322/1987/1836 2338/1642/1836 321/1986/1836
f 2336/1641/1837 345/1988/1837 346/1983/1837
f 2340/1640/1838 344/1989/1838 345/1988/1838
f 2344/1646/1839 343/1979/1839 344/1989/1839
f 298/1990/1840 325/1991/1840 22/1992/1840
f 299/1993/1841 2348/1652/1841 298/1990/1841
f 300/1994/1842 2349/1650/1842 299/1993/1842
f 301/1995/1843 2350/1653/1843 300/1994/1843
f 2348/1652/1844 324/1996/1844 325/1991/1844
f 2352/1651/1845 323/1997/1845 324/1996/1845
f 2356/1657/1846 322/1987/1846 323/1997/1846
f 280/1998/1847 304/1999/1847 20/2000/1847
f 281/2001/1848 2360/1663/1848 280/1998/1848
f 282/2002/1849 2361/1661/1849 281/2001/1849
f 283/2003/1850 2362/1664/1850 282/2002/1850
f 2360/1663/1851 303/2004/1851 304/1999/1851
f 2364/1662/1852 302/2005/1852 303/2004/1852
f 2368/1668/1853 301/1995/1853 302/2005/1853
f 267/2006/1854 286/2007/1854 19/2008/1854
f 268/2009/1855 2372/1674/1855 267/2006/1855
f 269/2010/1856 2373/1672/1856 268/2009/1856
f 270/2011/1857 2374/1675/1857 269/2010/1857
f 2372/1674/1858 285/2012/1858 286/2007/1858
f 2376/1673/1859 284/2013/1859 285/2012/1859
f 2380/1679/1860 283/2003/1860 284/2013/1860
f 255/2014/1861 273/2015/1861 18/2016/1861
f 256/2017/1862 2384/1685/1862 255/2014/1862
f 257/2018/1863 2385/1683/1863 256/2017/1863
f 258/2019/1864 2386/1686/1864 257/2018/1864
f 2384/1685/1865 272/2020/1865 273/2015/1865
f 2388/1684/1866 271/2021/1866 272/2020/1866
f 2392/1690/1867 270/2011/1867 271/2021/1867
f 242/2022/1868 261/2023/1868 17/2024/1868
f 243/2025/1869 2396/1696/1869 242/2022/1869
f 244/2026/1870 2397/1694/1870 243/2025/1870
f 245/2027/1871 2398/1697/1871 244/2026/1871
f 2396/1696/1872 260/2028/1872 261/2023/1872
f 2400/1695/1873 259/2029/1873 260/2028/1873
f 2404/1701/1874 258/2019/1874 259/2029/1874
f 222/2030/1875 248/2031/1875 16/2032/1875
f 223/2033/1876 2408/1707/1876 222/2030/1876
f 224/2034/1877 2409/1705/1877 223/2033/1877
f 225/2035/1878 2410/1708/1878 224/2034/1878
f 2408/1707/1879 247/2036/1879 248/2031/1879
f 2412/1706/1880 246/2037/1880 247/2036/1880
f 2416/1712/1881 245/2027/1881 246/2037/1881
f 207/2038/1882 228/2039/1882 14/2040/1882
f 208/2041/1883 2420/1718/1883 207/2038/1883
f 209/2042/1884 2421/1716/1884 208/2041/1884
f 210/2043/1885 2422/1719/1885 209/2042/1885
f 2420/1718/1886 227/2044/1886 228/2039/1886
f 2424/1717/1887 226/2045/1887 227/2044/1887
f 2428/1723/1888 225/2035/1888 226/2045/1888
f 195/2046/1889 213/2047/1889 13/2048/1889
f 196/2049/1890 2432/1729/1890 195/2046/1890
f 197/2050/1891 2433/1727/1891 196/2049/1891
f 198/2051/1892 2434/1730/1892 197/2050/1892
f 2432/1729/1893 212/2052/1893 213/2047/1893
f 2436/1728/1894 211/2053/1894 212/2052/1894
f 2440/1734/1895 210/2043/1895 211/2053/1895
f 181/2054/1896 201/2055/1896 12/2056/1896
f 182/2057/1897 2444/1740/1897 181/2054/1897
f 183/2058/1898 2445/1738/1898 182/2057/1898
f 184/2059/1899 2446/1741/1899 183/2058/1899
f 2444/1740/1900 200/2060/1900 201/2055/1900
f 2448/1739/1901 199/2061/1901 200/2060/1901
f 2452/1745/1902 198/2051/1902 199/2061/1902
f 167/2062/1903 187/2063/1903 11/2064/1903
f 168/2065/1904 2456/1751/1904 167/2062/1904
f 169/2066/1905 2457/1749/1905 168/2065/1905
f 170/2067/1906 2458/1752/1906 169/2066/1906
f 2456/1751/1907 186/2068/1907 187/2063/1907
f 2460/1750/1908 185/2069/1908 186/2068/1908
f 2464/1756/1909 184/2059/1909 185/2069/1909
f 153/2070/1910 173/2071/1910 9/2072/1910
f 154/2073/1911 2468/1762/1911 153/2070/1911
f 155/2074/1912 2469/1760/1912 154/2073/1912
f 156/2075/1913 2470/1763/1913 155/2074/1913
f 2468/1762/1914 172/2076/1914 173/2071/1914
f 2472/1761/1915 171/2077/1915 172/2076/1915
f 2476/1767/1916 170/2067/1916 171/2077/1916
f 142/2078/1917 159/2079/1917 8/2080/1917
f 143/2081/1918 2480/1773/1918 142/2078/1918
f 144/2082/1919 2481/1771/1919 143/2081/1919
f 145/2083/1920 2482/1774/1920 144/2082/1920
f 2480/1773/1921 158/2084/1921 159/2079/1921
f 2484/1772/1922 157/2085/1922 158/2084/1922
f 2488/1778/1923 156/2075/1923 157/2085/1923
f 131/2086/1924 148/2087/1924 7/2088/1924
f 132/2089/1925 2492/1784/1925 131/2086/1925
f 133/2090/1926 2493/1782/1926 132/2089/1926
f 134/2091/1927 2494/1785/1927 133/2090/1927
f 2492/1784/1928 147/2092/1928 148/2087/1928
f 2496/1783/1929 146/2093/1929 147/2092/1929
f 2500/1789/1930 145/2083/1930 146/2093/1930
f 121/2094/1931 137/2095/1931 6/2096/1931
f 122/2097/1932 2504/1795/1932 121/2094/1932
f 123/2098/1933 2505/1793/1933 122/2097/1933
f 124/2099/1934 2506/1796/1934 123/2098/1934
f 2504/1795/1935 136/2100/1935 137/2095/1935
f 2508/1794/1936 135/2101/1936 136/2100/1936
f 2512/1800/1937 134/2091/1937 135/2101/1937
f 110/2102/1938 127/2103/1938 5/2104/1938
f 111/2105/1939 2516/1806/1939 110/2102/1939
f 112/2106/1940 2517/1804/1940 111/2105/1940
f 113/2107/1941 2518/1807/1941 112/2106/1941
f 2516/1806/1942 126/2108/1942 127/2103/1942
f 2520/1805/1943 125/2109/1943 126/2108/1943
f 2524/1811/1944 124/2099/1944 125/2109/1944
f 100/2110/1945 116/2111/1945 4/2112/1945
f 101/2113/1946 2528/1817/1946 100/2110/1946
f 102/2114/1947 2529/1815/1947 101/2113/1947
f 103/2115/1948 2530/1818/1948 102/2114/1948
f 2528/1817/1949 115/2116/1949 116/2111/1949
f 2532/1816/1950 114/2117/1950 115/2116/1950
f 2536/1822/1951 113/2107/1951 114/2117/1951
f 91/2118/1952 106/2119/1952 3/2120/1952
f 92/2121/1953 2540/1828/1953 91/2118/1953
f 93/2122/1954 2541/1826/1954 92/2121/1954
f 94/1877/1955 2542/1829/1955 93/2122/1955
f 2540/1828/1956 105/2123/1956 106/2119/1956
f 2544/1827/1957 104/2124/1957 105/2123/1957
f 2548/1833/1958 103/2115/1958 104/2124/1958
f 962/16/1959 2138/16/1959 2153/16/1959
f 2552/16/1960 2561/16/1960 2565/16/1960
f 2554/2125/1961 2557/2126/1961 2553/2127/1961
f 2555/2128/1962 2558/2129/1962 2554/2125/1962
f 2556/2130/1963 2559/2131/1963 2555/2128/1963
f 2558/2129/1964 2561/2132/1964 2557/2126/1964
f 2559/2131/1965 2562/2133/1965 2558/2129/1965
f 2560/2134/1966 2563/2135/1966 2559/2131/1966
f 2562/2133/1967 2565/2136/1967 2561/2132/1967
f 2563/2135/1968 2566/2137/1968 2562/2133/1968
f 2564/2138/1969 2567/2139/1969 2563/2135/1969
f 2565/2136/1970 2571/2140/1970 2570/2141/1970
f 2566/2137/1971 2572/2142/1971 2571/2140/1971
f 2567/2139/1972 2573/2143/1972 2572/2142/1972
f 2569/16/1973 2574/16/1973 2579/16/1973
f 2552/16/1974 2570/16/1974 2575/16/1974
f 2570/2141/1975 2576/2144/1975 2575/2145/1975
f 2571/2140/1976 2577/2146/1976 2576/2144/1976
f 2572/2142/1977 2578/2147/1977 2577/2146/1977
f 2574/2148/1978 2580/2149/1978 2579/2150/1978
f 2575/2145/1979 2581/2151/1979 2580/2149/1979
f 2576/2144/1980 2582/2152/1980 2581/2151/1980
f 2577/2146/1981 2583/2153/1981 2582/2152/1981
f 960/1483/1982 2553/2127/1982 961/1484/1982
f 959/1482/1983 2554/2125/1983 960/1483/1983
f 958/1481/1984 2555/2128/1984 959/1482/1984
f 43/1480/1985 2556/2130/1985 958/1481/1985
f 541/2154/1986 2560/2134/1986 2556/2130/1986
f 540/2155/1987 2564/2138/1987 2560/2134/1987
f 539/2156/1988 2568/2157/1988 2564/2138/1988
f 2568/2157/1989 537/2158/1989 2573/2143/1989
f 2573/2143/1990 536/2159/1990 2578/2147/1990
f 2578/2147/1991 535/2160/1991 2583/2153/1991
f 2583/2153/1992 45/2161/1992 963/2162/1992
f 2582/2152/1993 963/2162/1993 964/2163/1993
f 2581/2151/1994 964/2163/1994 965/2164/1994
f 2580/2149/1995 965/2164/1995 966/2165/1995
f 2579/2150/1996 966/2165/1996 967/2166/1996
f 2569/16/1997 968/16/1997 3317/16/1997
f 2586/2167/1998 2590/2168/1998 2585/2169/1998
f 2587/2170/1999 2591/2171/1999 2586/2167/1999
f 2588/2172/2000 2592/2173/2000 2587/2170/2000
f 2589/2174/2001 2593/2175/2001 2588/2172/2001
f 2591/2171/2002 2595/2176/2002 2590/2168/2002
f 2592/2173/2003 2596/2177/2003 2591/2171/2003
f 2593/2175/2004 2597/2178/2004 2592/2173/2004
f 2594/2179/2005 2598/2180/2005 2593/2175/2005
f 2596/2177/2006 2600/2181/2006 2595/2176/2006
f 2597/2178/2007 2601/2182/2007 2596/2177/2007
f 2598/2180/2008 2602/2183/2008 2597/2178/2008
f 2599/2184/2009 2603/2185/2009 2598/2180/2009
f 3308/16/2010 3313/16/2010 3307/16/2010
f 2552/16/2011 2553/16/2011 2557/16/2011
f 2600/2181/2012 2607/2186/2012 2606/2187/2012
f 2601/2182/2013 2608/2188/2013 2607/2186/2013
f 2602/2183/2014 2609/2189/2014 2608/2188/2014
f 2603/2185/2015 2610/2190/2015 2609/2189/2015
f 2606/2187/2016 2612/2191/2016 2611/2192/2016
f 2607/2186/2017 2613/2193/2017 2612/2191/2017
f 2608/2188/2018 2614/2194/2018 2613/2193/2018
f 2609/2189/2019 2615/2195/2019 2614/2194/2019
f 2612/2191/2020 2617/2196/2020 2616/2197/2020
f 2613/2193/2021 2618/2198/2021 2617/2196/2021
f 2614/2194/2022 2619/2199/2022 2618/2198/2022
f 2120/16/2023 955/16/2023 2133/16/2023
f 968/16/2024 2605/16/2024 2584/16/2024
f 966/2165/2025 2585/2169/2025 967/2166/2025
f 965/2164/2026 2586/2167/2026 966/2165/2026
f 964/2163/2027 2587/2170/2027 965/2164/2027
f 963/2162/2028 2588/2172/2028 964/2163/2028
f 45/2161/2029 2589/2174/2029 963/2162/2029
f 555/2200/2030 2594/2179/2030 2589/2174/2030
f 554/2201/2031 2599/2184/2031 2594/2179/2031
f 553/2202/2032 2604/2203/2032 2599/2184/2032
f 2604/2203/2033 551/2204/2033 2610/2190/2033
f 2610/2190/2034 550/2205/2034 2615/2195/2034
f 2615/2195/2035 549/2206/2035 2619/2199/2035
f 2619/2199/2036 1/2207/2036 85/2208/2036
f 2618/2198/2037 85/2208/2037 84/2209/2037
f 2617/2196/2038 84/2209/2038 83/2210/2038
f 2616/2197/2039 83/2210/2039 82/2211/2039
f 81/16/2040 2611/16/2040 2616/16/2040
f 3311/16/2041 3845/16/2041 3844/16/2041
f 970/16/2042 972/16/2042 3846/16/2042
f 3828/16/2043 3144/16/2043 3304/16/2043
f 2622/16/2044 543/16/2044 3301/16/2044
f 557/16/2045 3303/16/2045 556/16/2045
f 547/16/2046 3850/16/2046 3853/16/2046
f 2623/16/2047 542/16/2047 696/16/2047
f 2621/16/2048 2620/16/2048 557/16/2048
f 2623/16/2049 2622/16/2049 2620/16/2049
f 793/16/2050 547/16/2050 3853/16/2050
f 2624/2212/2051 2632/2213/2051 2631/2214/2051
f 2625/2215/2052 2633/2216/2052 2632/2213/2052
f 2626/2217/2053 2634/2218/2053 2633/2216/2053
f 2627/2219/2054 2635/2220/2054 2634/2218/2054
f 2628/2221/2055 2636/2222/2055 2635/2220/2055
f 2629/2223/2056 2637/2224/2056 2636/2222/2056
f 2631/2214/2057 2639/2225/2057 2638/2226/2057
f 2632/2213/2058 2640/2227/2058 2639/2225/2058
f 2633/2216/2059 2641/2228/2059 2640/2227/2059
f 2634/2218/2060 2642/2229/2060 2641/2228/2060
f 2635/2220/2061 2643/2230/2061 2642/2229/2061
f 2636/2222/2062 2644/2231/2062 2643/2230/2062
f 2638/2226/2063 2646/2232/2063 2645/2233/2063
f 2639/2225/2064 2647/2234/2064 2646/2232/2064
f 2640/2227/2065 2648/2235/2065 2647/2234/2065
f 2641/2228/2066 2649/2236/2066 2648/2235/2066
f 2642/2229/2067 2650/2237/2067 2649/2236/2067
f 2643/2230/2068 2651/2238/2068 2650/2237/2068
f 2646/2232/2069 2652/2239/2069 2645/2233/2069
f 2647/2234/2070 2653/2240/2070 2646/2232/2070
f 2648/2235/2071 2654/2241/2071 2647/2234/2071
f 2649/2236/2072 2655/2242/2072 2648/2235/2072
f 2650/2237/2073 2656/2243/2073 2649/2236/2073
f 2651/2238/2074 2657/2244/2074 2650/2237/2074
f 2653/2240/2075 2659/2245/2075 2652/2239/2075
f 2654/2241/2076 2660/2246/2076 2653/2240/2076
f 2655/2242/2077 2661/2247/2077 2654/2241/2077
f 2656/2243/2078 2662/2248/2078 2655/2242/2078
f 2657/2244/2079 2663/2249/2079 2656/2243/2079
f 2658/2250/2080 2664/2251/2080 2657/2244/2080
f 2661/2247/2081 2666/2252/2081 2660/2246/2081
f 2663/2249/2082 2667/2253/2082 2662/2248/2082
f 695/16/2083 2623/16/2083 2620/16/2083
f 42/2254/2084 2624/2212/2084 528/2255/2084
f 527/2256/2085 2625/2215/2085 2624/2212/2085
f 526/2257/2086 2626/2217/2086 2625/2215/2086
f 525/2258/2087 2627/2219/2087 2626/2217/2087
f 524/2259/2088 2628/2221/2088 2627/2219/2088
f 523/2260/2089 2629/2223/2089 2628/2221/2089
f 522/2261/2090 2630/2262/2090 2629/2223/2090
f 699/16/2091 2630/16/2091 521/16/2091
f 2630/2262/2092 692/2263/2092 2637/2224/2092
f 2644/2231/2093 693/2264/2093 2651/2238/2093
f 693/2264/2094 2658/2250/2094 2651/2238/2094
f 694/2265/2095 2665/2266/2095 2658/2250/2095
f 3309/16/2096 3316/16/2096 794/16/2096
f 542/16/2097 2664/16/2097 2665/16/2097
f 2667/16/2098 2664/16/2098 542/16/2098
f 543/16/2099 3310/16/2099 3843/16/2099
f 2666/16/2100 2662/16/2100 2667/16/2100
f 793/16/2101 3828/16/2101 3304/16/2101
f 2659/2245/2102 534/2267/2102 533/2268/2102
f 2652/2239/2103 533/2268/2103 532/2269/2103
f 2645/2233/2104 532/2269/2104 531/2270/2104
f 530/2271/2105 2645/2233/2105 531/2270/2105
f 529/2272/2106 2638/2226/2106 530/2271/2106
f 528/2255/2107 2631/2214/2107 529/2272/2107
f 499/16/2108 2702/16/2108 500/16/2108
f 480/16/2109 2693/16/2109 489/16/2109
f 2669/16/2110 2696/16/2110 2697/16/2110
f 2670/16/2111 501/16/2111 2695/16/2111
f 2668/16/2112 2673/16/2112 2677/16/2112
f 2670/16/2113 2669/16/2113 2668/16/2113
f 2670/16/2114 511/16/2114 501/16/2114
f 2737/16/2115 704/16/2115 2707/16/2115
f 2671/2273/2116 2675/2274/2116 2674/2275/2116
f 2674/2275/2117 2678/2276/2117 2673/2277/2117
f 2675/2274/2118 2679/2278/2118 2674/2275/2118
f 57/16/2119 3332/16/2119 697/16/2119
f 2676/16/2120 2682/16/2120 2687/16/2120
f 2678/2276/2121 2683/2279/2121 2677/2280/2121
f 2679/2278/2122 2684/2281/2122 2678/2276/2122
f 2680/2282/2123 2685/2283/2123 2679/2278/2123
f 2681/2284/2124 2686/2285/2124 2680/2282/2124
f 2683/2279/2125 2688/2286/2125 2682/2287/2125
f 2684/2281/2126 2689/2288/2126 2683/2279/2126
f 2685/2283/2127 2690/2289/2127 2684/2281/2127
f 2686/2285/2128 2691/2290/2128 2685/2283/2128
f 2681/16/2129 698/16/2129 699/16/2129
f 2668/16/2130 2674/16/2130 2673/16/2130
f 3324/16/2131 688/16/2131 3331/16/2131
f 3350/16/2132 3338/16/2132 3332/16/2132
f 2681/16/2133 2692/16/2133 2686/16/2133
f 2681/16/2134 521/16/2134 522/16/2134
f 2692/2291/2135 523/2260/2135 2691/2290/2135
f 2691/2290/2136 524/2259/2136 2690/2289/2136
f 2690/2289/2137 525/2258/2137 2689/2288/2137
f 2689/2288/2138 526/2257/2138 2688/2286/2138
f 2688/2286/2139 527/2256/2139 2687/2292/2139
f 2687/2292/2140 42/2254/2140 513/2293/2140
f 2676/16/2141 2677/16/2141 2682/16/2141
f 2697/16/2142 2694/16/2142 701/16/2142
f 2696/16/2143 499/16/2143 498/16/2143
f 2694/16/2144 700/16/2144 701/16/2144
f 2696/16/2145 498/16/2145 2694/16/2145
f 489/16/2146 2693/16/2146 2699/16/2146
f 2702/16/2147 501/16/2147 500/16/2147
f 2676/16/2148 2668/16/2148 2677/16/2148
f 2694/16/2149 682/16/2149 700/16/2149
f 2694/16/2150 497/16/2150 682/16/2150
f 488/16/2151 510/16/2151 2693/16/2151
f 2698/16/2152 2703/16/2152 499/16/2152
f 2702/16/2153 499/16/2153 2695/16/2153
f 2701/16/2154 498/16/2154 2700/16/2154
f 472/16/2155 2713/16/2155 2710/16/2155
f 2703/16/2156 2700/16/2156 498/16/2156
f 2715/16/2157 2716/16/2157 3348/16/2157
f 488/16/2158 472/16/2158 2715/16/2158
f 2716/16/2159 704/16/2159 705/16/2159
f 679/16/2160 3361/16/2160 702/16/2160
f 3345/16/2161 3353/16/2161 3351/16/2161
f 497/16/2162 2701/16/2162 703/16/2162
f 497/16/2163 703/16/2163 682/16/2163
f 472/16/2164 2712/16/2164 2713/16/2164
f 2698/16/2165 489/16/2165 2699/16/2165
f 2704/2294/2166 2709/2295/2166 2708/2296/2166
f 2705/2297/2167 2710/2298/2167 2709/2295/2167
f 2708/2296/2168 2712/2299/2168 2711/2300/2168
f 2709/2295/2169 2713/2301/2169 2712/2299/2169
f 500/16/2170 2698/16/2170 499/16/2170
f 37/2302/2171 2704/2294/2171 476/2303/2171
f 475/2304/2172 2705/2297/2172 2704/2294/2172
f 474/2305/2173 2706/2306/2173 2705/2297/2173
f 472/16/2174 2710/16/2174 2706/16/2174
f 3348/16/2175 2716/16/2175 705/16/2175
f 2715/16/2176 2700/16/2176 2699/16/2176
f 488/16/2177 2711/16/2177 2712/16/2177
f 2714/2307/2178 480/2308/2178 479/2309/2178
f 478/2310/2179 2714/2307/2179 479/2309/2179
f 477/2311/2180 2711/2300/2180 478/2310/2180
f 476/2303/2181 2708/2296/2181 477/2311/2181
f 2717/2312/2182 2724/2313/2182 2723/2314/2182
f 2718/2315/2183 2725/2316/2183 2724/2313/2183
f 2719/2317/2184 2726/2318/2184 2725/2316/2184
f 2720/2319/2185 2727/2320/2185 2726/2318/2185
f 2723/2314/2186 2729/2321/2186 2728/2322/2186
f 2724/2313/2187 2730/2323/2187 2729/2321/2187
f 2725/2316/2188 2731/2324/2188 2730/2323/2188
f 2726/2318/2189 2732/2325/2189 2731/2324/2189
f 2728/2322/2190 2734/2326/2190 2733/2327/2190
f 2729/2321/2191 2735/2328/2191 2734/2326/2191
f 2730/2323/2192 2736/2329/2192 2735/2328/2192
f 472/16/2193 3379/16/2193 2707/16/2193
f 2734/2326/2194 2738/2330/2194 2733/2327/2194
f 2735/2328/2195 2739/2331/2195 2734/2326/2195
f 2736/2329/2196 2740/2332/2196 2735/2328/2196
f 2722/16/2197 2732/16/2197 2727/16/2197
f 2739/2331/2198 2743/2333/2198 2738/2330/2198
f 2740/2332/2199 2744/2334/2199 2739/2331/2199
f 2741/2335/2200 2745/2336/2200 2740/2332/2200
f 3389/16/2201 666/16/2201 3413/16/2201
f 3394/16/2202 710/16/2202 3391/16/2202
f 2744/2334/2203 2747/2337/2203 2743/2333/2203
f 2745/2336/2204 2748/2338/2204 2744/2334/2204
f 2746/2339/2205 2749/2340/2205 2745/2336/2205
f 35/2341/2206 2717/2312/2206 458/2342/2206
f 457/2343/2207 2718/2315/2207 2717/2312/2207
f 456/2344/2208 2719/2317/2208 2718/2315/2208
f 455/2345/2209 2720/2319/2209 2719/2317/2209
f 454/2346/2210 2721/2347/2210 2720/2319/2210
f 453/2348/2211 2722/2349/2211 2721/2347/2211
f 3386/16/2212 984/16/2212 3393/16/2212
f 2722/16/2213 674/16/2213 706/16/2213
f 700/16/2214 682/16/2214 3344/16/2214
f 2732/16/2215 2746/16/2215 2741/16/2215
f 2750/2350/2216 473/2351/2216 2749/2340/2216
f 2749/2340/2217 474/2305/2217 2748/2338/2217
f 2748/2338/2218 475/2304/2218 2747/2337/2218
f 2747/2337/2219 37/2302/2219 464/2352/2219
f 2743/2333/2220 464/2352/2220 463/2353/2220
f 2738/2330/2221 463/2353/2221 462/2354/2221
f 2733/2327/2222 462/2354/2222 461/2355/2222
f 460/2356/2223 2733/2327/2223 461/2355/2223
f 459/2357/2224 2728/2322/2224 460/2356/2224
f 458/2342/2225 2723/2314/2225 459/2357/2225
f 2752/2358/2226 2760/2359/2226 2759/2360/2226
f 2753/2361/2227 2761/2362/2227 2760/2359/2227
f 2754/2363/2228 2762/2364/2228 2761/2362/2228
f 2755/2365/2229 2763/2366/2229 2762/2364/2229
f 2756/2367/2230 2764/2368/2230 2763/2366/2230
f 2757/2369/2231 2765/2370/2231 2764/2368/2231
f 2759/2360/2232 2767/2371/2232 2766/2372/2232
f 2760/2359/2233 2768/2373/2233 2767/2371/2233
f 2761/2362/2234 2769/2374/2234 2768/2373/2234
f 2762/2364/2235 2770/2375/2235 2769/2374/2235
f 2763/2366/2236 2771/2376/2236 2770/2375/2236
f 2764/2368/2237 2772/2377/2237 2771/2376/2237
f 2766/2372/2238 2774/2378/2238 2773/2379/2238
f 2767/2371/2239 2775/2380/2239 2774/2378/2239
f 2768/2373/2240 2776/2381/2240 2775/2380/2240
f 2769/2374/2241 2777/2382/2241 2776/2381/2241
f 2770/2375/2242 2778/2383/2242 2777/2382/2242
f 2771/2376/2243 2779/2384/2243 2778/2383/2243
f 2774/2378/2244 2780/2385/2244 2773/2379/2244
f 2775/2380/2245 2781/2386/2245 2774/2378/2245
f 2776/2381/2246 2782/2387/2246 2775/2380/2246
f 2777/2382/2247 2783/2388/2247 2776/2381/2247
f 2778/2383/2248 2784/2389/2248 2777/2382/2248
f 2779/2384/2249 2785/2390/2249 2778/2383/2249
f 2781/2386/2250 2787/2391/2250 2780/2385/2250
f 2782/2387/2251 2788/2392/2251 2781/2386/2251
f 2783/2388/2252 2789/2393/2252 2782/2387/2252
f 2784/2389/2253 2790/2394/2253 2783/2388/2253
f 2785/2390/2254 2791/2395/2254 2784/2389/2254
f 2786/2396/2255 2792/2397/2255 2785/2390/2255
f 2788/2392/2256 2794/2398/2256 2787/2391/2256
f 2789/2393/2257 2795/2399/2257 2788/2392/2257
f 2790/2394/2258 2796/2400/2258 2789/2393/2258
f 2791/2395/2259 2797/2401/2259 2790/2394/2259
f 2792/2397/2260 2798/2402/2260 2791/2395/2260
f 2793/2403/2261 2799/2404/2261 2792/2397/2261
f 33/2405/2262 2752/2358/2262 438/2406/2262
f 437/2407/2263 2753/2361/2263 2752/2358/2263
f 436/2408/2264 2754/2363/2264 2753/2361/2264
f 435/2409/2265 2755/2365/2265 2754/2363/2265
f 434/2410/2266 2756/2367/2266 2755/2365/2266
f 433/2411/2267 2757/2369/2267 2756/2367/2267
f 432/2412/2268 2758/2413/2268 2757/2369/2268
f 431/2414/2269 707/2415/2269 2758/2413/2269
f 670/16/2270 3412/16/2270 669/16/2270
f 2765/2370/2271 708/2416/2271 2772/2377/2271
f 2772/2377/2272 709/2417/2272 2779/2384/2272
f 709/2417/2273 2786/2396/2273 2779/2384/2273
f 3384/16/2274 3385/16/2274 3387/16/2274
f 710/2418/2275 2800/2419/2275 2793/2403/2275
f 983/16/2276 1920/16/2276 1927/16/2276
f 2800/2419/2277 452/2420/2277 2799/2404/2277
f 2799/2404/2278 453/2348/2278 2798/2402/2278
f 2798/2402/2279 454/2346/2279 2797/2401/2279
f 2797/2401/2280 455/2345/2280 2796/2400/2280
f 2796/2400/2281 456/2344/2281 2795/2399/2281
f 2795/2399/2282 457/2343/2282 2794/2398/2282
f 2794/2398/2283 35/2341/2283 444/2421/2283
f 2787/2391/2284 444/2421/2284 443/2422/2284
f 2780/2385/2285 443/2422/2285 442/2423/2285
f 2773/2379/2286 442/2423/2286 441/2424/2286
f 440/2425/2287 2773/2379/2287 441/2424/2287
f 439/2426/2288 2766/2372/2288 440/2425/2288
f 438/2406/2289 2759/2360/2289 439/2426/2289
f 2801/2427/2290 2809/2428/2290 2808/2429/2290
f 2802/2430/2291 2810/2431/2291 2809/2428/2291
f 2803/2432/2292 2811/2433/2292 2810/2431/2292
f 2804/2434/2293 2812/2435/2293 2811/2433/2293
f 2805/2436/2294 2813/2437/2294 2812/2435/2294
f 2806/2438/2295 2814/2439/2295 2813/2437/2295
f 2808/2429/2296 2816/2440/2296 2815/2441/2296
f 2809/2428/2297 2817/2442/2297 2816/2440/2297
f 2810/2431/2298 2818/2443/2298 2817/2442/2298
f 2811/2433/2299 2819/2444/2299 2818/2443/2299
f 2812/2435/2300 2820/2445/2300 2819/2444/2300
f 2813/2437/2301 2821/2446/2301 2820/2445/2301
f 2815/2441/2302 2823/2447/2302 2822/2448/2302
f 2816/2440/2303 2824/2449/2303 2823/2447/2303
f 2817/2442/2304 2825/2450/2304 2824/2449/2304
f 2818/2443/2305 2826/2451/2305 2825/2450/2305
f 2819/2444/2306 2827/2452/2306 2826/2451/2306
f 2820/2445/2307 2828/2453/2307 2827/2452/2307
f 2823/2447/2308 2829/2454/2308 2822/2448/2308
f 2824/2449/2309 2830/2455/2309 2823/2447/2309
f 2825/2450/2310 2831/2456/2310 2824/2449/2310
f 2826/2451/2311 2832/2457/2311 2825/2450/2311
f 2827/2452/2312 2833/2458/2312 2826/2451/2312
f 2828/2453/2313 2834/2459/2313 2827/2452/2313
f 2830/2455/2314 2836/2460/2314 2829/2454/2314
f 2831/2456/2315 2837/2461/2315 2830/2455/2315
f 2832/2457/2316 2838/2462/2316 2831/2456/2316
f 2833/2458/2317 2839/2463/2317 2832/2457/2317
f 2834/2459/2318 2840/2464/2318 2833/2458/2318
f 2835/2465/2319 2841/2466/2319 2834/2459/2319
f 2837/2461/2320 2843/2467/2320 2836/2460/2320
f 2838/2462/2321 2844/2468/2321 2837/2461/2321
f 2839/2463/2322 2845/2469/2322 2838/2462/2322
f 2840/2464/2323 2846/2470/2323 2839/2463/2323
f 2841/2466/2324 2847/2471/2324 2840/2464/2324
f 2842/2472/2325 2848/2473/2325 2841/2466/2325
f 31/2474/2326 2801/2427/2326 417/2475/2326
f 416/2476/2327 2802/2430/2327 2801/2427/2327
f 415/2477/2328 2803/2432/2328 2802/2430/2328
f 414/2478/2329 2804/2434/2329 2803/2432/2329
f 413/2479/2330 2805/2436/2330 2804/2434/2330
f 412/2480/2331 2806/2438/2331 2805/2436/2331
f 411/2481/2332 2807/2482/2332 2806/2438/2332
f 410/2483/2333 711/2484/2333 2807/2482/2333
f 2807/2482/2334 712/2485/2334 2814/2439/2334
f 713/16/2335 3401/16/2335 3408/16/2335
f 2821/2446/2336 713/2486/2336 2828/2453/2336
f 713/2486/2337 2835/2465/2337 2828/2453/2337
f 663/16/2338 3451/16/2338 662/16/2338
f 714/2487/2339 2849/2488/2339 2842/2472/2339
f 715/2489/2340 431/2414/2340 2849/2488/2340
f 2849/2488/2341 432/2412/2341 2848/2473/2341
f 2848/2473/2342 433/2411/2342 2847/2471/2342
f 2847/2471/2343 434/2410/2343 2846/2470/2343
f 2846/2470/2344 435/2409/2344 2845/2469/2344
f 2845/2469/2345 436/2408/2345 2844/2468/2345
f 2844/2468/2346 437/2407/2346 2843/2467/2346
f 2843/2467/2347 33/2405/2347 423/2490/2347
f 2836/2460/2348 423/2490/2348 422/2491/2348
f 2829/2454/2349 422/2491/2349 421/2492/2349
f 2822/2448/2350 421/2492/2350 420/2493/2350
f 419/2494/2351 2822/2448/2351 420/2493/2351
f 418/2495/2352 2815/2441/2352 419/2494/2352
f 417/2475/2353 2808/2429/2353 418/2495/2353
f 2850/2496/2354 2858/2497/2354 2857/2498/2354
f 2851/2499/2355 2859/2500/2355 2858/2497/2355
f 2852/2501/2356 2860/2502/2356 2859/2500/2356
f 2853/2503/2357 2861/2504/2357 2860/2502/2357
f 2854/2505/2358 2862/2506/2358 2861/2504/2358
f 2855/2507/2359 2863/2508/2359 2862/2506/2359
f 2857/2498/2360 2865/2509/2360 2864/2510/2360
f 2858/2497/2361 2866/2511/2361 2865/2509/2361
f 2859/2500/2362 2867/2512/2362 2866/2511/2362
f 2860/2502/2363 2868/2513/2363 2867/2512/2363
f 2861/2504/2364 2869/2514/2364 2868/2513/2364
f 2862/2506/2365 2870/2515/2365 2869/2514/2365
f 2864/2510/2366 2872/2516/2366 2871/2517/2366
f 2865/2509/2367 2873/2518/2367 2872/2516/2367
f 2866/2511/2368 2874/2519/2368 2873/2518/2368
f 2867/2512/2369 2875/2520/2369 2874/2519/2369
f 2868/2513/2370 2876/2521/2370 2875/2520/2370
f 2869/2514/2371 2877/2522/2371 2876/2521/2371
f 2872/2516/2372 2878/2523/2372 2871/2517/2372
f 2873/2518/2373 2879/2524/2373 2872/2516/2373
f 2874/2519/2374 2880/2525/2374 2873/2518/2374
f 2875/2520/2375 2881/2526/2375 2874/2519/2375
f 2876/2521/2376 2882/2527/2376 2875/2520/2376
f 2877/2522/2377 2883/2528/2377 2876/2521/2377
f 2879/2524/2378 2885/2529/2378 2878/2523/2378
f 2880/2525/2379 2886/2530/2379 2879/2524/2379
f 2881/2526/2380 2887/2531/2380 2880/2525/2380
f 2882/2527/2381 2888/2532/2381 2881/2526/2381
f 2883/2528/2382 2889/2533/2382 2882/2527/2382
f 2884/2534/2383 2890/2535/2383 2883/2528/2383
f 2886/2530/2384 2892/2536/2384 2885/2529/2384
f 2887/2531/2385 2893/2537/2385 2886/2530/2385
f 2888/2532/2386 2894/2538/2386 2887/2531/2386
f 2889/2533/2387 2895/2539/2387 2888/2532/2387
f 2890/2535/2388 2896/2540/2388 2889/2533/2388
f 2891/2541/2389 2897/2542/2389 2890/2535/2389
f 29/2543/2390 2850/2496/2390 396/2544/2390
f 395/2545/2391 2851/2499/2391 2850/2496/2391
f 394/2546/2392 2852/2501/2392 2851/2499/2392
f 393/2547/2393 2853/2503/2393 2852/2501/2393
f 392/2548/2394 2854/2505/2394 2853/2503/2394
f 391/2549/2395 2855/2507/2395 2854/2505/2395
f 390/2550/2396 2856/2551/2396 2855/2507/2396
f 389/2552/2397 716/2553/2397 2856/2551/2397
f 2856/2551/2398 717/2554/2398 2863/2508/2398
f 2863/2508/2399 718/2555/2399 2870/2515/2399
f 2870/2515/2400 719/2556/2400 2877/2522/2400
f 719/2556/2401 2884/2534/2401 2877/2522/2401
f 720/2557/2402 2891/2541/2402 2884/2534/2402
f 721/2558/2403 2898/2559/2403 2891/2541/2403
f 722/2560/2404 410/2483/2404 2898/2559/2404
f 2898/2559/2405 411/2481/2405 2897/2542/2405
f 2897/2542/2406 412/2480/2406 2896/2540/2406
f 2896/2540/2407 413/2479/2407 2895/2539/2407
f 2895/2539/2408 414/2478/2408 2894/2538/2408
f 2894/2538/2409 415/2477/2409 2893/2537/2409
f 2893/2537/2410 416/2476/2410 2892/2536/2410
f 2892/2536/2411 31/2474/2411 402/2561/2411
f 2885/2529/2412 402/2561/2412 401/2562/2412
f 2878/2523/2413 401/2562/2413 400/2563/2413
f 2871/2517/2414 400/2563/2414 399/2564/2414
f 398/2565/2415 2871/2517/2415 399/2564/2415
f 397/2566/2416 2864/2510/2416 398/2565/2416
f 396/2544/2417 2857/2498/2417 397/2566/2417
f 2899/2567/2418 2906/2568/2418 2905/2569/2418
f 2900/2570/2419 2907/2571/2419 2906/2568/2419
f 2901/2572/2420 2908/2573/2420 2907/2571/2420
f 2902/2574/2421 2909/2575/2421 2908/2573/2421
f 2910/16/2422 2923/16/2422 2916/16/2422
f 2905/2569/2423 2912/2576/2423 2911/2577/2423
f 2906/2568/2424 2913/2578/2424 2912/2576/2424
f 2907/2571/2425 2914/2579/2425 2913/2578/2425
f 2908/2573/2426 2915/2580/2426 2914/2579/2426
f 2909/2575/2427 2916/2581/2427 2915/2580/2427
f 940/16/2428 2030/16/2428 2037/16/2428
f 2911/2577/2429 2918/2582/2429 2917/2583/2429
f 2912/2576/2430 2919/2584/2430 2918/2582/2430
f 2913/2578/2431 2920/2585/2431 2919/2584/2431
f 2914/2579/2432 2921/2586/2432 2920/2585/2432
f 2915/2580/2433 2922/2587/2433 2921/2586/2433
f 2916/2581/2434 2923/2588/2434 2922/2587/2434
f 2918/2582/2435 2924/2589/2435 2917/2583/2435
f 2919/2584/2436 2925/2590/2436 2918/2582/2436
f 2920/2585/2437 2926/2591/2437 2919/2584/2437
f 2921/2586/2438 2927/2592/2438 2920/2585/2438
f 2922/2587/2439 2928/2593/2439 2921/2586/2439
f 2923/2588/2440 2929/2594/2440 2922/2587/2440
f 2925/2590/2441 2930/2595/2441 2924/2589/2441
f 2926/2591/2442 2931/2596/2442 2925/2590/2442
f 2927/2592/2443 2932/2597/2443 2926/2591/2443
f 2928/2593/2444 2933/2598/2444 2927/2592/2444
f 2929/2594/2445 2934/2599/2445 2928/2593/2445
f 3469/16/2446 3479/16/2446 725/16/2446
f 2931/2596/2447 2937/2600/2447 2930/2595/2447
f 2932/2597/2448 2938/2601/2448 2931/2596/2448
f 2933/2598/2449 2939/2602/2449 2932/2597/2449
f 2934/2599/2450 2940/2603/2450 2933/2598/2450
f 2935/2604/2451 2941/2605/2451 2934/2599/2451
f 2936/2606/2452 2942/2607/2452 2935/2604/2452
f 27/2608/2453 2899/2567/2453 375/2609/2453
f 374/2610/2454 2900/2570/2454 2899/2567/2454
f 373/2611/2455 2901/2572/2455 2900/2570/2455
f 372/2612/2456 2902/2574/2456 2901/2572/2456
f 371/2613/2457 2903/2614/2457 2902/2574/2457
f 370/2615/2458 2904/2616/2458 2903/2614/2458
f 3455/16/2459 648/16/2459 3461/16/2459
f 2910/16/2460 2916/16/2460 2904/16/2460
f 3469/16/2461 3475/16/2461 3480/16/2461
f 3469/16/2462 725/16/2462 724/16/2462
f 725/2617/2463 2943/2618/2463 2936/2606/2463
f 726/2619/2464 389/2552/2464 2943/2618/2464
f 2943/2618/2465 390/2550/2465 2942/2607/2465
f 2942/2607/2466 391/2549/2466 2941/2605/2466
f 2941/2605/2467 392/2548/2467 2940/2603/2467
f 2940/2603/2468 393/2547/2468 2939/2602/2468
f 2939/2602/2469 394/2546/2469 2938/2601/2469
f 2938/2601/2470 395/2545/2470 2937/2600/2470
f 2937/2600/2471 29/2543/2471 381/2620/2471
f 2930/2595/2472 381/2620/2472 380/2621/2472
f 2924/2589/2473 380/2621/2473 379/2622/2473
f 2917/2583/2474 379/2622/2474 378/2623/2474
f 377/2624/2475 2917/2583/2475 378/2623/2475
f 376/2625/2476 2911/2577/2476 377/2624/2476
f 375/2609/2477 2905/2569/2477 376/2625/2477
f 2944/2626/2478 2951/2627/2478 2950/2628/2478
f 2945/2629/2479 2952/2630/2479 2951/2627/2479
f 2946/2631/2480 2953/2632/2480 2952/2630/2480
f 2947/2633/2481 2954/2634/2481 2953/2632/2481
f 2955/16/2482 2966/16/2482 2960/16/2482
f 2950/2628/2483 2957/2635/2483 2956/2636/2483
f 2951/2627/2484 2958/2637/2484 2957/2635/2484
f 2952/2630/2485 2959/2638/2485 2958/2637/2485
f 2954/16/2486 2960/16/2486 2965/16/2486
f 3508/16/2487 3517/16/2487 3512/16/2487
f 2956/2636/2488 2962/2639/2488 2961/2640/2488
f 2957/2635/2489 2963/2641/2489 2962/2639/2489
f 2958/2637/2490 2964/2642/2490 2963/2641/2490
f 2959/2638/2491 2965/2643/2491 2964/2642/2491
f 2960/16/2492 2966/16/2492 2971/16/2492
f 2962/2639/2493 2967/2644/2493 2961/2640/2493
f 2963/2641/2494 2968/2645/2494 2962/2639/2494
f 2964/2642/2495 2969/2646/2495 2963/2641/2495
f 2965/2643/2496 2970/2647/2496 2964/2642/2496
f 3518/16/2497 645/16/2497 646/16/2497
f 2968/2645/2498 2972/2648/2498 2967/2644/2498
f 2969/2646/2499 2973/2649/2499 2968/2645/2499
f 2970/2647/2500 2974/2650/2500 2969/2646/2500
f 2973/2649/2501 2978/2651/2501 2972/2648/2501
f 2974/2650/2502 2979/2652/2502 2973/2649/2502
f 2975/2653/2503 2980/2654/2503 2974/2650/2503
f 2976/2655/2504 2981/2656/2504 2975/2653/2504
f 2965/16/2505 2976/16/2505 2975/16/2505
f 25/2657/2506 2944/2626/2506 354/2658/2506
f 353/2659/2507 2945/2629/2507 2944/2626/2507
f 352/2660/2508 2946/2631/2508 2945/2629/2508
f 351/2661/2509 2947/2633/2509 2946/2631/2509
f 350/2662/2510 2948/2663/2510 2947/2633/2510
f 349/2664/2511 2949/2665/2511 2948/2663/2511
f 347/16/2512 2955/16/2512 2949/16/2512
f 3538/16/2513 732/16/2513 731/16/2513
f 3507/16/2514 3516/16/2514 729/16/2514
f 3507/16/2515 729/16/2515 728/16/2515
f 2977/16/2516 368/16/2516 369/16/2516
f 729/16/2517 368/16/2517 2977/16/2517
f 648/16/2518 647/16/2518 3456/16/2518
f 2981/2656/2519 372/2612/2519 2980/2654/2519
f 2980/2654/2520 373/2611/2520 2979/2652/2520
f 2979/2652/2521 374/2610/2521 2978/2651/2521
f 2978/2651/2522 27/2608/2522 360/2666/2522
f 2972/2648/2523 360/2666/2523 359/2667/2523
f 2967/2644/2524 359/2667/2524 358/2668/2524
f 2961/2640/2525 358/2668/2525 357/2669/2525
f 356/2670/2526 2961/2640/2526 357/2669/2526
f 355/2671/2527 2956/2636/2527 356/2670/2527
f 354/2658/2528 2950/2628/2528 355/2671/2528
f 2982/2672/2529 2989/2673/2529 2988/2674/2529
f 2983/2675/2530 2990/2676/2530 2989/2673/2530
f 2984/2677/2531 2991/2678/2531 2990/2676/2531
f 2985/2679/2532 2992/2680/2532 2991/2678/2532
f 2986/2681/2533 2993/2682/2533 2992/2680/2533
f 3016/16/2534 347/16/2534 348/16/2534
f 2988/2674/2535 2995/2683/2535 2994/2684/2535
f 2989/2673/2536 2996/2685/2536 2995/2683/2536
f 2990/2676/2537 2997/2686/2537 2996/2685/2537
f 641/16/2538 640/16/2538 3495/16/2538
f 2993/16/2539 3004/16/2539 2992/16/2539
f 2994/2684/2540 3000/2687/2540 2999/2688/2540
f 2995/2683/2541 3001/2689/2541 3000/2687/2541
f 2996/2685/2542 3002/2690/2542 3001/2689/2542
f 2997/2686/2543 3003/2691/2543 3002/2690/2543
f 3534/16/2544 3545/16/2544 3544/16/2544
f 639/16/2545 638/16/2545 3496/16/2545
f 3000/2687/2546 3006/2692/2546 2999/2688/2546
f 3001/2689/2547 3007/2693/2547 3000/2687/2547
f 3002/2690/2548 3008/2694/2548 3001/2689/2548
f 3003/2691/2549 3009/2695/2549 3002/2690/2549
f 3003/16/2550 3015/16/2550 3014/16/2550
f 3005/2696/2551 3010/2697/2551 3004/2698/2551
f 3007/2693/2552 3011/2699/2552 3006/2692/2552
f 3008/2694/2553 3012/2700/2553 3007/2693/2553
f 3009/2695/2554 3013/2701/2554 3008/2694/2554
f 2992/16/2555 3003/16/2555 2997/16/2555
f 3012/2700/2556 3017/2702/2556 3011/2699/2556
f 3013/2701/2557 3018/2703/2557 3012/2700/2557
f 3014/2704/2558 3019/2705/2558 3013/2701/2558
f 3015/2706/2559 3020/2707/2559 3014/2704/2559
f 23/2708/2560 2982/2672/2560 333/2709/2560
f 332/2710/2561 2983/2675/2561 2982/2672/2561
f 331/2711/2562 2984/2677/2562 2983/2675/2562
f 330/2712/2563 2985/2679/2563 2984/2677/2563
f 329/2713/2564 2986/2681/2564 2985/2679/2564
f 2987/16/2565 2998/16/2565 2993/16/2565
f 2987/16/2566 2993/16/2566 327/16/2566
f 3604/16/2567 3542/16/2567 3600/16/2567
f 2998/2714/2568 731/2715/2568 3005/2696/2568
f 642/16/2569 3549/16/2569 641/16/2569
f 51/16/2570 3528/16/2570 730/16/2570
f 3010/16/2571 3021/16/2571 3015/16/2571
f 3021/2716/2572 350/2662/2572 3020/2707/2572
f 3020/2707/2573 351/2661/2573 3019/2705/2573
f 3019/2705/2574 352/2660/2574 3018/2703/2574
f 3018/2703/2575 353/2659/2575 3017/2702/2575
f 3017/2702/2576 25/2657/2576 339/2717/2576
f 3011/2699/2577 339/2717/2577 338/2718/2577
f 3006/2692/2578 338/2718/2578 337/2719/2578
f 2999/2688/2579 337/2719/2579 336/2720/2579
f 335/2721/2580 2999/2688/2580 336/2720/2580
f 334/2722/2581 2994/2684/2581 335/2721/2581
f 333/2709/2582 2988/2674/2582 334/2722/2582
f 3022/2723/2583 3027/2724/2583 3026/2725/2583
f 3023/2726/2584 3028/2727/2584 3027/2724/2584
f 3024/2728/2585 3029/2729/2585 3028/2727/2585
f 3025/2730/2586 3030/2731/2586 3029/2729/2586
f 3042/16/2587 3036/16/2587 3047/16/2587
f 3026/2725/2588 3033/2732/2588 3032/2733/2588
f 3027/2724/2589 3034/2734/2589 3033/2732/2589
f 3028/2727/2590 3035/2735/2590 3034/2734/2590
f 3030/16/2591 3036/16/2591 3042/16/2591
f 3031/2736/2592 3037/2737/2592 3036/2738/2592
f 3032/2733/2593 3039/2739/2593 3038/2740/2593
f 3033/2732/2594 3040/2741/2594 3039/2739/2594
f 3034/2734/2595 3041/2742/2595 3040/2741/2595
f 3035/2735/2596 3042/2743/2596 3041/2742/2596
f 3039/2739/2597 3043/2744/2597 3038/2740/2597
f 3040/2741/2598 3044/2745/2598 3039/2739/2598
f 3041/2742/2599 3045/2746/2599 3040/2741/2599
f 3042/2743/2600 3046/2747/2600 3041/2742/2600
f 3054/16/2601 327/16/2601 328/16/2601
f 3044/2745/2602 3049/2748/2602 3043/2744/2602
f 3045/2746/2603 3050/2749/2603 3044/2745/2603
f 3046/2747/2604 3051/2750/2604 3045/2746/2604
f 3048/2751/2605 3054/2752/2605 3047/2753/2605
f 3050/2749/2606 3055/2754/2606 3049/2748/2606
f 3051/2750/2607 3056/2755/2607 3050/2749/2607
f 3052/2756/2608 3057/2757/2608 3051/2750/2608
f 3053/2758/2609 3058/2759/2609 3052/2756/2609
f 21/2760/2610 3022/2723/2610 312/2761/2610
f 311/2762/2611 3023/2726/2611 3022/2723/2611
f 310/2763/2612 3024/2728/2612 3023/2726/2612
f 309/2764/2613 3025/2730/2613 3024/2728/2613
f 3037/16/2614 3048/16/2614 3047/16/2614
f 3048/16/2615 734/16/2615 735/16/2615
f 733/16/2616 306/16/2616 305/16/2616
f 3058/2759/2617 330/2712/2617 3057/2757/2617
f 3057/2757/2618 331/2711/2618 3056/2755/2618
f 3056/2755/2619 332/2710/2619 3055/2754/2619
f 3055/2754/2620 23/2708/2620 318/2765/2620
f 3049/2748/2621 318/2765/2621 317/2766/2621
f 3043/2744/2622 317/2766/2622 316/2767/2622
f 3038/2740/2623 316/2767/2623 315/2768/2623
f 314/2769/2624 3038/2740/2624 315/2768/2624
f 313/2770/2625 3032/2733/2625 314/2769/2625
f 312/2761/2626 3026/2725/2626 313/2770/2626
f 3063/16/2627 3059/16/2627 3064/16/2627
f 3059/2771/2628 3065/2772/2628 3064/2773/2628
f 3061/16/2629 3066/16/2629 3072/16/2629
f 3151/16/2630 3297/16/2630 3152/16/2630
f 3063/2774/2631 3069/2775/2631 3068/2776/2631
f 3064/2773/2632 3071/2777/2632 3070/2778/2632
f 3065/2772/2633 3072/2779/2633 3071/2777/2633
f 3067/2780/2634 3074/2781/2634 3073/2782/2634
f 3068/2776/2635 3075/2783/2635 3074/2781/2635
f 3069/2775/2636 3076/2784/2636 3075/2783/2636
f 3070/2778/2637 3077/2785/2637 3076/2784/2637
f 3072/16/2638 3078/16/2638 3084/16/2638
f 3074/2781/2639 3079/2786/2639 3073/2782/2639
f 3075/2783/2640 3080/2787/2640 3074/2781/2640
f 3076/2784/2641 3081/2788/2641 3075/2783/2641
f 3077/2785/2642 3082/2789/2642 3076/2784/2642
f 3560/16/2643 739/16/2643 630/16/2643
f 3080/2787/2644 3086/2790/2644 3079/2786/2644
f 3081/2788/2645 3087/2791/2645 3080/2787/2645
f 3082/2789/2646 3088/2792/2646 3081/2788/2646
f 3083/2793/2647 3089/2794/2647 3082/2789/2647
f 3084/2795/2648 3090/2796/2648 3083/2793/2648
f 3085/2797/2649 3091/2798/2649 3084/2795/2649
f 3087/2791/2650 3092/2799/2650 3086/2790/2650
f 3088/2792/2651 3093/2800/2651 3087/2791/2651
f 3089/2794/2652 3094/2801/2652 3088/2792/2652
f 3090/2796/2653 3095/2802/2653 3089/2794/2653
f 3090/16/2654 3091/16/2654 307/16/2654
f 292/16/2655 3068/16/2655 3067/16/2655
f 291/16/2656 3286/16/2656 118/16/2656
f 290/2803/2657 3060/2804/2657 3059/2771/2657
f 289/2805/2658 3061/2806/2658 3060/2804/2658
f 287/16/2659 3066/16/2659 3061/16/2659
f 3066/16/2660 3078/16/2660 3072/16/2660
f 3090/16/2661 308/16/2661 3095/16/2661
f 3560/16/2662 3556/16/2662 3563/16/2662
f 3085/16/2663 305/16/2663 3091/16/2663
f 3523/16/2664 3533/16/2664 3528/16/2664
f 328/16/2665 3058/16/2665 3053/16/2665
f 3072/16/2666 3084/16/2666 3083/16/2666
f 3095/2802/2667 309/2764/2667 3094/2801/2667
f 3094/2801/2668 310/2763/2668 3093/2800/2668
f 3093/2800/2669 311/2762/2669 3092/2799/2669
f 3092/2799/2670 21/2760/2670 297/2807/2670
f 3086/2790/2671 297/2807/2671 296/2808/2671
f 3079/2786/2672 296/2808/2672 295/2809/2672
f 3073/2782/2673 295/2809/2673 294/2810/2673
f 293/2811/2674 3073/2782/2674 294/2810/2674
f 292/2812/2675 3067/2780/2675 293/2811/2675
f 274/16/2676 3118/16/2676 3096/16/2676
f 3096/2813/2677 3099/2814/2677 3098/2815/2677
f 3114/16/2678 275/16/2678 277/16/2678
f 3117/16/2679 266/16/2679 265/16/2679
f 3115/16/2680 263/16/2680 3116/16/2680
f 3098/2815/2681 3103/2816/2681 3102/2817/2681
f 3145/16/2682 3830/16/2682 564/16/2682
f 3158/16/2683 3163/16/2683 3162/16/2683
f 3103/2816/2684 3106/2818/2684 3102/2817/2684
f 3097/16/2685 107/16/2685 291/16/2685
f 3106/2818/2686 3108/2819/2686 3105/2820/2686
f 3107/2821/2687 3109/2822/2687 3106/2818/2687
f 3109/2822/2688 3112/2823/2688 3108/2819/2688
f 3110/2824/2689 3113/2825/2689 3109/2822/2689
f 274/16/2690 3098/16/2690 3102/16/2690
f 3118/16/2691 3116/16/2691 3120/16/2691
f 3120/16/2692 740/16/2692 741/16/2692
f 3063/16/2693 3070/16/2693 3069/16/2693
f 3099/2814/2694 743/2826/2694 3103/2816/2694
f 743/2826/2695 3107/2821/2695 3103/2816/2695
f 744/2827/2696 3110/2824/2696 3107/2821/2696
f 3110/16/2697 287/16/2697 288/16/2697
f 3634/16/2698 624/16/2698 3640/16/2698
f 3113/2825/2699 289/2805/2699 3112/2823/2699
f 3112/2823/2700 290/2803/2700 3111/2828/2700
f 233/16/2701 3289/16/2701 3300/16/2701
f 3063/16/2702 3064/16/2702 3070/16/2702
f 3063/16/2703 3101/16/2703 3111/16/2703
f 275/16/2704 274/16/2704 276/16/2704
f 278/16/2705 277/16/2705 276/16/2705
f 252/16/2706 3298/16/2706 3062/16/2706
f 276/16/2707 274/16/2707 3101/16/2707
f 3101/16/2708 274/16/2708 3105/16/2708
f 750/16/2709 3669/16/2709 3673/16/2709
f 274/16/2710 3104/16/2710 3118/16/2710
f 3119/16/2711 249/16/2711 3122/16/2711
f 219/16/2712 15/16/2712 220/16/2712
f 275/16/2713 3114/16/2713 3115/16/2713
f 264/16/2714 3114/16/2714 265/16/2714
f 3120/16/2715 50/16/2715 740/16/2715
f 3063/16/2716 290/16/2716 3059/16/2716
f 3119/16/2717 250/16/2717 249/16/2717
f 3149/16/2718 3673/16/2718 607/16/2718
f 3116/16/2719 262/16/2719 3647/16/2719
f 746/16/2720 3652/16/2720 747/16/2720
f 109/16/2721 3097/16/2721 291/16/2721
f 3096/16/2722 742/16/2722 3099/16/2722
f 3141/16/2723 566/16/2723 3133/16/2723
f 278/16/2724 276/16/2724 3100/16/2724
f 292/16/2725 3100/16/2725 3063/16/2725
f 608/16/2726 3125/16/2726 3667/16/2726
f 3148/16/2727 3281/16/2727 3296/16/2727
f 274/16/2728 3102/16/2728 3105/16/2728
f 601/16/2729 3702/16/2729 3699/16/2729
f 746/16/2730 3653/16/2730 3652/16/2730
f 251/16/2731 3122/16/2731 263/16/2731
f 3114/16/2732 264/16/2732 263/16/2732
f 3668/16/2733 3651/16/2733 604/16/2733
f 750/16/2734 3673/16/2734 3149/16/2734
f 3101/16/2735 3105/16/2735 3108/16/2735
f 3125/16/2736 3654/16/2736 3667/16/2736
f 3669/16/2737 601/16/2737 3674/16/2737
f 3651/16/2738 1508/16/2738 1030/16/2738
f 3124/16/2739 3291/16/2739 99/16/2739
f 250/16/2740 3172/16/2740 3169/16/2740
f 251/16/2741 253/16/2741 3138/16/2741
f 3145/16/2742 565/16/2742 3832/16/2742
f 791/16/2743 3143/16/2743 3853/16/2743
f 3115/16/2744 3116/16/2744 3118/16/2744
f 3127/16/2745 3292/16/2745 3129/16/2745
f 3165/16/2746 218/16/2746 3137/16/2746
f 236/16/2747 792/16/2747 3836/16/2747
f 3127/16/2748 792/16/2748 3841/16/2748
f 3282/16/2749 232/16/2749 3285/16/2749
f 251/16/2750 3168/16/2750 3122/16/2750
f 3149/16/2751 3130/16/2751 750/16/2751
f 3142/16/2752 3828/16/2752 239/16/2752
f 3144/16/2043 3303/16/2043 3304/16/2043
f 558/16/2752 3142/16/2752 239/16/2752
f 3650/16/2753 3660/16/2753 3654/16/2753
f 240/16/2754 789/16/2754 790/16/2754
f 3136/16/2755 3176/16/2755 3169/16/2755
f 3146/16/2756 3164/16/2756 221/16/2756
f 611/16/2757 608/16/2757 3123/16/2757
f 3132/16/2758 3134/16/2758 3293/16/2758
f 219/16/2759 220/16/2759 235/16/2759
f 3147/16/2760 3172/16/2760 3119/16/2760
f 3146/16/2761 221/16/2761 253/16/2761
f 3166/16/2762 231/16/2762 3161/16/2762
f 3146/16/2763 253/16/2763 254/16/2763
f 3818/16/2764 3135/16/2764 564/16/2764
f 751/16/2765 3658/16/2765 3657/16/2765
f 3149/16/2766 749/16/2766 249/16/2766
f 3289/16/2767 233/16/2767 3836/16/2767
f 750/16/2768 603/16/2768 602/16/2768
f 3062/16/2769 98/16/2769 99/16/2769
f 3297/16/2770 3151/16/2770 558/16/2770
f 241/16/2771 3840/16/2771 3826/16/2771
f 253/16/2772 251/16/2772 254/16/2772
f 3143/16/2743 3828/16/2743 3853/16/2743
f 3142/16/2773 558/16/2773 3144/16/2773
f 237/16/2774 3290/16/2774 3296/16/2774
f 3158/16/2775 3156/16/2775 3159/16/2775
f 3175/16/2776 231/16/2776 3136/16/2776
f 3166/16/2777 3173/16/2777 231/16/2777
f 3158/2829/2778 3162/2830/2778 3161/2831/2778
f 219/16/2779 215/16/2779 3160/16/2779
f 3154/16/2780 3203/16/2780 3183/16/2780
f 250/16/2781 3176/16/2781 3130/16/2781
f 3158/16/2782 3189/16/2782 3190/16/2782
f 3162/2830/2783 3167/2832/2783 3166/2833/2783
f 219/16/2784 216/16/2784 215/16/2784
f 3165/16/2785 235/16/2785 220/16/2785
f 3172/16/2786 250/16/2786 3119/16/2786
f 3175/16/2787 3136/16/2787 3169/16/2787
f 3166/16/2788 3170/16/2788 3173/16/2788
f 3168/16/2789 251/16/2789 3177/16/2789
f 3173/16/2790 750/16/2790 3136/16/2790
f 3157/16/2791 15/16/2791 3160/16/2791
f 3164/16/2792 3137/16/2792 221/16/2792
f 3137/16/2793 3164/16/2793 230/16/2793
f 3173/16/2794 3174/16/2794 3178/16/2794
f 215/16/2795 3155/16/2795 3160/16/2795
f 204/16/2796 206/16/2796 216/16/2796
f 214/2834/2797 752/2835/2797 3156/2836/2797
f 3156/2836/2798 753/2837/2798 3159/2838/2798
f 3159/2838/2799 754/2839/2799 3163/2840/2799
f 3163/2840/2800 755/2841/2800 3167/2832/2800
f 755/2841/2801 3170/2842/2801 3167/2832/2801
f 756/2843/2802 3174/2844/2802 3170/2842/2802
f 757/2845/2803 3178/2846/2803 3174/2844/2803
f 758/2847/2804 229/2848/2804 3178/2846/2804
f 3173/16/2805 229/16/2805 750/16/2805
f 3172/16/2806 3147/16/2806 3169/16/2806
f 3281/16/2807 232/16/2807 237/16/2807
f 3836/16/2808 3126/16/2808 3299/16/2808
f 3230/16/2809 3196/16/2809 3202/16/2809
f 3175/16/2810 218/16/2810 3165/16/2810
f 3173/16/2811 3178/16/2811 229/16/2811
f 235/16/2812 217/16/2812 230/16/2812
f 3187/16/2813 3184/16/2813 3189/16/2813
f 3182/16/2814 191/16/2814 3203/16/2814
f 191/16/2815 3239/16/2815 3242/16/2815
f 3196/16/2816 3230/16/2816 3239/16/2816
f 219/16/2817 204/16/2817 216/16/2817
f 3196/16/2818 191/16/2818 3202/16/2818
f 3189/16/2819 3157/16/2819 3155/16/2819
f 3203/16/2820 202/16/2820 3181/16/2820
f 3202/16/2821 3199/16/2821 192/16/2821
f 3190/16/2822 3186/16/2822 3188/16/2822
f 202/2849/2823 759/2850/2823 3181/2851/2823
f 3181/2851/2824 760/2852/2824 3183/2853/2824
f 3183/2853/2825 761/2854/2825 3185/2855/2825
f 3185/2855/2826 762/2856/2826 3186/2857/2826
f 762/2856/2827 3188/2858/2827 3186/2857/2827
f 763/2859/2828 3191/2860/2828 3188/2858/2828
f 764/2861/2829 3192/2862/2829 3191/2860/2829
f 765/2863/2830 214/2834/2830 3192/2862/2830
f 3190/16/2831 3184/16/2831 3180/16/2831
f 3158/16/2832 214/16/2832 3156/16/2832
f 194/16/2833 234/16/2833 205/16/2833
f 203/16/2834 3179/16/2834 205/16/2834
f 193/16/2835 3206/16/2835 3238/16/2835
f 3194/2864/2836 3198/2865/2836 3197/2866/2836
f 234/16/2837 203/16/2837 205/16/2837
f 3158/16/2838 3191/16/2838 3192/16/2838
f 191/16/2839 3196/16/2839 3239/16/2839
f 3187/16/2840 3189/16/2840 3155/16/2840
f 3190/16/2841 3185/16/2841 3186/16/2841
f 3197/2866/2842 3201/2867/2842 3200/2868/2842
f 3182/16/2843 3203/16/2843 3154/16/2843
f 3203/16/2844 3181/16/2844 3183/16/2844
f 3200/2868/2845 3204/2869/2845 3203/2870/2845
f 3203/16/2846 3207/16/2846 3208/16/2846
f 3182/16/2847 3205/16/2847 191/16/2847
f 206/16/2848 3179/16/2848 216/16/2848
f 191/16/2849 3193/16/2849 3197/16/2849
f 190/2871/2850 3194/2864/2850 3193/2872/2850
f 189/2873/2851 3195/2874/2851 3194/2864/2851
f 188/2875/2852 766/2876/2852 3195/2874/2852
f 3195/2874/2853 767/2877/2853 3198/2865/2853
f 3198/2865/2854 768/2878/2854 3201/2867/2854
f 3201/2867/2855 769/2879/2855 3204/2869/2855
f 769/2879/2856 3207/2880/2856 3204/2869/2856
f 770/2881/2857 3208/2882/2857 3207/2880/2857
f 771/2883/2858 3209/2884/2858 3208/2882/2858
f 772/2885/2859 202/2849/2859 3209/2884/2859
f 3175/16/2860 3165/16/2860 15/16/2860
f 193/16/2861 3199/16/2861 194/16/2861
f 3210/2886/2862 3217/2887/2862 3216/2888/2862
f 3211/2889/2863 3218/2890/2863 3217/2887/2863
f 3212/2891/2864 3219/2892/2864 3218/2890/2864
f 3213/2893/2865 3220/2894/2865 3219/2892/2865
f 3214/2895/2866 3221/2896/2866 3220/2894/2866
f 3215/2897/2867 3222/2898/2867 3221/2896/2867
f 3216/2888/2868 3224/2899/2868 3223/2900/2868
f 3217/2887/2869 3225/2901/2869 3224/2899/2869
f 3218/2890/2870 3226/2902/2870 3225/2901/2870
f 3219/2892/2871 3227/2903/2871 3226/2902/2871
f 3220/2894/2872 3228/2904/2872 3227/2903/2872
f 3221/2896/2873 3229/2905/2873 3228/2904/2873
f 3230/16/2874 3235/16/2874 3239/16/2874
f 3182/16/2875 3184/16/2875 203/16/2875
f 3225/2901/2876 3231/2906/2876 3230/2907/2876
f 3226/2902/2877 3232/2908/2877 3231/2906/2877
f 3227/2903/2878 3233/2909/2878 3232/2908/2878
f 3228/2904/2879 3234/2910/2879 3233/2909/2879
f 3230/16/2880 3231/16/2880 3232/16/2880
f 3233/2909/2881 3235/2911/2881 3232/2908/2881
f 3234/2910/2882 3236/2912/2882 3233/2909/2882
f 3190/16/2883 3154/16/2883 3183/16/2883
f 3236/2912/2884 3239/2913/2884 3235/2911/2884
f 3237/2914/2885 3240/2915/2885 3236/2912/2885
f 3240/2915/2886 3242/2916/2886 3239/2913/2886
f 3241/2917/2887 3243/2918/2887 3240/2915/2887
f 10/2919/2888 3210/2886/2888 178/2920/2888
f 177/2921/2889 3211/2889/2889 3210/2886/2889
f 176/2922/2890 3212/2891/2890 3211/2889/2890
f 175/2923/2891 3213/2893/2891 3212/2891/2891
f 174/2924/2892 3214/2895/2892 3213/2893/2892
f 3215/16/2893 773/16/2893 3222/16/2893
f 3222/2898/2894 774/2925/2894 3229/2905/2894
f 3229/2905/2895 775/2926/2895 3234/2910/2895
f 775/2926/2896 3237/2914/2896 3234/2910/2896
f 776/2927/2897 3244/2928/2897 3241/2917/2897
f 777/2929/2898 188/2875/2898 3244/2928/2898
f 3244/2928/2899 189/2873/2899 3243/2918/2899
f 3243/2918/2900 190/2871/2900 3242/2916/2900
f 3223/16/2901 3230/16/2901 192/16/2901
f 234/16/2902 194/16/2902 3199/16/2902
f 3157/16/2903 231/16/2903 3175/16/2903
f 3230/16/2904 3202/16/2904 192/16/2904
f 179/2930/2905 3223/2900/2905 180/2931/2905
f 178/2920/2906 3216/2888/2906 179/2930/2906
f 3261/16/2907 149/16/2907 160/16/2907
f 3266/16/2908 130/16/2908 138/16/2908
f 3245/16/2909 3249/16/2909 3248/16/2909
f 3215/16/2910 780/16/2910 773/16/2910
f 3248/16/2911 3261/16/2911 160/16/2911
f 3263/16/2912 3784/16/2912 3783/16/2912
f 3246/16/2913 3247/16/2913 3215/16/2913
f 3246/16/2914 3214/16/2914 174/16/2914
f 3245/16/2915 165/16/2915 164/16/2915
f 161/16/2916 3252/16/2916 3251/16/2916
f 139/16/2917 3259/16/2917 150/16/2917
f 3246/16/2918 174/16/2918 3257/16/2918
f 3251/2932/2919 3254/2933/2919 3250/2934/2919
f 3252/2935/2920 3255/2936/2920 3251/2932/2920
f 3253/2937/2921 3256/2938/2921 3252/2935/2921
f 3258/16/2922 3261/16/2922 3260/16/2922
f 3257/2939/2923 175/2923/2923 3256/2938/2923
f 3256/2938/2924 176/2922/2924 3255/2936/2924
f 3255/2936/2925 177/2921/2925 3254/2933/2925
f 3254/2933/2926 10/2919/2926 166/2940/2926
f 3250/2934/2927 166/2940/2927 165/2941/2927
f 3245/16/2928 3248/16/2928 161/16/2928
f 162/16/2929 3245/16/2929 163/16/2929
f 139/16/2930 3268/16/2930 3259/16/2930
f 3266/16/2931 138/16/2931 3265/16/2931
f 3757/16/2932 585/16/2932 3759/16/2932
f 150/16/2933 3259/16/2933 3260/16/2933
f 150/16/2934 152/16/2934 151/16/2934
f 150/16/2935 3260/16/2935 3262/16/2935
f 3265/16/2936 784/16/2936 3267/16/2936
f 3262/16/2937 3245/16/2937 162/16/2937
f 3284/16/2938 3816/16/2938 3805/16/2938
f 784/16/2939 3274/16/2939 3276/16/2939
f 139/16/2940 150/16/2940 141/16/2940
f 3269/16/2941 783/16/2941 3270/16/2941
f 3275/16/2942 3792/16/2942 3276/16/2942
f 3265/16/2943 138/16/2943 784/16/2943
f 3245/16/2944 164/16/2944 163/16/2944
f 3268/16/2945 3267/16/2945 3264/16/2945
f 3263/16/2946 3793/16/2946 572/16/2946
f 3284/16/2947 786/16/2947 3816/16/2947
f 3263/16/2948 572/16/2948 3779/16/2948
f 139/16/2949 3265/16/2949 3267/16/2949
f 3265/16/2950 139/16/2950 141/16/2950
f 3276/16/2951 3274/16/2951 3273/16/2951
f 3286/16/2952 3121/16/2952 3150/16/2952
f 141/16/2953 150/16/2953 151/16/2953
f 3792/16/2954 782/16/2954 783/16/2954
f 574/16/2955 3275/16/2955 3284/16/2955
f 3258/16/2956 3259/16/2956 3272/16/2956
f 3808/16/2957 3812/16/2957 3813/16/2957
f 574/16/2958 3284/16/2958 3787/16/2958
f 3274/16/2959 128/16/2959 3279/16/2959
f 3808/16/2960 3813/16/2960 3786/16/2960
f 3812/16/2961 3824/16/2961 3796/16/2961
f 109/16/2962 87/16/2962 119/16/2962
f 3821/16/2963 3818/16/2963 563/16/2963
f 3798/16/2964 787/16/2964 3823/16/2964
f 3816/16/2965 786/16/2965 3280/16/2965
f 3298/16/2630 3151/16/2630 3152/16/2630
f 3128/16/2966 108/16/2966 3291/16/2966
f 3821/16/2967 3824/16/2967 3822/16/2967
f 117/16/2968 3285/16/2968 787/16/2968
f 561/16/2969 3832/16/2969 788/16/2969
f 561/16/2771 241/16/2771 3826/16/2771
f 3297/16/2970 3126/16/2970 233/16/2970
f 3300/16/2971 3289/16/2971 3288/16/2971
f 3826/16/2972 3839/16/2972 3838/16/2972
f 3300/16/2973 3288/16/2973 98/16/2973
f 3296/16/2974 240/16/2974 790/16/2974
f 789/16/2975 3293/16/2975 3292/16/2975
f 3299/16/2976 236/16/2976 3836/16/2976
f 3294/16/2977 3288/16/2977 3295/16/2977
f 3127/16/2978 3129/16/2978 792/16/2978
f 3829/16/2979 3294/16/2979 3295/16/2979
f 3828/16/2773 3142/16/2773 3144/16/2773
f 3303/16/2773 3144/16/2773 558/16/2773
f 789/16/2980 788/16/2980 3832/16/2980
f 3299/16/2981 238/16/2981 236/16/2981
f 3298/16/2982 252/16/2982 89/16/2982
f 3298/16/2983 89/16/2983 88/16/2983
f 565/16/2984 3135/16/2984 3131/16/2984
f 3829/16/2985 107/16/2985 3139/16/2985
f 108/16/2986 3128/16/2986 3139/16/2986
f 3851/16/2987 3844/16/2987 3852/16/2987
f 86/16/2988 3298/16/2988 88/16/2988
f 543/16/2989 691/16/2989 3310/16/2989
f 3294/16/2990 98/16/2990 3288/16/2990
f 548/16/2991 546/16/2991 44/16/2991
f 109/16/2656 291/16/2656 118/16/2656
f 3306/16/2992 2665/16/2992 694/16/2992
f 2622/16/2993 691/16/2993 543/16/2993
f 3305/16/2994 3331/16/2994 688/16/2994
f 546/16/2995 548/16/2995 544/16/2995
f 3850/16/2996 791/16/2996 3853/16/2996
f 545/16/2997 546/16/2997 544/16/2997
f 556/16/2998 86/16/2998 71/16/2998
f 557/16/2999 3301/16/2999 3304/16/2999
f 2623/16/3000 695/16/3000 542/16/3000
f 2622/16/3001 557/16/3001 2620/16/3001
f 3834/16/3002 3854/16/3002 3835/16/3002
f 3132/16/3003 3293/16/3003 3296/16/3003
f 3302/16/3004 556/16/3004 545/16/3004
f 3834/16/3005 3850/16/3005 3854/16/3005
f 3840/16/3006 3835/16/3006 3839/16/3006
f 3309/16/3007 691/16/3007 696/16/3007
f 690/16/3008 3326/16/3008 3327/16/3008
f 794/16/3009 3316/16/3009 3314/16/3009
f 80/16/3010 79/16/3010 3842/16/3010
f 3848/16/3011 1049/16/3011 3855/16/3011
f 792/16/3012 236/16/3012 791/16/3012
f 3842/16/3013 79/16/3013 972/16/3013
f 794/16/3014 3314/16/3014 3311/16/3014
f 3847/16/3015 3848/16/3015 3855/16/3015
f 795/16/3016 3311/16/3016 3318/16/3016
f 3316/16/3017 3309/16/3017 689/16/3017
f 690/16/3018 3309/16/3018 696/16/3018
f 3325/16/3019 974/16/3019 3308/16/3019
f 3308/16/3020 970/16/3020 3315/16/3020
f 2569/16/3021 2579/16/3021 967/16/3021
f 1049/16/3022 1050/16/3022 3855/16/3022
f 548/16/3023 2660/16/3023 2666/16/3023
f 3311/16/3024 3844/16/3024 794/16/3024
f 556/16/3025 3303/16/3025 86/16/3025
f 547/16/3026 3849/16/3026 3850/16/3026
f 3319/16/3027 3323/16/3027 3326/16/3027
f 3320/16/3028 687/16/3028 3324/16/3028
f 977/16/3029 940/16/3029 2061/16/3029
f 2158/16/3030 685/16/3030 3337/16/3030
f 3342/16/3031 3338/16/3031 3334/16/3031
f 3342/16/3032 3335/16/3032 687/16/3032
f 3324/16/3033 3330/16/3033 3328/16/3033
f 3324/16/3034 3331/16/3034 3330/16/3034
f 3328/16/3035 3330/16/3035 689/16/3035
f 689/16/3036 3330/16/3036 3305/16/3036
f 692/16/3037 3326/16/3037 693/16/3037
f 3320/16/3038 3342/16/3038 687/16/3038
f 2138/16/3039 976/16/3039 969/16/3039
f 2158/16/3040 973/16/3040 3325/16/3040
f 969/16/3041 974/16/3041 973/16/3041
f 696/16/3042 3306/16/3042 690/16/3042
f 3327/16/3043 3328/16/3043 689/16/3043
f 3326/2942/3044 694/2265/3044 693/2264/3044
f 3329/16/3045 3342/16/3045 3320/16/3045
f 3319/16/3046 3320/16/3046 3323/16/3046
f 3350/16/3047 3332/16/3047 684/16/3047
f 2036/16/3048 3369/16/3048 675/16/3048
f 698/16/3049 3341/16/3049 699/16/3049
f 3324/16/3050 687/16/3050 3322/16/3050
f 3335/16/3051 3343/16/3051 687/16/3051
f 3341/16/3052 3342/16/3052 3329/16/3052
f 2584/16/3053 3339/16/3053 969/16/3053
f 976/16/3054 2138/16/3054 962/16/3054
f 509/16/3055 697/16/3055 2672/16/3055
f 684/16/3056 3332/16/3056 57/16/3056
f 2139/16/3057 961/16/3057 2552/16/3057
f 3336/16/3058 3335/16/3058 3358/16/3058
f 3336/16/3059 3356/16/3059 683/16/3059
f 686/16/3060 3307/16/3060 688/16/3060
f 3325/16/3061 3322/16/3061 3321/16/3061
f 3343/16/3062 685/16/3062 3321/16/3062
f 3341/16/3063 3329/16/3063 699/16/3063
f 3327/16/3064 689/16/3064 690/16/3064
f 2681/16/3065 522/16/3065 2692/16/3065
f 3372/16/3066 3373/16/3066 979/16/3066
f 2672/16/3067 2680/16/3067 2675/16/3067
f 3344/16/3068 3345/16/3068 3351/16/3068
f 836/16/3069 1041/16/3069 824/16/3069
f 3349/16/3070 683/16/3070 3356/16/3070
f 3353/16/3071 3349/16/3071 3356/16/3071
f 3354/16/3072 975/16/3072 683/16/3072
f 509/16/3073 57/16/3073 697/16/3073
f 3359/16/3074 2139/16/3074 2144/16/3074
f 2703/16/3075 2699/16/3075 2700/16/3075
f 3346/16/3076 3345/16/3076 681/16/3076
f 3349/16/3077 680/16/3077 70/16/3077
f 3349/16/3078 3352/16/3078 683/16/3078
f 2139/16/3079 3340/16/3079 962/16/3079
f 701/16/3080 57/16/3080 509/16/3080
f 701/16/3081 3355/16/3081 57/16/3081
f 2098/16/3082 3354/16/3082 3352/16/3082
f 703/16/3083 3361/16/3083 681/16/3083
f 3368/16/3084 3365/16/3084 3366/16/3084
f 2701/16/3085 705/16/3085 702/16/3085
f 3377/16/3086 3395/16/3086 3378/16/3086
f 940/16/3087 2018/16/3087 2024/16/3087
f 2098/16/3088 956/16/3088 957/16/3088
f 681/16/3089 3344/16/3089 682/16/3089
f 679/16/3090 702/16/3090 705/16/3090
f 3372/16/3091 979/16/3091 978/16/3091
f 700/16/3092 3355/16/3092 701/16/3092
f 3345/16/3093 3346/16/3093 3347/16/3093
f 3366/16/3094 3367/16/3094 3371/16/3094
f 2737/16/3095 2707/16/3095 2751/16/3095
f 677/16/3096 678/16/3096 3377/16/3096
f 2077/16/3097 980/16/3097 978/16/3097
f 700/16/3098 3351/16/3098 3355/16/3098
f 3354/16/3099 683/16/3099 3352/16/3099
f 3373/16/3100 3371/16/3100 3367/16/3100
f 3380/16/3101 678/16/3101 3365/16/3101
f 2732/16/3102 3392/16/3102 2750/16/3102
f 3374/16/3103 3395/16/3103 3377/16/3103
f 3368/16/3104 2742/16/3104 704/16/3104
f 2732/16/3105 2722/16/3105 2751/16/3105
f 3378/16/3106 3375/16/3106 3381/16/3106
f 3368/16/3107 3366/16/3107 3371/16/3107
f 2716/16/3108 2707/16/3108 704/16/3108
f 3379/16/3109 472/16/3109 3392/16/3109
f 981/16/3110 1969/16/3110 1976/16/3110
f 3394/16/3111 3387/16/3111 3388/16/3111
f 2742/16/3112 3368/16/3112 679/16/3112
f 3373/16/3113 3369/16/3113 979/16/3113
f 3386/16/3114 3393/16/3114 3390/16/3114
f 3396/16/3115 671/16/3115 3393/16/3115
f 488/16/3116 480/16/3116 2714/16/3116
f 3380/16/3117 3377/16/3117 678/16/3117
f 3378/16/3118 675/16/3118 676/16/3118
f 706/16/3119 3380/16/3119 2751/16/3119
f 666/16/3120 3389/16/3120 667/16/3120
f 3384/16/3121 3387/16/3121 3391/16/3121
f 3383/16/3122 667/16/3122 3388/16/3122
f 3394/16/3123 3391/16/3123 3387/16/3123
f 3365/16/3124 2737/16/3124 3380/16/3124
f 3390/16/3125 3393/16/3125 671/16/3125
f 2722/16/3126 710/16/3126 674/16/3126
f 670/16/3127 56/16/3127 715/16/3127
f 705/16/3128 2742/16/3128 679/16/3128
f 3394/16/3129 674/16/3129 710/16/3129
f 56/2943/3130 3382/2944/3130 707/2415/3130
f 669/2945/3131 3382/2944/3131 670/2946/3131
f 669/16/3132 3385/16/3132 3384/16/3132
f 667/2947/3133 3383/2948/3133 668/2949/3133
f 706/16/3134 674/16/3134 3374/16/3134
f 672/16/3135 3394/16/3135 3388/16/3135
f 664/16/3136 3386/16/3136 665/16/3136
f 3389/16/3137 671/16/3137 672/16/3137
f 2737/16/3138 3365/16/3138 704/16/3138
f 2732/16/3139 2750/16/3139 2746/16/3139
f 709/16/3140 2793/16/3140 2786/16/3140
f 708/2416/3141 3391/2950/3141 709/2417/3141
f 673/16/3142 2732/16/3142 2751/16/3142
f 707/16/3143 2765/16/3143 2758/16/3143
f 712/16/3144 3401/16/3144 713/16/3144
f 661/16/3145 3402/16/3145 3398/16/3145
f 663/16/3146 55/16/3146 722/16/3146
f 988/16/3147 1885/16/3147 1892/16/3147
f 3399/16/3148 3398/16/3148 3402/16/3148
f 713/16/3149 3408/16/3149 714/16/3149
f 3402/16/3150 3409/16/3150 668/16/3150
f 3403/16/3151 3404/16/3151 3410/16/3151
f 3404/16/3152 3405/16/3152 3411/16/3152
f 3406/16/3153 668/16/3153 3412/16/3153
f 3403/16/3154 3410/16/3154 3409/16/3154
f 3408/16/3155 3412/16/3155 670/16/3155
f 3413/16/3156 665/16/3156 3390/16/3156
f 989/16/3157 3414/16/3157 664/16/3157
f 3411/16/3158 664/16/3158 665/16/3158
f 3414/16/3159 983/16/3159 3386/16/3159
f 989/16/3160 983/16/3160 3414/16/3160
f 55/2951/3161 3397/2952/3161 711/2484/3161
f 662/2953/3162 3397/2952/3162 663/2954/3162
f 661/16/3163 3403/16/3163 3402/16/3163
f 660/16/3164 3404/16/3164 3403/16/3164
f 659/16/3165 3400/16/3165 3405/16/3165
f 658/16/3166 987/16/3166 3400/16/3166
f 3400/16/3167 988/16/3167 3407/16/3167
f 988/16/3168 1913/16/3168 989/16/3168
f 3407/16/3169 989/16/3169 664/16/3169
f 3410/16/3170 665/16/3170 666/16/3170
f 3408/16/3171 670/16/3171 715/16/3171
f 707/16/3172 3384/16/3172 708/16/3172
f 712/16/3173 2821/16/3173 2814/16/3173
f 3416/2955/3174 3422/2956/3174 3415/2957/3174
f 3417/2958/3175 3423/2959/3175 3416/2955/3175
f 3418/2960/3176 3424/2961/3176 3417/2958/3176
f 3419/2962/3177 3425/2963/3177 3418/2960/3177
f 3420/2964/3178 3426/2965/3178 3419/2962/3178
f 3421/2966/3179 3427/2967/3179 3420/2964/3179
f 3423/2959/3180 3429/2968/3180 3422/2956/3180
f 3424/2961/3181 3430/2969/3181 3423/2959/3181
f 3425/2963/3182 3431/2970/3182 3424/2961/3182
f 3426/2965/3183 3432/2971/3183 3425/2963/3183
f 3427/2967/3184 3433/2972/3184 3426/2965/3184
f 3428/2973/3185 3434/2974/3185 3427/2967/3185
f 3430/2969/3186 3436/2975/3186 3429/2968/3186
f 3431/2970/3187 3437/2976/3187 3430/2969/3187
f 3432/2971/3188 3438/2977/3188 3431/2970/3188
f 3433/2972/3189 3439/2978/3189 3432/2971/3189
f 3434/2974/3190 3440/2979/3190 3433/2972/3190
f 3435/2980/3191 3441/2981/3191 3434/2974/3191
f 3436/2975/3192 3444/2982/3192 3443/2983/3192
f 3437/2976/3193 3445/2984/3193 3444/2982/3193
f 3438/2977/3194 3446/2985/3194 3445/2984/3194
f 3439/2978/3195 3447/2986/3195 3446/2985/3195
f 3440/2979/3196 3448/2987/3196 3447/2986/3196
f 3441/2981/3197 3449/2988/3197 3448/2987/3197
f 3443/2983/3198 3451/2989/3198 3450/2990/3198
f 3444/2982/3199 3452/2991/3199 3451/2989/3199
f 3447/16/3200 3453/16/3200 659/16/3200
f 3448/2987/3201 3454/2992/3201 3453/2993/3201
f 3397/16/3202 712/16/3202 711/16/3202
f 54/2994/3203 3415/2957/3203 716/2553/3203
f 656/2995/3204 3415/2957/3204 657/2996/3204
f 655/2997/3205 3416/2955/3205 656/2995/3205
f 654/2998/3206 3417/2958/3206 655/2997/3206
f 653/2999/3207 3418/2960/3207 654/2998/3207
f 652/3000/3208 3419/2962/3208 653/2999/3208
f 651/3001/3209 3420/2964/3209 652/3000/3209
f 68/1029/3210 3421/2966/3210 651/3001/3210
f 990/1083/3211 3428/2973/3211 3421/2966/3211
f 991/1105/3212 3435/2980/3212 3428/2973/3212
f 992/1104/3213 3442/3002/3213 3435/2980/3213
f 3442/3002/3214 994/1102/3214 3449/2988/3214
f 3449/2988/3215 995/1101/3215 3454/2992/3215
f 658/16/3216 3454/16/3216 996/16/3216
f 3451/16/3217 3452/16/3217 662/16/3217
f 3397/16/3218 3401/16/3218 712/16/3218
f 3452/16/3219 661/16/3219 3398/16/3219
f 663/16/3220 3450/16/3220 3451/16/3220
f 3397/16/3221 662/16/3221 3399/16/3221
f 3450/2990/3222 722/2560/3222 721/2558/3222
f 3443/2983/3223 721/2558/3223 720/2557/3223
f 3436/2975/3224 720/2557/3224 719/2556/3224
f 718/2555/3225 3436/2975/3225 719/2556/3225
f 717/2554/3226 3429/2968/3226 718/2555/3226
f 716/2553/3227 3422/2956/3227 717/2554/3227
f 53/16/3228 3460/16/3228 723/16/3228
f 3457/16/3229 3462/16/3229 3466/16/3229
f 3459/3003/3230 3462/3004/3230 3458/3005/3230
f 3460/16/3231 3455/16/3231 3464/16/3231
f 2904/16/3232 2916/16/3232 2909/16/3232
f 3463/3006/3233 3467/3007/3233 3462/3004/3233
f 2910/16/3234 724/16/3234 2923/16/3234
f 3466/3008/3235 3471/3009/3235 3465/3010/3235
f 3467/3007/3236 3472/3011/3236 3466/3008/3236
f 3468/3012/3237 3473/3013/3237 3467/3007/3237
f 3471/16/3238 3476/16/3238 3483/16/3238
f 3472/3011/3239 3477/3014/3239 3476/3015/3239
f 3473/3013/3240 3478/3016/3240 3477/3014/3240
f 3475/3017/3241 3481/3018/3241 3480/3019/3241
f 3470/16/3242 3482/16/3242 3481/16/3242
f 3476/3015/3243 3484/3020/3243 3483/3021/3243
f 3477/3014/3244 3485/3022/3244 3484/3020/3244
f 3479/3023/3245 3487/3024/3245 3486/3025/3245
f 3480/3019/3246 3488/3026/3246 3487/3024/3246
f 3481/3018/3247 3489/3027/3247 3488/3026/3247
f 3482/3028/3248 3490/3029/3248 3489/3027/3248
f 3483/3021/3249 3491/3030/3249 3490/3029/3249
f 3484/3020/3250 3492/3031/3250 3491/3030/3250
f 368/16/3251 2910/16/3251 2904/16/3251
f 650/16/3252 3460/16/3252 53/16/3252
f 648/3032/3253 3455/3033/3253 649/3034/3253
f 723/16/3254 3469/16/3254 724/16/3254
f 646/3035/3255 3456/3036/3255 647/3037/3255
f 645/3038/3256 3457/3039/3256 646/3035/3256
f 644/3040/3257 3458/3005/3257 645/3038/3257
f 67/958/3258 3459/3003/3258 644/3040/3258
f 997/1012/3259 3463/3006/3259 3459/3003/3259
f 998/1034/3260 3468/3012/3260 3463/3006/3260
f 999/1033/3261 3474/3041/3261 3468/3012/3261
f 3474/3041/3262 1001/1031/3262 3478/3016/3262
f 3478/3016/3263 1002/1030/3263 3485/3022/3263
f 3485/3022/3264 1003/1028/3264 3492/3031/3264
f 3492/3031/3265 68/1029/3265 651/3001/3265
f 3491/3030/3266 651/3001/3266 652/3000/3266
f 3490/3029/3267 652/3000/3267 653/2999/3267
f 3489/3027/3268 653/2999/3268 654/2998/3268
f 3488/3026/3269 654/2998/3269 655/2997/3269
f 3487/3024/3270 655/2997/3270 656/2995/3270
f 3486/3025/3271 656/2995/3271 657/2996/3271
f 3486/3025/3272 54/2994/3272 726/2619/3272
f 3479/3023/3273 726/2619/3273 725/2617/3273
f 3469/16/3274 3464/16/3274 3475/16/3274
f 724/16/3275 725/16/3275 2936/16/3275
f 3457/16/3276 3465/16/3276 3456/16/3276
f 723/16/3277 3460/16/3277 3469/16/3277
f 650/16/3278 649/16/3278 3455/16/3278
f 3493/16/3279 3604/16/3279 3558/16/3279
f 2955/16/3280 2960/16/3280 2949/16/3280
f 3497/3042/3281 3501/3043/3281 3496/3044/3281
f 3503/16/3282 3512/16/3282 3507/16/3282
f 3500/16/3283 3509/16/3283 3504/16/3283
f 3502/3045/3284 3505/3046/3284 3501/3043/3284
f 3498/16/3285 3494/16/3285 3503/16/3285
f 3504/16/3286 3513/16/3286 3508/16/3286
f 3506/3047/3287 3510/3048/3287 3505/3046/3287
f 647/16/3288 3517/16/3288 3513/16/3288
f 727/16/3289 3498/16/3289 3507/16/3289
f 3508/16/3290 3512/16/3290 3503/16/3290
f 2949/16/3291 2960/16/3291 2954/16/3291
f 3509/16/3292 3513/16/3292 3504/16/3292
f 3510/3048/3293 3515/3049/3293 3514/3050/3293
f 3512/16/3294 3516/16/3294 3507/16/3294
f 2955/16/3295 728/16/3295 2966/16/3295
f 3513/16/3296 3517/16/3296 3508/16/3296
f 3514/3050/3297 3520/3051/3297 3519/3052/3297
f 649/16/3298 3512/16/3298 3517/16/3298
f 2976/16/3299 371/16/3299 2981/16/3299
f 3518/16/3300 647/16/3300 3513/16/3300
f 2966/16/3301 728/16/3301 2977/16/3301
f 3518/16/3302 3521/16/3302 645/16/3302
f 3519/3052/3303 3522/3053/3303 3521/3054/3303
f 3493/16/3304 3557/16/3304 628/16/3304
f 643/16/3305 3498/16/3305 52/16/3305
f 641/3055/3306 3494/3056/3306 642/3057/3306
f 3543/16/3307 642/16/3307 3548/16/3307
f 639/3058/3308 3495/3059/3308 640/3060/3308
f 639/16/3309 3500/16/3309 3495/16/3309
f 637/3061/3310 3496/3044/3310 638/3062/3310
f 66/941/3311 3497/3042/3311 637/3061/3311
f 1004/940/3312 3502/3045/3312 3497/3042/3312
f 1005/963/3313 3506/3047/3313 3502/3045/3313
f 1006/962/3314 3511/3063/3314 3506/3047/3314
f 3511/3063/3315 1008/960/3315 3515/3049/3315
f 3515/3049/3316 1009/959/3316 3520/3051/3316
f 3520/3051/3317 1010/957/3317 3522/3053/3317
f 3522/3053/3318 67/958/3318 644/3040/3318
f 3521/3054/3319 644/3040/3319 645/3038/3319
f 2954/16/3320 2965/16/3320 2959/16/3320
f 649/16/3321 3516/16/3321 3512/16/3321
f 729/16/3322 53/16/3322 368/16/3322
f 3500/16/3323 3501/16/3323 3505/16/3323
f 732/16/3324 347/16/3324 3016/16/3324
f 634/16/3325 3523/16/3325 636/16/3325
f 3524/16/3326 3525/16/3326 3534/16/3326
f 3531/16/3327 3527/16/3327 3526/16/3327
f 3572/16/3328 632/16/3328 633/16/3328
f 3530/16/3329 1647/16/3329 891/16/3329
f 3573/16/3330 3537/16/3330 3574/16/3330
f 3552/16/3331 3573/16/3331 3546/16/3331
f 3532/16/3332 3559/16/3332 3562/16/3332
f 3534/16/3333 3535/16/3333 3545/16/3333
f 3531/16/3334 3577/16/3334 3578/16/3334
f 3536/16/3335 3541/16/3335 3551/16/3335
f 3538/16/3336 3543/16/3336 3548/16/3336
f 3539/16/3337 3544/16/3337 3549/16/3337
f 327/16/3338 2993/16/3338 2986/16/3338
f 3546/16/3339 1663/16/3339 886/16/3339
f 3562/16/3340 3559/16/3340 3566/16/3340
f 3543/16/3341 3549/16/3341 642/16/3341
f 3544/16/3342 3550/16/3342 640/16/3342
f 3545/3064/3343 3551/3065/3343 3550/3066/3343
f 3552/16/3344 1647/16/3344 3530/16/3344
f 3550/16/3345 3554/16/3345 638/16/3345
f 3551/3065/3346 3555/3067/3346 3554/3068/3346
f 51/16/3347 2987/16/3347 326/16/3347
f 635/16/3348 634/16/3348 636/16/3348
f 65/16/3349 3575/16/3349 626/16/3349
f 632/3069/3350 3524/3070/3350 633/3071/3350
f 632/3069/3351 3526/3072/3351 3525/3073/3351
f 631/16/3352 3578/16/3352 1015/16/3352
f 3527/16/3353 1012/16/3353 3541/16/3353
f 3541/16/3354 1013/16/3354 3555/16/3354
f 3555/3067/3355 66/941/3355 637/3061/3355
f 3554/3068/3356 637/3061/3356 638/3062/3356
f 3003/16/3357 3004/16/3357 3010/16/3357
f 3539/16/3358 3549/16/3358 3543/16/3358
f 3553/16/3359 3559/16/3359 3604/16/3359
f 732/16/3360 52/16/3360 347/16/3360
f 731/16/3361 732/16/3361 3016/16/3361
f 731/16/3362 3016/16/3362 3005/16/3362
f 730/16/3363 731/16/3363 2998/16/3363
f 3532/16/3364 3568/16/3364 3558/16/3364
f 3557/16/3365 3558/16/3365 3564/16/3365
f 3568/16/3366 3532/16/3366 3562/16/3366
f 3548/16/3367 52/16/3367 732/16/3367
f 3561/16/3368 886/16/3368 65/16/3368
f 3541/16/3369 3555/16/3369 3551/16/3369
f 636/16/3370 735/16/3370 3570/16/3370
f 3564/16/3371 3572/16/3371 3567/16/3371
f 3565/16/3372 886/16/3372 1640/16/3372
f 3573/16/3373 3552/16/3373 3530/16/3373
f 3567/16/3374 3572/16/3374 3576/16/3374
f 1685/16/3375 3569/16/3375 1696/16/3375
f 3568/16/3376 3577/16/3376 632/16/3376
f 3537/16/3377 1684/16/3377 3574/16/3377
f 635/16/3378 3570/16/3378 3571/16/3378
f 3562/16/3379 3577/16/3379 3568/16/3379
f 3574/16/3380 1684/16/3380 3579/16/3380
f 3525/16/3381 3526/16/3381 3536/16/3381
f 1647/16/3382 3552/16/3382 3546/16/3382
f 3577/16/3383 3531/16/3383 3526/16/3383
f 328/16/3384 329/16/3384 3058/16/3384
f 3061/16/3385 3072/16/3385 3065/16/3385
f 629/16/3386 630/16/3386 3602/16/3386
f 3558/16/3387 3604/16/3387 3559/16/3387
f 3559/16/3388 3532/16/3388 3558/16/3388
f 1011/16/3389 1684/16/3389 1012/16/3389
f 3566/16/3390 1014/16/3390 1015/16/3390
f 3580/16/3391 3573/16/3391 3530/16/3391
f 3533/16/3392 3543/16/3392 3538/16/3392
f 3584/16/3393 3585/16/3393 3588/16/3393
f 636/16/3394 51/16/3394 735/16/3394
f 3575/16/3395 65/16/3395 1014/16/3395
f 326/16/3396 3048/16/3396 735/16/3396
f 625/16/3397 624/16/3397 3581/16/3397
f 3581/16/3398 3582/16/3398 3590/16/3398
f 3556/16/3399 628/16/3399 3557/16/3399
f 3583/16/3400 3584/16/3400 3591/16/3400
f 3584/16/3401 3592/16/3401 3591/16/3401
f 3586/3074/3402 3588/3075/3402 3585/3076/3402
f 629/16/3403 3602/16/3403 3598/16/3403
f 3587/16/3404 3594/16/3404 737/16/3404
f 3587/16/3405 3581/16/3405 3590/16/3405
f 3588/16/3406 3596/16/3406 3592/16/3406
f 3590/16/3407 3598/16/3407 3594/16/3407
f 3591/16/3408 3592/16/3408 3600/16/3408
f 3594/16/3409 3598/16/3409 3602/16/3409
f 737/16/3410 3594/16/3410 738/16/3410
f 627/16/3411 3595/16/3411 3553/16/3411
f 1045/16/3412 3804/16/3412 1042/16/3412
f 3591/16/3413 3600/16/3413 3599/16/3413
f 3596/16/3414 3600/16/3414 3592/16/3414
f 3503/16/3415 3499/16/3415 3508/16/3415
f 3110/16/3416 288/16/3416 3113/16/3416
f 625/16/3417 3587/16/3417 736/16/3417
f 623/3077/3418 3581/3078/3418 624/3079/3418
f 622/3080/3419 3582/3081/3419 623/3077/3419
f 621/3082/3420 3583/3083/3420 622/3080/3420
f 620/3084/3421 3584/3085/3421 621/3082/3421
f 619/3086/3422 3585/3076/3422 620/3084/3422
f 64/715/3423 3586/3074/3423 619/3086/3423
f 1016/769/3424 3589/3087/3424 3586/3074/3424
f 1017/789/3425 3593/3088/3425 3589/3087/3425
f 1018/788/3426 3597/3089/3426 3593/3088/3426
f 3597/3089/3427 1020/786/3427 3601/3090/3427
f 3601/3090/3428 1021/784/3428 3603/3091/3428
f 3603/3091/3429 1022/785/3429 3605/3092/3429
f 3605/3092/3430 65/3093/3430 626/3094/3430
f 733/16/3431 305/16/3431 739/16/3431
f 3596/16/3432 627/16/3432 3600/16/3432
f 627/16/3433 3553/16/3433 3604/16/3433
f 3557/16/3434 3493/16/3434 3558/16/3434
f 3560/16/3435 3570/16/3435 734/16/3435
f 736/16/3436 3587/16/3436 737/16/3436
f 733/16/3437 3037/16/3437 3031/16/3437
f 3607/3095/3438 3613/3096/3438 3606/3097/3438
f 3608/3098/3439 3614/3099/3439 3607/3095/3439
f 3609/3100/3440 3615/3101/3440 3608/3098/3440
f 3610/3102/3441 3616/3103/3441 3609/3100/3441
f 3611/3104/3442 3617/3105/3442 3610/3102/3442
f 3612/3106/3443 3618/3107/3443 3611/3104/3443
f 3614/3099/3444 3620/3108/3444 3613/3096/3444
f 3615/3101/3445 3621/3109/3445 3614/3099/3445
f 3616/3103/3446 3622/3110/3446 3615/3101/3446
f 3617/3105/3447 3623/3111/3447 3616/3103/3447
f 3618/3107/3448 3624/3112/3448 3617/3105/3448
f 3619/3113/3449 3625/3114/3449 3618/3107/3449
f 3621/3109/3450 3627/3115/3450 3620/3108/3450
f 3622/3110/3451 3628/3116/3451 3621/3109/3451
f 3623/3111/3452 3629/3117/3452 3622/3110/3452
f 3624/3112/3453 3630/3118/3453 3623/3111/3453
f 3625/3114/3454 3631/3119/3454 3624/3112/3454
f 3626/3120/3455 3632/3121/3455 3625/3114/3455
f 3627/16/3456 3634/16/3456 3640/16/3456
f 3628/3116/3457 3635/3122/3457 3634/3123/3457
f 3629/3117/3458 3636/3124/3458 3635/3122/3458
f 3630/3118/3459 3637/3125/3459 3636/3124/3459
f 3631/3119/3460 3638/3126/3460 3637/3125/3460
f 3632/3121/3461 3639/3127/3461 3638/3126/3461
f 3635/16/3462 3641/16/3462 622/16/3462
f 3636/3124/3463 3642/3128/3463 3641/3129/3463
f 3637/3125/3464 3643/3130/3464 3642/3128/3464
f 3638/3126/3465 3644/3131/3465 3643/3130/3465
f 3643/3130/3466 3646/3132/3466 3645/3133/3466
f 50/3134/3467 3606/3097/3467 740/3135/3467
f 617/3136/3468 3606/3097/3468 618/3137/3468
f 616/3138/3469 3607/3095/3469 617/3136/3469
f 615/3139/3470 3608/3098/3470 616/3138/3470
f 614/3140/3471 3609/3100/3471 615/3139/3471
f 613/3141/3472 3610/3102/3472 614/3140/3472
f 612/3142/3473 3611/3104/3473 613/3141/3473
f 63/649/3474 3612/3106/3474 612/3142/3474
f 1023/698/3475 3619/3113/3475 3612/3106/3475
f 1024/720/3476 3626/3120/3476 3619/3113/3476
f 1025/719/3477 3633/3143/3477 3626/3120/3477
f 3633/3143/3478 1027/717/3478 3639/3127/3478
f 3639/3127/3479 1028/716/3479 3644/3131/3479
f 3644/3131/3480 1029/714/3480 3646/3132/3480
f 3646/3132/3481 64/715/3481 619/3086/3481
f 3645/3133/3482 619/3086/3482 620/3084/3482
f 621/16/3483 3642/16/3483 3645/16/3483
f 3590/16/3484 3599/16/3484 3598/16/3484
f 621/16/3485 3641/16/3485 3642/16/3485
f 745/16/3486 736/16/3486 287/16/3486
f 744/16/3487 3640/16/3487 745/16/3487
f 3627/3115/3488 744/2827/3488 743/2826/3488
f 742/3144/3489 3627/3115/3489 743/2826/3489
f 741/3145/3490 3620/3108/3490 742/3144/3490
f 740/3135/3491 3613/3096/3491 741/3145/3491
f 3678/16/3492 3674/16/3492 3675/16/3492
f 610/16/3493 605/16/3493 1493/16/3493
f 3654/16/3494 3125/16/3494 3650/16/3494
f 1030/16/3495 1528/16/3495 1535/16/3495
f 3654/16/3496 3659/16/3496 3658/16/3496
f 3123/16/3497 604/16/3497 3651/16/3497
f 749/16/3498 607/16/3498 3664/16/3498
f 751/16/3499 3657/16/3499 3653/16/3499
f 746/16/3500 3647/16/3500 3649/16/3500
f 3654/16/3501 751/16/3501 3649/16/3501
f 3648/16/3502 1030/16/3502 1031/16/3502
f 3652/3146/3503 3656/3147/3503 3655/3148/3503
f 3653/3149/3504 3657/3150/3504 3656/3147/3504
f 3654/3151/3505 3660/3152/3505 3659/3153/3505
f 3123/16/3506 3651/16/3506 1030/16/3506
f 865/16/3507 1493/16/3507 1480/16/3507
f 605/16/3508 610/16/3508 606/16/3508
f 610/16/3509 865/16/3509 606/16/3509
f 1030/16/3510 1535/16/3510 1542/16/3510
f 3650/16/3511 3648/16/3511 3661/16/3511
f 3661/3154/3512 63/649/3512 612/3142/3512
f 3660/3152/3513 612/3142/3513 613/3141/3513
f 3659/3153/3514 613/3141/3514 614/3140/3514
f 3658/3155/3515 614/3140/3515 615/3139/3515
f 3657/3150/3516 615/3139/3516 616/3138/3516
f 3656/3147/3517 616/3138/3517 617/3136/3517
f 3655/3148/3518 617/3136/3518 618/3137/3518
f 3655/3148/3519 50/3134/3519 748/3156/3519
f 3652/3146/3520 748/3156/3520 747/3157/3520
f 3654/16/3521 3649/16/3521 3667/16/3521
f 3663/16/3522 1454/16/3522 3665/16/3522
f 599/16/3523 3670/16/3523 1034/16/3523
f 1030/16/3524 1542/16/3524 1031/16/3524
f 3648/16/3525 611/16/3525 3123/16/3525
f 249/16/3526 262/16/3526 3122/16/3526
f 262/16/3527 749/16/3527 3647/16/3527
f 275/16/3528 3104/16/3528 274/16/3528
f 611/16/3529 3648/16/3529 3650/16/3529
f 609/16/3530 3667/16/3530 3649/16/3530
f 3647/16/3531 3664/16/3531 3649/16/3531
f 865/16/3532 864/16/3532 1503/16/3532
f 1479/16/3533 3677/16/3533 3676/16/3533
f 1480/16/3534 1467/16/3534 859/16/3534
f 3666/16/3535 62/16/3535 3675/16/3535
f 609/16/3536 3664/16/3536 607/16/3536
f 1493/16/3537 605/16/3537 1034/16/3537
f 601/16/3538 3669/16/3538 602/16/3538
f 3670/16/3539 599/16/3539 1454/16/3539
f 3697/16/3540 594/16/3540 3681/16/3540
f 601/16/3541 602/16/3541 3702/16/3541
f 3672/16/3542 600/16/3542 3693/16/3542
f 3673/16/3543 3678/16/3543 607/16/3543
f 3123/16/3544 1030/16/3544 3648/16/3544
f 3672/16/3545 3671/16/3545 3677/16/3545
f 1033/16/3546 3689/16/3546 3686/16/3546
f 1446/16/3547 3662/16/3547 3665/16/3547
f 3665/16/3548 1441/16/3548 1446/16/3548
f 3116/16/3549 746/16/3549 3120/16/3549
f 3680/3158/3550 3682/3159/3550 3679/3160/3550
f 1427/16/3551 1405/16/3551 1394/16/3551
f 3683/3161/3552 3687/3162/3552 3682/3159/3552
f 3684/3163/3553 3688/3164/3553 3683/3161/3553
f 3684/16/3554 3685/16/3554 3692/16/3554
f 3686/16/3555 3689/16/3555 852/16/3555
f 3688/3164/3556 3690/3165/3556 3687/3162/3556
f 3724/16/3557 595/16/3557 596/16/3557
f 3700/16/3558 61/16/3558 1032/16/3558
f 3724/16/3559 3725/16/3559 595/16/3559
f 3690/3165/3560 3695/3166/3560 3694/3167/3560
f 3691/3168/3561 3696/3169/3561 3695/3166/3561
f 1034/16/3562 3686/16/3562 599/16/3562
f 3694/3167/3563 3699/3170/3563 3698/3171/3563
f 601/16/3564 3697/16/3564 600/16/3564
f 3698/3171/3565 3702/3172/3565 3701/3173/3565
f 1445/16/3566 1032/16/3566 61/16/3566
f 48/3174/3567 3679/3160/3567 752/2835/3567
f 597/3175/3568 3679/3160/3568 598/3176/3568
f 596/3177/3569 3680/3158/3569 597/3175/3569
f 596/16/3570 3683/16/3570 3680/16/3570
f 1428/16/3571 1438/16/3571 855/16/3571
f 1034/16/3572 1445/16/3572 3686/16/3572
f 601/16/3573 3696/16/3573 3692/16/3573
f 3701/3173/3574 602/3178/3574 603/3179/3574
f 3701/3173/3575 49/3180/3575 758/2847/3575
f 3698/3171/3576 758/2847/3576 757/2845/3576
f 3694/3167/3577 757/2845/3577 756/2843/3577
f 3690/3165/3578 756/2843/3578 755/2841/3578
f 754/2839/3579 3690/3165/3579 755/2841/3579
f 753/2837/3580 3687/3162/3580 754/2839/3580
f 752/2835/3581 3682/3159/3581 753/2837/3581
f 3704/3181/3582 3706/3182/3582 3703/3183/3582
f 3681/16/3583 593/16/3583 61/16/3583
f 3705/16/3584 840/16/3584 1350/16/3584
f 1327/16/3585 3705/16/3585 1350/16/3585
f 3707/16/3586 3708/16/3586 3715/16/3586
f 3708/16/3587 3716/16/3587 3715/16/3587
f 3711/3184/3588 3713/3185/3588 3710/3186/3588
f 3712/16/3589 3709/16/3589 3717/16/3589
f 3713/3185/3590 3719/3187/3590 3718/3188/3590
f 3720/16/3591 3721/16/3591 594/16/3591
f 3707/16/3592 3714/16/3592 3711/16/3592
f 3718/3188/3593 3723/3189/3593 3722/3190/3593
f 3719/3187/3594 3724/3191/3594 3723/3189/3594
f 591/16/3595 3745/16/3595 590/16/3595
f 3722/3190/3596 3727/3192/3596 3726/3193/3596
f 47/3194/3597 3703/3183/3597 759/2850/3597
f 591/3195/3598 3703/3183/3598 592/3196/3598
f 590/3197/3599 3704/3181/3599 591/3195/3599
f 3704/16/3600 3711/16/3600 3710/16/3600
f 3708/16/3601 590/16/3601 3745/16/3601
f 1394/16/3602 1412/16/3602 1415/16/3602
f 3709/16/3603 1036/16/3603 3717/16/3603
f 589/16/3604 3747/16/3604 3709/16/3604
f 3725/16/3605 594/16/3605 595/16/3605
f 1404/16/3606 3728/16/3606 848/16/3606
f 3715/16/3607 3725/16/3607 3724/16/3607
f 852/16/3608 3728/16/3608 1404/16/3608
f 3727/3192/3609 596/3177/3609 597/3175/3609
f 3726/3193/3610 597/3175/3610 598/3176/3610
f 3726/3193/3611 48/3174/3611 765/2863/3611
f 3722/3190/3612 765/2863/3612 764/2861/3612
f 3718/3188/3613 764/2861/3613 763/2859/3613
f 3713/3185/3614 763/2859/3614 762/2856/3614
f 761/2854/3615 3713/3185/3615 762/2856/3615
f 760/2852/3616 3710/3186/3616 761/2854/3616
f 759/2850/3617 3706/3182/3617 760/2852/3617
f 841/16/3618 1357/16/3618 1037/16/3618
f 588/16/3619 587/16/3619 3729/16/3619
f 840/16/3620 844/16/3620 1369/16/3620
f 3743/16/3621 581/16/3621 1327/16/3621
f 3731/16/3622 3737/16/3622 768/16/3622
f 3735/16/3623 3742/16/3623 3741/16/3623
f 585/16/3624 3740/16/3624 3739/16/3624
f 3704/16/3625 3710/16/3625 3706/16/3625
f 3731/16/3626 3729/16/3626 3735/16/3626
f 840/16/3627 839/16/3627 1344/16/3627
f 3712/16/3628 589/16/3628 3709/16/3628
f 3750/16/3629 3754/16/3629 3753/16/3629
f 588/16/3630 3731/16/3630 766/16/3630
f 586/3198/3631 3729/3199/3631 587/3200/3631
f 585/16/3632 3736/16/3632 3740/16/3632
f 587/16/3633 3759/16/3633 586/16/3633
f 586/16/3634 585/16/3634 3732/16/3634
f 3743/16/3635 3733/16/3635 581/16/3635
f 3736/16/3636 3760/16/3636 3730/16/3636
f 848/16/3637 1379/16/3637 1380/16/3637
f 1427/16/3638 852/16/3638 1405/16/3638
f 3739/16/3639 3740/16/3639 589/16/3639
f 591/16/3640 3748/16/3640 3744/16/3640
f 3748/3201/3641 591/3195/3641 592/3196/3641
f 3748/3201/3642 47/3194/3642 772/2885/3642
f 3744/3202/3643 772/2885/3643 771/2883/3643
f 3741/3203/3644 771/2883/3644 770/2881/3644
f 3737/3204/3645 770/2881/3645 769/2879/3645
f 768/2878/3646 3737/3204/3646 769/2879/3646
f 766/2876/3647 3731/3205/3647 767/2877/3647
f 3750/16/3648 3753/16/3648 774/16/3648
f 3751/16/3649 3772/16/3649 1037/16/3649
f 3752/16/3650 3757/16/3650 3749/16/3650
f 582/16/3651 3777/16/3651 3762/16/3651
f 3767/16/3652 822/16/3652 1272/16/3652
f 3772/16/3653 3751/16/3653 3756/16/3653
f 1318/16/3654 1296/16/3654 3780/16/3654
f 3758/16/3655 46/16/3655 777/16/3655
f 1292/16/3656 3733/16/3656 3771/16/3656
f 1039/16/3657 1266/16/3657 1271/16/3657
f 1038/16/3658 3730/16/3658 3760/16/3658
f 3263/16/3659 3783/16/3659 782/16/3659
f 3751/16/3660 1037/16/3660 3760/16/3660
f 3765/16/3661 1271/16/3661 1272/16/3661
f 3753/16/3662 776/16/3662 775/16/3662
f 3758/16/3663 587/16/3663 588/16/3663
f 3729/16/3664 586/16/3664 3732/16/3664
f 3758/3206/3665 777/2929/3665 776/2927/3665
f 3757/16/3666 3759/16/3666 3755/16/3666
f 774/2925/3667 3753/3207/3667 775/2926/3667
f 775/16/3668 3241/16/3668 3237/16/3668
f 3215/16/3669 3247/16/3669 780/16/3669
f 3763/16/3670 1327/16/3670 581/16/3670
f 3764/16/3671 579/16/3671 3769/16/3671
f 3765/16/3672 1039/16/3672 1271/16/3672
f 3765/16/3673 1272/16/3673 1288/16/3673
f 1318/16/3674 1292/16/3674 1296/16/3674
f 3770/16/3675 584/16/3675 3749/16/3675
f 1381/16/3676 1380/16/3676 1368/16/3676
f 778/16/3677 781/16/3677 582/16/3677
f 781/16/3678 3258/16/3678 3272/16/3678
f 581/16/3679 1039/16/3679 3765/16/3679
f 1040/16/3680 3780/16/3680 3782/16/3680
f 3777/16/3681 3778/16/3681 580/16/3681
f 779/16/3682 3762/16/3682 3768/16/3682
f 577/16/3683 3775/16/3683 781/16/3683
f 3261/16/3684 3258/16/3684 149/16/3684
f 1327/16/3685 1314/16/3685 1319/16/3685
f 836/16/3686 823/16/3686 1271/16/3686
f 3755/16/3687 3749/16/3687 3757/16/3687
f 577/16/3688 3272/16/3688 3270/16/3688
f 779/16/3689 3768/16/3689 3770/16/3689
f 3775/16/3690 577/16/3690 3774/16/3690
f 3785/16/3691 822/16/3691 1262/16/3691
f 1267/16/3692 1268/16/3692 1273/16/3692
f 583/16/3693 578/16/3693 579/16/3693
f 3775/16/3694 3774/16/3694 3777/16/3694
f 782/16/3695 3783/16/3695 783/16/3695
f 3780/16/3696 575/16/3696 3782/16/3696
f 1318/16/3697 1040/16/3697 1266/16/3697
f 3733/16/3698 3743/16/3698 3771/16/3698
f 3747/16/3699 1035/16/3699 3709/16/3699
f 160/16/3700 3247/16/3700 3246/16/3700
f 782/16/3701 574/16/3701 573/16/3701
f 3792/16/3702 3264/16/3702 3276/16/3702
f 120/16/3703 128/16/3703 129/16/3703
f 3795/16/3704 3781/16/3704 3782/16/3704
f 3749/16/3705 584/16/3705 3761/16/3705
f 1288/16/3706 1289/16/3706 1293/16/3706
f 570/16/3707 1041/16/3707 1040/16/3707
f 130/16/3708 129/16/3708 128/16/3708
f 3791/16/3709 3794/16/3709 571/16/3709
f 3789/16/3710 568/16/3710 3790/16/3710
f 3806/16/3711 569/16/3711 3813/16/3711
f 3810/16/3712 1203/16/3712 3803/16/3712
f 3786/16/3713 569/16/3713 3789/16/3713
f 120/16/3714 3277/16/3714 3279/16/3714
f 3790/16/3715 570/16/3715 3794/16/3715
f 3779/16/3716 571/16/3716 3781/16/3716
f 60/16/3717 1041/16/3717 3790/16/3717
f 569/16/3718 3811/16/3718 568/16/3718
f 570/16/3719 1040/16/3719 3782/16/3719
f 822/16/3720 1250/16/3720 1254/16/3720
f 573/16/3721 574/16/3721 3793/16/3721
f 3810/16/3722 3803/16/3722 1228/16/3722
f 3275/16/3723 574/16/3723 3792/16/3723
f 3796/16/3724 3804/16/3724 3806/16/3724
f 3787/16/3725 3788/16/3725 3791/16/3725
f 3824/16/3726 3812/16/3726 3799/16/3726
f 817/16/3727 567/16/3727 816/16/3727
f 3807/16/3728 1179/16/3728 3802/16/3728
f 1185/16/3729 3802/16/3729 1179/16/3729
f 3810/16/3730 824/16/3730 60/16/3730
f 3814/16/3731 817/16/3731 1203/16/3731
f 3815/16/3732 1197/16/3732 1204/16/3732
f 3271/16/3733 3278/16/3733 3280/16/3733
f 3815/16/3734 1203/16/3734 817/16/3734
f 3825/16/3735 59/16/3735 3797/16/3735
f 3590/16/3736 3583/16/3736 3591/16/3736
f 3802/16/3737 1185/16/3737 3809/16/3737
f 1043/16/3738 1045/16/3738 1042/16/3738
f 3817/16/3739 1222/16/3739 3803/16/3739
f 3813/16/3740 569/16/3740 3786/16/3740
f 3805/16/3741 3799/16/3741 3812/16/3741
f 3816/16/3742 3280/16/3742 785/16/3742
f 3821/16/3743 3819/16/3743 3825/16/3743
f 3275/16/3744 3273/16/3744 786/16/3744
f 3550/16/3745 638/16/3745 639/16/3745
f 787/16/3746 3798/16/3746 785/16/3746
f 3825/16/3747 3797/16/3747 3796/16/3747
f 3826/16/3748 3840/16/3748 3839/16/3748
f 3819/16/3749 1044/16/3749 1046/16/3749
f 3821/16/3750 3796/16/3750 3824/16/3750
f 810/16/3751 809/16/3751 1147/16/3751
f 567/16/3752 817/16/3752 3809/16/3752
f 3285/16/3753 3281/16/3753 3283/16/3753
f 3820/16/3754 3818/16/3754 3822/16/3754
f 3832/16/3755 3140/16/3755 790/16/3755
f 3127/16/3756 788/16/3756 3292/16/3756
f 3833/16/3757 1153/16/3757 1044/16/3757
f 3851/16/3758 3854/16/3758 3844/16/3758
f 3829/16/3759 3290/16/3759 3282/16/3759
f 3145/16/3760 561/16/3760 3830/16/3760
f 1127/16/3761 1063/16/3761 1087/16/3761
f 3839/16/3762 3835/16/3762 3851/16/3762
f 790/16/3763 3148/16/3763 3296/16/3763
f 3272/16/3764 3259/16/3764 3268/16/3764
f 3799/16/3765 3798/16/3765 3823/16/3765
f 789/16/3766 3832/16/3766 790/16/3766
f 3847/16/3767 559/16/3767 3852/16/3767
f 548/16/3768 534/16/3768 2659/16/3768
f 559/16/3769 3855/16/3769 3837/16/3769
f 3826/16/3770 3827/16/3770 3830/16/3770
f 560/16/3771 3838/16/3771 3837/16/3771
f 2569/16/3772 3317/16/3772 969/16/3772
f 3833/16/3773 3819/16/3773 562/16/3773
f 1048/16/3774 560/16/3774 3837/16/3774
f 1087/16/3775 3312/16/3775 1080/16/3775
f 3132/16/3776 3295/16/3776 3134/16/3776
f 3295/16/3777 3132/16/3777 3290/16/3777
f 970/16/3778 2584/16/3778 3842/16/3778
f 547/16/3779 3304/16/3779 3301/16/3779
f 565/16/3780 3131/16/3780 566/16/3780
f 3855/16/3781 1050/16/3781 3837/16/3781
f 3306/16/3782 3326/16/3782 690/16/3782
f 3844/16/3783 3845/16/3783 3852/16/3783
f 3850/16/3784 3834/16/3784 791/16/3784
f 3846/16/3785 972/16/3785 795/16/3785
f 3317/16/3786 968/16/3786 2584/16/3786
f 795/16/3787 972/16/3787 3848/16/3787
f 3297/16/3788 233/16/3788 3300/16/3788
f 3283/16/3789 3141/16/3789 3133/16/3789
f 1072/16/3790 1091/16/3790 1095/16/3790
f 1048/16/3791 58/16/3791 560/16/3791
f 1052/1/3792 1056/5/3792 1055/2/3792
f 1053/4/3793 1057/7/3793 1056/5/3793
f 1054/6/3794 1058/10/3794 1057/7/3794
f 972/16/3795 79/16/3795 1049/16/3795
f 1063/16/3796 1072/16/3796 1087/16/3796
f 1056/5/3797 1060/9/3797 1059/8/3797
f 1057/7/3798 1061/11/3798 1060/9/3798
f 1058/10/3799 1062/14/3799 1061/11/3799
f 1072/16/3800 802/16/3800 1107/16/3800
f 1060/9/3801 1065/13/3801 1064/12/3801
f 1061/11/3802 1066/15/3802 1065/13/3802
f 1062/14/3803 1067/36/3803 1066/15/3803
f 1072/16/3804 1107/16/3804 1111/16/3804
f 1072/16/3805 1111/16/3805 1116/16/3805
f 1064/12/3806 1065/13/3806 1069/17/3806
f 1065/13/3807 1066/15/3807 1070/19/3807
f 1066/15/3808 1067/36/3808 1071/20/3808
f 1072/16/3809 1103/16/3809 802/16/3809
f 1068/18/3810 1069/17/3810 1074/21/3810
f 1069/17/3811 1070/19/3811 1075/23/3811
f 1070/19/3812 1071/20/3812 1076/24/3812
f 1073/22/3813 1074/21/3813 1077/26/3813
f 1074/21/3814 1075/23/3814 1078/25/3814
f 1075/23/3815 1076/24/3815 1079/27/3815
f 3314/16/3816 3313/16/3816 3318/16/3816
f 83/28/3817 1052/1/3817 1051/3/3817
f 84/30/3818 1053/4/3818 1052/1/3818
f 85/31/3819 1054/6/3819 1053/4/3819
f 1/32/3820 78/33/3820 1054/6/3820
f 78/33/3821 77/34/3821 1058/10/3821
f 77/34/3822 76/35/3822 1062/14/3822
f 76/35/3823 75/3208/3823 1067/36/3823
f 1067/36/3824 75/3208/3824 74/37/3824
f 1071/20/3825 74/37/3825 73/38/3825
f 1076/24/3826 73/38/3826 72/39/3826
f 1079/27/3827 72/39/3827 2/40/3827
f 1078/25/3828 1079/27/3828 796/41/3828
f 1077/26/3829 1078/25/3829 797/42/3829
f 803/16/3830 809/16/3830 810/16/3830
f 803/16/3831 1140/16/3831 809/16/3831
f 1072/16/3832 1073/16/3832 1091/16/3832
f 1082/44/3833 1085/48/3833 1084/45/3833
f 1083/47/3834 1086/50/3834 1085/48/3834
f 803/16/3835 1128/16/3835 1134/16/3835
f 1080/16/3836 1048/16/3836 1050/16/3836
f 1073/16/3837 1077/16/3837 798/16/3837
f 1085/48/3838 1089/51/3838 1088/49/3838
f 1086/50/3839 1090/53/3839 1089/51/3839
f 1087/16/3840 1072/16/3840 1115/16/3840
f 1088/49/3841 1092/52/3841 1091/55/3841
f 1089/51/3842 1093/54/3842 1092/52/3842
f 1090/53/3843 1094/71/3843 1093/54/3843
f 1091/55/3844 1092/52/3844 1096/56/3844
f 1092/52/3845 1093/54/3845 1097/58/3845
f 1093/54/3846 1094/71/3846 1098/59/3846
f 803/16/3847 3312/16/3847 1115/16/3847
f 1095/57/3848 1096/56/3848 1100/60/3848
f 1096/56/3849 1097/58/3849 1101/62/3849
f 1097/58/3850 1098/59/3850 1102/63/3850
f 803/16/3851 1047/16/3851 58/16/3851
f 81/16/3852 80/16/3852 2605/16/3852
f 1099/61/3853 1100/60/3853 1104/64/3853
f 1100/60/3854 1101/62/3854 1105/66/3854
f 1101/62/3855 1102/63/3855 1106/67/3855
f 1050/16/3856 1048/16/3856 3837/16/3856
f 797/42/3857 1082/44/3857 1081/46/3857
f 796/41/3858 1083/47/3858 1082/44/3858
f 2/40/3859 97/68/3859 1083/47/3859
f 97/68/3860 96/69/3860 1086/50/3860
f 96/69/3861 95/70/3861 1090/53/3861
f 95/70/3862 94/3209/3862 1094/71/3862
f 1094/71/3863 94/3209/3863 93/72/3863
f 1098/59/3864 93/72/3864 92/73/3864
f 1102/63/3865 92/73/3865 91/74/3865
f 1106/67/3866 91/74/3866 3/75/3866
f 1105/66/3867 1106/67/3867 799/76/3867
f 1104/64/3868 1105/66/3868 800/77/3868
f 1103/65/3869 1104/64/3869 801/78/3869
f 81/16/3870 2605/16/3870 2611/16/3870
f 3826/16/3871 3838/16/3871 3827/16/3871
f 1108/80/3872 1112/84/3872 1111/81/3872
f 1109/83/3873 1113/86/3873 1112/84/3873
f 1110/85/3874 1114/89/3874 1113/86/3874
f 1111/81/3875 1117/87/3875 1116/91/3875
f 1112/84/3876 1118/88/3876 1117/87/3876
f 1113/86/3877 1119/90/3877 1118/88/3877
f 1114/89/3878 1120/97/3878 1119/90/3878
f 1116/91/3879 1122/94/3879 1121/92/3879
f 1117/87/3880 1123/95/3880 1122/94/3880
f 1118/88/3881 1124/96/3881 1123/95/3881
f 1119/90/3882 1125/98/3882 1124/96/3882
f 1120/97/3883 1126/120/3883 1125/98/3883
f 1121/92/3884 1122/94/3884 1129/99/3884
f 1122/94/3885 1123/95/3885 1130/101/3885
f 1123/95/3886 1124/96/3886 1131/102/3886
f 1124/96/3887 1125/98/3887 1132/103/3887
f 1125/98/3888 1126/120/3888 1133/104/3888
f 1128/100/3889 1129/99/3889 1135/105/3889
f 1129/99/3890 1130/101/3890 1136/107/3890
f 1130/101/3891 1131/102/3891 1137/108/3891
f 1131/102/3892 1132/103/3892 1138/109/3892
f 1132/103/3893 1133/104/3893 1139/110/3893
f 1134/106/3894 1135/105/3894 1141/111/3894
f 1135/105/3895 1136/107/3895 1142/113/3895
f 1136/107/3896 1137/108/3896 1143/114/3896
f 1137/108/3897 1138/109/3897 1144/115/3897
f 1138/109/3898 1139/110/3898 1145/116/3898
f 801/78/3899 1108/80/3899 1107/82/3899
f 800/77/3900 1109/83/3900 1108/80/3900
f 799/76/3901 1110/85/3901 1109/83/3901
f 3/75/3902 106/117/3902 1110/85/3902
f 106/117/3903 105/118/3903 1114/89/3903
f 105/118/3904 104/119/3904 1120/97/3904
f 104/119/3905 103/3210/3905 1126/120/3905
f 1126/120/3906 103/3210/3906 102/121/3906
f 1133/104/3907 102/121/3907 101/122/3907
f 1139/110/3908 101/122/3908 100/123/3908
f 1145/116/3909 100/123/3909 4/124/3909
f 1144/115/3910 1145/116/3910 804/125/3910
f 1143/114/3911 1144/115/3911 805/126/3911
f 1142/113/3912 1143/114/3912 806/127/3912
f 1141/111/3913 1142/113/3913 807/128/3913
f 1140/112/3914 1141/111/3914 808/129/3914
f 1153/16/3915 810/16/3915 1160/16/3915
f 1148/131/3916 1155/135/3916 1154/132/3916
f 1149/134/3917 1156/137/3917 1155/135/3917
f 1150/136/3918 1157/139/3918 1156/137/3918
f 1151/138/3919 1158/141/3919 1157/139/3919
f 1152/140/3920 1159/146/3920 1158/141/3920
f 59/16/3921 3825/16/3921 1046/16/3921
f 1155/135/3922 1162/143/3922 1161/142/3922
f 1156/137/3923 1163/144/3923 1162/143/3923
f 1157/139/3924 1164/145/3924 1163/144/3924
f 1158/141/3925 1165/147/3925 1164/145/3925
f 1159/146/3926 1166/152/3926 1165/147/3926
f 1162/143/3927 1168/149/3927 1167/148/3927
f 1163/144/3928 1169/150/3928 1168/149/3928
f 1164/145/3929 1170/151/3929 1169/150/3929
f 1165/147/3930 1171/153/3930 1170/151/3930
f 1166/152/3931 1172/175/3931 1171/153/3931
f 1167/148/3932 1168/149/3932 1174/154/3932
f 1168/149/3933 1169/150/3933 1175/156/3933
f 1169/150/3934 1170/151/3934 1176/157/3934
f 1170/151/3935 1171/153/3935 1177/158/3935
f 1171/153/3936 1172/175/3936 1178/159/3936
f 1160/16/3937 3809/16/3937 3801/16/3937
f 1173/155/3938 1174/154/3938 1180/160/3938
f 1174/154/3939 1175/156/3939 1181/162/3939
f 1175/156/3940 1176/157/3940 1182/163/3940
f 1176/157/3941 1177/158/3941 1183/164/3941
f 1177/158/3942 1178/159/3942 1184/165/3942
f 1179/161/3943 1180/160/3943 1186/166/3943
f 1180/160/3944 1181/162/3944 1187/168/3944
f 1181/162/3945 1182/163/3945 1188/169/3945
f 1182/163/3946 1183/164/3946 1189/170/3946
f 1183/164/3947 1184/165/3947 1190/171/3947
f 1044/16/3948 1153/16/3948 1160/16/3948
f 810/16/3949 1147/16/3949 1154/16/3949
f 808/129/3950 1148/131/3950 1147/133/3950
f 807/128/3951 1149/134/3951 1148/131/3951
f 806/127/3952 1150/136/3952 1149/134/3952
f 805/126/3953 1151/138/3953 1150/136/3953
f 804/125/3954 1152/140/3954 1151/138/3954
f 4/124/3955 116/172/3955 1152/140/3955
f 116/172/3956 115/173/3956 1159/146/3956
f 115/173/3957 114/174/3957 1166/152/3957
f 114/174/3958 113/3211/3958 1172/175/3958
f 1172/175/3959 113/3211/3959 112/176/3959
f 1178/159/3960 112/176/3960 111/177/3960
f 1184/165/3961 111/177/3961 110/178/3961
f 1190/171/3962 110/178/3962 5/179/3962
f 1189/170/3963 1190/171/3963 811/180/3963
f 1188/169/3964 1189/170/3964 812/181/3964
f 1187/168/3965 1188/169/3965 813/182/3965
f 1186/166/3966 1187/168/3966 814/183/3966
f 1185/167/3967 1186/166/3967 815/184/3967
f 1146/16/3968 1046/16/3968 1044/16/3968
f 817/16/3969 816/16/3969 1191/16/3969
f 817/16/3970 3814/16/3970 59/16/3970
f 1228/16/3971 3803/16/3971 1222/16/3971
f 1160/16/3972 1161/16/3972 1167/16/3972
f 1146/16/3973 1160/16/3973 3801/16/3973
f 1042/16/3974 3814/16/3974 1203/16/3974
f 1203/16/3975 3817/16/3975 3803/16/3975
f 1192/186/3976 1198/190/3976 1197/187/3976
f 1193/189/3977 1199/192/3977 1198/190/3977
f 1194/191/3978 1200/194/3978 1199/192/3978
f 1195/193/3979 1201/196/3979 1200/194/3979
f 1196/195/3980 1202/201/3980 1201/196/3980
f 1185/16/3981 567/16/3981 3809/16/3981
f 1198/190/3982 1205/198/3982 1204/197/3982
f 1199/192/3983 1206/199/3983 1205/198/3983
f 1200/194/3984 1207/200/3984 1206/199/3984
f 1201/196/3985 1208/202/3985 1207/200/3985
f 1202/201/3986 1209/207/3986 1208/202/3986
f 1205/198/3987 1211/204/3987 1210/203/3987
f 1206/199/3988 1212/205/3988 1211/204/3988
f 1207/200/3989 1213/206/3989 1212/205/3989
f 1208/202/3990 1214/208/3990 1213/206/3990
f 1209/207/3991 1215/230/3991 1214/208/3991
f 1210/203/3992 1211/204/3992 1217/209/3992
f 1211/204/3993 1212/205/3993 1218/211/3993
f 1212/205/3994 1213/206/3994 1219/212/3994
f 1213/206/3995 1214/208/3995 1220/213/3995
f 1214/208/3996 1215/230/3996 1221/214/3996
f 1216/210/3997 1217/209/3997 1223/215/3997
f 1217/209/3998 1218/211/3998 1224/217/3998
f 1218/211/3999 1219/212/3999 1225/218/3999
f 1219/212/4000 1220/213/4000 1226/219/4000
f 1220/213/4001 1221/214/4001 1227/220/4001
f 3808/16/4002 3786/16/4002 3788/16/4002
f 1222/216/4003 1223/215/4003 1229/221/4003
f 1223/215/4004 1224/217/4004 1230/223/4004
f 1224/217/4005 1225/218/4005 1231/224/4005
f 1225/218/4006 1226/219/4006 1232/225/4006
f 1226/219/4007 1227/220/4007 1233/226/4007
f 1203/16/4008 3815/16/4008 1204/16/4008
f 815/184/4009 1192/186/4009 1191/188/4009
f 814/183/4010 1193/189/4010 1192/186/4010
f 813/182/4011 1194/191/4011 1193/189/4011
f 812/181/4012 1195/193/4012 1194/191/4012
f 811/180/4013 1196/195/4013 1195/193/4013
f 5/179/4014 127/227/4014 1196/195/4014
f 127/227/4015 126/228/4015 1202/201/4015
f 126/228/4016 125/229/4016 1209/207/4016
f 125/229/4017 124/3212/4017 1215/230/4017
f 1215/230/4018 124/3212/4018 123/231/4018
f 1221/214/4019 123/231/4019 122/232/4019
f 1227/220/4020 122/232/4020 121/233/4020
f 1233/226/4021 121/233/4021 6/234/4021
f 1232/225/4022 1233/226/4022 818/235/4022
f 1231/224/4023 1232/225/4023 819/236/4023
f 1230/223/4024 1231/224/4024 820/237/4024
f 1229/221/4025 1230/223/4025 821/238/4025
f 1228/222/4026 1229/221/4026 822/239/4026
f 3811/16/4027 60/16/4027 568/16/4027
f 1046/16/4028 3801/16/4028 59/16/4028
f 1203/16/4029 1204/16/4029 1210/16/4029
f 822/16/4030 1246/16/4030 1250/16/4030
f 1235/241/4031 1239/245/4031 1238/242/4031
f 1236/244/4032 1240/247/4032 1239/245/4032
f 1237/246/4033 1241/250/4033 1240/247/4033
f 1239/245/4034 1243/249/4034 1242/248/4034
f 1240/247/4035 1244/251/4035 1243/249/4035
f 1241/250/4036 1245/254/4036 1244/251/4036
f 1292/16/4037 3771/16/4037 583/16/4037
f 1243/249/4038 1247/253/4038 1246/252/4038
f 1244/251/4039 1248/255/4039 1247/253/4039
f 1245/254/4040 1249/271/4040 1248/255/4040
f 1246/252/4041 1247/253/4041 1251/256/4041
f 1247/253/4042 1248/255/4042 1252/258/4042
f 1248/255/4043 1249/271/4043 1253/259/4043
f 1250/257/4044 1251/256/4044 1255/260/4044
f 1251/256/4045 1252/258/4045 1256/262/4045
f 1252/258/4046 1253/259/4046 1257/263/4046
f 1254/261/4047 1255/260/4047 1259/264/4047
f 1255/260/4048 1256/262/4048 1260/266/4048
f 1256/262/4049 1257/263/4049 1261/267/4049
f 3795/16/4050 3784/16/4050 3781/16/4050
f 820/237/4051 1235/241/4051 1234/243/4051
f 819/236/4052 1236/244/4052 1235/241/4052
f 818/235/4053 1237/246/4053 1236/244/4053
f 6/234/4054 137/268/4054 1237/246/4054
f 137/268/4055 136/269/4055 1241/250/4055
f 136/269/4056 135/270/4056 1245/254/4056
f 135/270/4057 134/3213/4057 1249/271/4057
f 1249/271/4058 134/3213/4058 133/272/4058
f 1253/259/4059 133/272/4059 132/273/4059
f 1257/263/4060 132/273/4060 131/274/4060
f 1261/267/4061 131/274/4061 7/275/4061
f 1260/266/4062 1261/267/4062 825/276/4062
f 1259/264/4063 1260/266/4063 826/277/4063
f 1258/265/4064 1259/264/4064 827/278/4064
f 836/16/4065 824/16/4065 823/16/4065
f 1263/280/4066 1268/284/4066 1267/281/4066
f 1264/283/4067 1269/286/4067 1268/284/4067
f 1265/285/4068 1270/288/4068 1269/286/4068
f 1267/16/4069 1276/16/4069 1279/16/4069
f 1269/286/4070 1274/289/4070 1273/287/4070
f 1270/288/4071 1275/291/4071 1274/289/4071
f 1272/16/4072 1267/16/4072 1288/16/4072
f 1274/289/4073 1277/292/4073 1276/290/4073
f 1275/291/4074 1278/305/4074 1277/292/4074
f 583/16/4075 3776/16/4075 575/16/4075
f 1267/16/4076 1285/16/4076 831/16/4076
f 1267/16/4077 831/16/4077 1288/16/4077
f 1276/290/4078 1277/292/4078 1280/293/4078
f 1277/292/4079 1278/305/4079 1281/295/4079
f 1267/16/4080 3785/16/4080 1262/16/4080
f 1279/294/4081 1280/293/4081 1283/296/4081
f 1280/293/4082 1281/295/4082 1284/298/4082
f 1282/297/4083 1283/296/4083 1286/299/4083
f 1283/296/4084 1284/298/4084 1287/301/4084
f 827/278/4085 1263/280/4085 1262/282/4085
f 826/277/4086 1264/283/4086 1263/280/4086
f 825/276/4087 1265/285/4087 1264/283/4087
f 7/275/4088 148/302/4088 1265/285/4088
f 148/302/4089 147/303/4089 1270/288/4089
f 147/303/4090 146/304/4090 1275/291/4090
f 146/304/4091 145/3214/4091 1278/305/4091
f 1278/305/4092 145/3214/4092 144/306/4092
f 1281/295/4093 144/306/4093 143/307/4093
f 1284/298/4094 143/307/4094 142/308/4094
f 1287/301/4095 142/308/4095 8/309/4095
f 1286/299/4096 1287/301/4096 829/310/4096
f 1285/300/4097 1286/299/4097 830/311/4097
f 1267/16/4098 1279/16/4098 1282/16/4098
f 822/16/4099 1238/16/4099 1242/16/4099
f 1318/16/4100 1266/16/4100 1039/16/4100
f 1290/313/4101 1294/317/4101 1293/314/4101
f 1291/316/4102 1295/319/4102 1294/317/4102
f 1288/16/4103 1297/16/4103 1301/16/4103
f 1294/317/4104 1298/320/4104 1297/318/4104
f 1295/319/4105 1299/322/4105 1298/320/4105
f 1288/16/4106 1311/16/4106 1310/16/4106
f 1298/320/4107 1302/323/4107 1301/321/4107
f 1299/322/4108 1303/336/4108 1302/323/4108
f 1301/321/4109 1302/323/4109 1305/324/4109
f 1302/323/4110 1303/336/4110 1306/326/4110
f 1304/325/4111 1305/324/4111 1308/327/4111
f 1305/324/4112 1306/326/4112 1309/329/4112
f 1307/328/4113 1308/327/4113 1312/330/4113
f 1308/327/4114 1309/329/4114 1313/332/4114
f 3795/16/4115 575/16/4115 3776/16/4115
f 831/312/4116 1289/315/4116 1288/3215/4116
f 830/311/4117 1290/313/4117 1289/315/4117
f 829/310/4118 1291/316/4118 1290/313/4118
f 8/309/4119 159/333/4119 1291/316/4119
f 159/333/4120 158/334/4120 1295/319/4120
f 158/334/4121 157/335/4121 1299/322/4121
f 157/335/4122 156/3216/4122 1303/336/4122
f 1303/336/4123 156/3216/4123 155/337/4123
f 1306/326/4124 155/337/4124 154/338/4124
f 1309/329/4125 154/338/4125 153/339/4125
f 1313/332/4126 153/339/4126 9/340/4126
f 1312/330/4127 1313/332/4127 832/341/4127
f 1311/331/4128 1312/330/4128 833/342/4128
f 1310/344/4129 1311/331/4129 834/343/4129
f 584/16/4130 3764/16/4130 3769/16/4130
f 571/16/4131 3779/16/4131 572/16/4131
f 1315/346/4132 1320/350/4132 1319/347/4132
f 1316/349/4133 1321/352/4133 1320/350/4133
f 1317/351/4134 1322/355/4134 1321/352/4134
f 3756/16/4135 3751/16/4135 3773/16/4135
f 1320/350/4136 1324/354/4136 1323/353/4136
f 1321/352/4137 1325/356/4137 1324/354/4137
f 1322/355/4138 1326/359/4138 1325/356/4138
f 1327/16/4139 1319/16/4139 1323/16/4139
f 1323/353/4140 1328/357/4140 1327/3217/4140
f 1324/354/4141 1329/358/4141 1328/357/4141
f 1325/356/4142 1330/360/4142 1329/358/4142
f 1326/359/4143 1331/376/4143 1330/360/4143
f 3743/16/4144 1300/16/4144 3771/16/4144
f 1327/3217/4145 1328/357/4145 1332/362/4145
f 1328/357/4146 1329/358/4146 1333/361/4146
f 1329/358/4147 1330/360/4147 1334/363/4147
f 1330/360/4148 1331/376/4148 1335/364/4148
f 1332/362/4149 1333/361/4149 1337/365/4149
f 1333/361/4150 1334/363/4150 1338/367/4150
f 1334/363/4151 1335/364/4151 1339/368/4151
f 1336/366/4152 1337/365/4152 1341/369/4152
f 1337/365/4153 1338/367/4153 1342/371/4153
f 1338/367/4154 1339/368/4154 1343/372/4154
f 3761/16/4155 3769/16/4155 3773/16/4155
f 834/343/4156 1315/346/4156 1314/348/4156
f 833/342/4157 1316/349/4157 1315/346/4157
f 832/341/4158 1317/351/4158 1316/349/4158
f 9/340/4159 173/373/4159 1317/351/4159
f 173/373/4160 172/374/4160 1322/355/4160
f 172/374/4161 171/375/4161 1326/359/4161
f 171/375/4162 170/3218/4162 1331/376/4162
f 1331/376/4163 170/3218/4163 169/377/4163
f 1335/364/4164 169/377/4164 168/378/4164
f 1339/368/4165 168/378/4165 167/379/4165
f 1343/372/4166 167/379/4166 11/380/4166
f 1342/371/4167 1343/372/4167 837/381/4167
f 1341/369/4168 1342/371/4168 838/382/4168
f 1340/370/4169 1341/369/4169 839/383/4169
f 1327/16/4170 1288/16/4170 1310/16/4170
f 1035/16/4171 3747/16/4171 3730/16/4171
f 3736/16/4172 3752/16/4172 3760/16/4172
f 1345/385/4173 1348/389/4173 1347/386/4173
f 1346/388/4174 1349/391/4174 1348/389/4174
f 840/16/4175 1347/16/4175 1351/16/4175
f 1375/16/4176 1376/16/4176 1382/16/4176
f 1348/389/4177 1352/392/4177 1351/390/4177
f 1349/391/4178 1353/394/4178 1352/392/4178
f 1352/392/4179 1355/395/4179 1354/393/4179
f 1353/394/4180 1356/408/4180 1355/395/4180
f 1368/16/4181 1380/16/4181 1361/16/4181
f 1354/393/4182 1355/395/4182 1359/396/4182
f 1355/395/4183 1356/408/4183 1360/398/4183
f 840/16/4184 1372/16/4184 1375/16/4184
f 840/16/4185 1381/16/4185 1350/16/4185
f 1358/397/4186 1359/396/4186 1363/399/4186
f 1359/396/4187 1360/398/4187 1364/401/4187
f 1375/16/4188 1388/16/4188 1391/16/4188
f 1362/400/4189 1363/399/4189 1366/402/4189
f 1363/399/4190 1364/401/4190 1367/404/4190
f 838/382/4191 1345/385/4191 1344/387/4191
f 837/381/4192 1346/388/4192 1345/385/4192
f 11/380/4193 187/405/4193 1346/388/4193
f 187/405/4194 186/406/4194 1349/391/4194
f 186/406/4195 185/407/4195 1353/394/4195
f 185/407/4196 184/3219/4196 1356/408/4196
f 1356/408/4197 184/3219/4197 183/409/4197
f 1360/398/4198 183/409/4198 182/410/4198
f 1364/401/4199 182/410/4199 181/411/4199
f 1367/404/4200 181/411/4200 12/412/4200
f 1366/402/4201 1367/404/4201 842/413/4201
f 1365/403/4202 1366/402/4202 843/414/4202
f 1035/16/4203 1379/16/4203 848/16/4203
f 1379/16/4204 1038/16/4204 1357/16/4204
f 1350/16/4205 1368/16/4205 1361/16/4205
f 1370/416/4206 1373/420/4206 1372/417/4206
f 1371/419/4207 1374/422/4207 1373/420/4207
f 1379/16/4208 1357/16/4208 1361/16/4208
f 1350/16/4209 3743/16/4209 1327/16/4209
f 1381/16/4210 1368/16/4210 1350/16/4210
f 1372/417/4211 1376/421/4211 1375/3220/4211
f 1373/420/4212 1377/423/4212 1376/421/4212
f 1374/422/4213 1378/425/4213 1377/423/4213
f 1375/16/4214 1382/16/4214 1385/16/4214
f 1377/423/4215 1383/426/4215 1382/424/4215
f 1378/425/4216 1384/439/4216 1383/426/4216
f 1382/424/4217 1383/426/4217 1386/427/4217
f 1383/426/4218 1384/439/4218 1387/429/4218
f 1385/428/4219 1386/427/4219 1389/430/4219
f 1386/427/4220 1387/429/4220 1390/432/4220
f 840/16/4221 1358/16/4221 1362/16/4221
f 1388/431/4222 1389/430/4222 1392/433/4222
f 1389/430/4223 1390/432/4223 1393/435/4223
f 1361/16/4224 1357/16/4224 841/16/4224
f 840/16/4225 1369/16/4225 1372/16/4225
f 843/414/4226 1370/416/4226 1369/418/4226
f 842/413/4227 1371/419/4227 1370/416/4227
f 12/412/4228 201/436/4228 1371/419/4228
f 201/436/4229 200/437/4229 1374/422/4229
f 200/437/4230 199/438/4230 1378/425/4230
f 199/438/4231 198/3221/4231 1384/439/4231
f 1384/439/4232 198/3221/4232 197/440/4232
f 1387/429/4233 197/440/4233 196/441/4233
f 1390/432/4234 196/441/4234 195/442/4234
f 1393/435/4235 195/442/4235 13/443/4235
f 1392/433/4236 1393/435/4236 845/444/4236
f 1391/434/4237 1392/433/4237 846/445/4237
f 1380/16/4238 1379/16/4238 1361/16/4238
f 1394/16/4239 1409/16/4239 1412/16/4239
f 1394/16/4240 1398/16/4240 1401/16/4240
f 1396/447/4241 1399/451/4241 1398/448/4241
f 1397/450/4242 1400/453/4242 1399/451/4242
f 1394/16/4243 1395/16/4243 1398/16/4243
f 1399/451/4244 1402/454/4244 1401/452/4244
f 1400/453/4245 1403/456/4245 1402/454/4245
f 1402/454/4246 1407/457/4246 1406/455/4246
f 1403/456/4247 1408/470/4247 1407/457/4247
f 1406/455/4248 1407/457/4248 1410/458/4248
f 1407/457/4249 1408/470/4249 1411/460/4249
f 1409/459/4250 1410/458/4250 1413/461/4250
f 1410/458/4251 1411/460/4251 1414/463/4251
f 1381/16/4252 3746/16/4252 1380/16/4252
f 1412/462/4253 1413/461/4253 1416/464/4253
f 1413/461/4254 1414/463/4254 1417/466/4254
f 3708/16/4255 3739/16/4255 589/16/4255
f 1404/16/4256 848/16/4256 1380/16/4256
f 847/446/4257 1395/449/4257 1394/3222/4257
f 846/445/4258 1396/447/4258 1395/449/4258
f 845/444/4259 1397/450/4259 1396/447/4259
f 13/443/4260 213/467/4260 1397/450/4260
f 213/467/4261 212/468/4261 1400/453/4261
f 212/468/4262 211/469/4262 1403/456/4262
f 211/469/4263 210/3223/4263 1408/470/4263
f 1408/470/4264 210/3223/4264 209/471/4264
f 1411/460/4265 209/471/4265 208/472/4265
f 1414/463/4266 208/472/4266 207/473/4266
f 1417/466/4267 207/473/4267 14/474/4267
f 1416/464/4268 1417/466/4268 849/475/4268
f 1415/465/4269 1416/464/4269 850/476/4269
f 1394/16/4270 1401/16/4270 1406/16/4270
f 61/16/4271 593/16/4271 3689/16/4271
f 3689/16/4272 593/16/4272 3728/16/4272
f 3709/16/4273 1035/16/4273 1036/16/4273
f 1428/16/4274 1418/16/4274 1421/16/4274
f 1419/478/4275 1422/482/4275 1421/479/4275
f 1420/481/4276 1423/484/4276 1422/482/4276
f 1428/16/4277 1421/16/4277 1424/16/4277
f 1422/482/4278 1425/485/4278 1424/483/4278
f 1423/484/4279 1426/487/4279 1425/485/4279
f 1424/483/4280 1429/486/4280 1428/3224/4280
f 1425/485/4281 1430/488/4281 1429/486/4281
f 1426/487/4282 1431/501/4282 1430/488/4282
f 1428/16/4283 855/16/4283 1441/16/4283
f 1428/16/4284 1432/16/4284 1435/16/4284
f 1428/3224/4285 1429/486/4285 1432/490/4285
f 1429/486/4286 1430/488/4286 1433/489/4286
f 1430/488/4287 1431/501/4287 1434/491/4287
f 1432/490/4288 1433/489/4288 1436/492/4288
f 1433/489/4289 1434/491/4289 1437/494/4289
f 1435/493/4290 1436/492/4290 1439/495/4290
f 1436/492/4291 1437/494/4291 1440/497/4291
f 850/476/4292 1419/478/4292 1418/480/4292
f 849/475/4293 1420/481/4293 1419/478/4293
f 14/474/4294 228/498/4294 1420/481/4294
f 228/498/4295 227/499/4295 1423/484/4295
f 227/499/4296 226/500/4296 1426/487/4296
f 226/500/4297 225/3225/4297 1431/501/4297
f 1431/501/4298 225/3225/4298 224/502/4298
f 1434/491/4299 224/502/4299 223/503/4299
f 1437/494/4300 223/503/4300 222/504/4300
f 1440/497/4301 222/504/4301 16/505/4301
f 1439/495/4302 1440/497/4302 853/506/4302
f 1438/496/4303 1439/495/4303 854/507/4303
f 1445/16/4304 1033/16/4304 3686/16/4304
f 1428/16/4305 1427/16/4305 1394/16/4305
f 596/16/4306 595/16/4306 3684/16/4306
f 1427/16/4307 1454/16/4307 599/16/4307
f 1442/509/4308 1447/513/4308 1446/510/4308
f 1443/512/4309 1448/515/4309 1447/513/4309
f 1444/514/4310 1449/518/4310 1448/515/4310
f 1447/513/4311 1451/517/4311 1450/516/4311
f 1448/515/4312 1452/519/4312 1451/517/4312
f 1449/518/4313 1453/522/4313 1452/519/4313
f 1451/517/4314 1456/521/4314 1455/520/4314
f 1452/519/4315 1457/523/4315 1456/521/4315
f 1453/522/4316 1458/539/4316 1457/523/4316
f 1455/520/4317 1456/521/4317 1460/524/4317
f 1456/521/4318 1457/523/4318 1461/526/4318
f 1457/523/4319 1458/539/4319 1462/527/4319
f 1459/525/4320 1460/524/4320 1464/528/4320
f 1460/524/4321 1461/526/4321 1465/530/4321
f 1461/526/4322 1462/527/4322 1466/531/4322
f 601/16/4323 3685/16/4323 3697/16/4323
f 1463/529/4324 1464/528/4324 1468/532/4324
f 1464/528/4325 1465/530/4325 1469/534/4325
f 1465/530/4326 1466/531/4326 1470/535/4326
f 3686/16/4327 852/16/4327 1427/16/4327
f 3720/16/4328 594/16/4328 3725/16/4328
f 1428/16/4329 1394/16/4329 851/16/4329
f 855/508/4330 1442/509/4330 1441/511/4330
f 854/507/4331 1443/512/4331 1442/509/4331
f 853/506/4332 1444/514/4332 1443/512/4332
f 16/505/4333 248/536/4333 1444/514/4333
f 248/536/4334 247/537/4334 1449/518/4334
f 247/537/4335 246/538/4335 1453/522/4335
f 246/538/4336 245/3226/4336 1458/539/4336
f 1458/539/4337 245/3226/4337 244/540/4337
f 1462/527/4338 244/540/4338 243/541/4338
f 1466/531/4339 243/541/4339 242/542/4339
f 1470/535/4340 242/542/4340 17/543/4340
f 1469/534/4341 1470/535/4341 856/544/4341
f 1468/532/4342 1469/534/4342 857/545/4342
f 1467/533/4343 1468/532/4343 858/546/4343
f 3672/16/4344 3693/16/4344 3700/16/4344
f 1480/16/4345 1471/16/4345 1475/16/4345
f 1472/548/4346 1476/552/4346 1475/549/4346
f 1473/551/4347 1477/554/4347 1476/552/4347
f 1474/553/4348 1478/557/4348 1477/554/4348
f 3675/16/4349 3672/16/4349 3677/16/4349
f 1475/549/4350 1481/555/4350 1480/3227/4350
f 1476/552/4351 1482/556/4351 1481/555/4351
f 1477/554/4352 1483/558/4352 1482/556/4352
f 1478/557/4353 1484/561/4353 1483/558/4353
f 1480/16/4354 1485/16/4354 1489/16/4354
f 1482/556/4355 1486/560/4355 1485/559/4355
f 1483/558/4356 1487/562/4356 1486/560/4356
f 1484/561/4357 1488/578/4357 1487/562/4357
f 1485/559/4358 1486/560/4358 1490/563/4358
f 1486/560/4359 1487/562/4359 1491/565/4359
f 1487/562/4360 1488/578/4360 1492/566/4360
f 1489/564/4361 1490/563/4361 1495/567/4361
f 1490/563/4362 1491/565/4362 1496/569/4362
f 1491/565/4363 1492/566/4363 1497/570/4363
f 1494/568/4364 1495/567/4364 1500/571/4364
f 1495/567/4365 1496/569/4365 1501/573/4365
f 1496/569/4366 1497/570/4366 1502/574/4366
f 858/546/4367 1472/548/4367 1471/550/4367
f 857/545/4368 1473/551/4368 1472/548/4368
f 856/544/4369 1474/553/4369 1473/551/4369
f 17/543/4370 261/575/4370 1474/553/4370
f 261/575/4371 260/576/4371 1478/557/4371
f 260/576/4372 259/577/4372 1484/561/4372
f 259/577/4373 258/3228/4373 1488/578/4373
f 1488/578/4374 258/3228/4374 257/579/4374
f 1492/566/4375 257/579/4375 256/580/4375
f 1497/570/4376 256/580/4376 255/581/4376
f 1502/574/4377 255/581/4377 18/582/4377
f 1501/573/4378 1502/574/4378 860/583/4378
f 1500/571/4379 1501/573/4379 861/584/4379
f 1499/572/4380 1500/571/4380 862/585/4380
f 1498/587/4381 1499/572/4381 863/586/4381
f 1480/16/4382 1499/16/4382 1498/16/4382
f 1480/16/4383 1494/16/4383 1499/16/4383
f 1480/16/4384 1493/16/4384 3670/16/4384
f 1480/16/4385 3662/16/4385 1450/16/4385
f 1480/16/4386 1459/16/4386 1463/16/4386
f 1503/591/4387 1510/590/4387 1509/599/4387
f 1504/589/4388 1511/593/4388 1510/590/4388
f 1505/592/4389 1512/595/4389 1511/593/4389
f 1506/594/4390 1513/597/4390 1512/595/4390
f 1507/596/4391 1514/603/4391 1513/597/4391
f 1030/16/4392 1508/16/4392 1521/16/4392
f 1510/590/4393 1516/600/4393 1515/598/4393
f 1511/593/4394 1517/601/4394 1516/600/4394
f 1512/595/4395 1518/602/4395 1517/601/4395
f 1513/597/4396 1519/604/4396 1518/602/4396
f 1514/603/4397 1520/609/4397 1519/604/4397
f 1515/598/4398 1522/605/4398 1521/611/4398
f 1516/600/4399 1523/606/4399 1522/605/4399
f 1517/601/4400 1524/607/4400 1523/606/4400
f 1518/602/4401 1525/608/4401 1524/607/4401
f 1519/604/4402 1526/610/4402 1525/608/4402
f 1520/609/4403 1527/636/4403 1526/610/4403
f 1521/611/4404 1522/605/4404 1529/612/4404
f 1522/605/4405 1523/606/4405 1530/614/4405
f 1523/606/4406 1524/607/4406 1531/615/4406
f 1524/607/4407 1525/608/4407 1532/616/4407
f 1525/608/4408 1526/610/4408 1533/617/4408
f 1526/610/4409 1527/636/4409 1534/618/4409
f 1528/613/4410 1529/612/4410 1536/619/4410
f 1529/612/4411 1530/614/4411 1537/621/4411
f 1530/614/4412 1531/615/4412 1538/622/4412
f 1531/615/4413 1532/616/4413 1539/623/4413
f 1532/616/4414 1533/617/4414 1540/624/4414
f 1533/617/4415 1534/618/4415 1541/625/4415
f 1535/620/4416 1536/619/4416 1543/626/4416
f 1536/619/4417 1537/621/4417 1544/628/4417
f 1537/621/4418 1538/622/4418 1545/629/4418
f 1538/622/4419 1539/623/4419 1546/630/4419
f 1539/623/4420 1540/624/4420 1547/631/4420
f 1540/624/4421 1541/625/4421 1548/632/4421
f 865/16/4422 1509/16/4422 1508/16/4422
f 1508/16/4423 1509/16/4423 1515/16/4423
f 863/586/4424 1504/589/4424 1503/591/4424
f 862/585/4425 1505/592/4425 1504/589/4425
f 861/584/4426 1506/594/4426 1505/592/4426
f 860/583/4427 1507/596/4427 1506/594/4427
f 18/582/4428 273/633/4428 1507/596/4428
f 273/633/4429 272/634/4429 1514/603/4429
f 272/634/4430 271/635/4430 1520/609/4430
f 271/635/4431 270/3229/4431 1527/636/4431
f 1527/636/4432 270/3229/4432 269/637/4432
f 1534/618/4433 269/637/4433 268/638/4433
f 1541/625/4434 268/638/4434 267/639/4434
f 1548/632/4435 267/639/4435 19/640/4435
f 1547/631/4436 1548/632/4436 866/641/4436
f 1546/630/4437 1547/631/4437 867/642/4437
f 1545/629/4438 1546/630/4438 868/643/4438
f 1544/628/4439 1545/629/4439 869/644/4439
f 1543/626/4440 1544/628/4440 870/645/4440
f 1542/627/4441 1543/626/4441 871/646/4441
f 1031/648/4442 1542/627/4442 872/647/4442
f 1550/650/4443 1557/654/4443 1556/651/4443
f 1551/653/4444 1558/656/4444 1557/654/4444
f 1552/655/4445 1559/658/4445 1558/656/4445
f 1553/657/4446 1560/660/4446 1559/658/4446
f 1554/659/4447 1561/662/4447 1560/660/4447
f 1555/661/4448 1562/668/4448 1561/662/4448
f 1557/654/4449 1564/664/4449 1563/663/4449
f 1558/656/4450 1565/665/4450 1564/664/4450
f 1559/658/4451 1566/666/4451 1565/665/4451
f 1560/660/4452 1567/667/4452 1566/666/4452
f 1561/662/4453 1568/669/4453 1567/667/4453
f 1562/668/4454 1569/675/4454 1568/669/4454
f 1564/664/4455 1571/671/4455 1570/670/4455
f 1565/665/4456 1572/672/4456 1571/671/4456
f 1566/666/4457 1573/673/4457 1572/672/4457
f 1567/667/4458 1574/674/4458 1573/673/4458
f 1568/669/4459 1575/676/4459 1574/674/4459
f 1569/675/4460 1576/702/4460 1575/676/4460
f 1570/670/4461 1571/671/4461 1578/677/4461
f 1571/671/4462 1572/672/4462 1579/679/4462
f 1572/672/4463 1573/673/4463 1580/680/4463
f 1573/673/4464 1574/674/4464 1581/681/4464
f 1574/674/4465 1575/676/4465 1582/682/4465
f 1575/676/4466 1576/702/4466 1583/683/4466
f 1577/678/4467 1578/677/4467 1585/684/4467
f 1578/677/4468 1579/679/4468 1586/686/4468
f 1579/679/4469 1580/680/4469 1587/687/4469
f 1580/680/4470 1581/681/4470 1588/688/4470
f 1581/681/4471 1582/682/4471 1589/689/4471
f 1582/682/4472 1583/683/4472 1590/690/4472
f 1584/685/4473 1585/684/4473 1592/691/4473
f 1585/684/4474 1586/686/4474 1593/693/4474
f 1586/686/4475 1587/687/4475 1594/694/4475
f 1587/687/4476 1588/688/4476 1595/695/4476
f 1588/688/4477 1589/689/4477 1596/696/4477
f 1589/689/4478 1590/690/4478 1597/697/4478
f 872/647/4479 1549/652/4479 1023/698/4479
f 871/646/4480 1550/650/4480 1549/652/4480
f 870/645/4481 1551/653/4481 1550/650/4481
f 869/644/4482 1552/655/4482 1551/653/4482
f 868/643/4483 1553/657/4483 1552/655/4483
f 867/642/4484 1554/659/4484 1553/657/4484
f 866/641/4485 1555/661/4485 1554/659/4485
f 19/640/4486 286/699/4486 1555/661/4486
f 286/699/4487 285/700/4487 1562/668/4487
f 285/700/4488 284/701/4488 1569/675/4488
f 284/701/4489 283/3230/4489 1576/702/4489
f 1576/702/4490 283/3230/4490 282/703/4490
f 1583/683/4491 282/703/4491 281/704/4491
f 1590/690/4492 281/704/4492 280/705/4492
f 1597/697/4493 280/705/4493 20/706/4493
f 1596/696/4494 1597/697/4494 873/707/4494
f 1595/695/4495 1596/696/4495 874/708/4495
f 1594/694/4496 1595/695/4496 875/709/4496
f 1593/693/4497 1594/694/4497 876/710/4497
f 1592/691/4498 1593/693/4498 877/711/4498
f 1591/692/4499 1592/691/4499 878/712/4499
f 1029/714/4500 1591/692/4500 879/713/4500
f 1028/716/4501 1584/685/4501 1591/692/4501
f 1027/717/4502 1577/678/4502 1584/685/4502
f 1026/718/4503 1570/670/4503 1577/678/4503
f 1563/663/4504 1570/670/4504 1026/718/4504
f 1556/651/4505 1563/663/4505 1025/719/4505
f 1549/652/4506 1556/651/4506 1024/720/4506
f 1599/721/4507 1606/725/4507 1605/722/4507
f 1600/724/4508 1607/727/4508 1606/725/4508
f 1601/726/4509 1608/729/4509 1607/727/4509
f 1602/728/4510 1609/731/4510 1608/729/4510
f 1603/730/4511 1610/733/4511 1609/731/4511
f 1604/732/4512 1611/739/4512 1610/733/4512
f 1606/725/4513 1613/735/4513 1612/734/4513
f 1607/727/4514 1614/736/4514 1613/735/4514
f 1608/729/4515 1615/737/4515 1614/736/4515
f 1609/731/4516 1616/738/4516 1615/737/4516
f 1610/733/4517 1617/740/4517 1616/738/4517
f 1611/739/4518 1618/746/4518 1617/740/4518
f 1613/735/4519 1620/742/4519 1619/741/4519
f 1614/736/4520 1621/743/4520 1620/742/4520
f 1615/737/4521 1622/744/4521 1621/743/4521
f 1616/738/4522 1623/745/4522 1622/744/4522
f 1617/740/4523 1624/747/4523 1623/745/4523
f 1618/746/4524 1625/773/4524 1624/747/4524
f 1619/741/4525 1620/742/4525 1627/748/4525
f 1620/742/4526 1621/743/4526 1628/750/4526
f 1621/743/4527 1622/744/4527 1629/751/4527
f 1622/744/4528 1623/745/4528 1630/752/4528
f 1623/745/4529 1624/747/4529 1631/753/4529
f 1624/747/4530 1625/773/4530 1632/754/4530
f 1626/749/4531 1627/748/4531 1634/755/4531
f 1627/748/4532 1628/750/4532 1635/757/4532
f 1628/750/4533 1629/751/4533 1636/758/4533
f 1629/751/4534 1630/752/4534 1637/759/4534
f 1630/752/4535 1631/753/4535 1638/760/4535
f 1631/753/4536 1632/754/4536 1639/761/4536
f 1634/755/4537 1641/764/4537 1640/762/4537
f 1634/755/4538 1635/757/4538 1642/763/4538
f 1635/757/4539 1636/758/4539 1643/765/4539
f 1636/758/4540 1637/759/4540 1644/766/4540
f 1637/759/4541 1638/760/4541 1645/767/4541
f 1638/760/4542 1639/761/4542 1646/768/4542
f 879/713/4543 1598/723/4543 1016/769/4543
f 878/712/4544 1599/721/4544 1598/723/4544
f 877/711/4545 1600/724/4545 1599/721/4545
f 876/710/4546 1601/726/4546 1600/724/4546
f 875/709/4547 1602/728/4547 1601/726/4547
f 874/708/4548 1603/730/4548 1602/728/4548
f 873/707/4549 1604/732/4549 1603/730/4549
f 20/706/4550 304/770/4550 1604/732/4550
f 304/770/4551 303/771/4551 1611/739/4551
f 303/771/4552 302/772/4552 1618/746/4552
f 302/772/4553 301/3231/4553 1625/773/4553
f 1625/773/4554 301/3231/4554 300/774/4554
f 1632/754/4555 300/774/4555 299/775/4555
f 1639/761/4556 299/775/4556 298/776/4556
f 1646/768/4557 298/776/4557 22/777/4557
f 1645/767/4558 1646/768/4558 880/778/4558
f 1644/766/4559 1645/767/4559 881/779/4559
f 1643/765/4560 1644/766/4560 882/780/4560
f 1642/763/4561 1643/765/4561 883/781/4561
f 1642/763/4562 884/782/4562 885/783/4562
f 1663/16/4563 3546/16/4563 3573/16/4563
f 1011/16/4564 631/16/4564 1015/16/4564
f 1021/784/4565 1633/756/4565 1640/762/4565
f 1020/786/4566 1626/749/4566 1633/756/4566
f 1019/787/4567 1619/741/4567 1626/749/4567
f 1612/734/4568 1619/741/4568 1019/787/4568
f 1605/722/4569 1612/734/4569 1018/788/4569
f 1598/723/4570 1605/722/4570 1017/789/4570
f 1647/16/4571 1653/16/4571 1658/16/4571
f 1649/790/4572 1654/794/4572 1653/791/4572
f 1650/793/4573 1655/796/4573 1654/794/4573
f 1651/795/4574 1656/798/4574 1655/796/4574
f 1652/797/4575 1657/802/4575 1656/798/4575
f 1654/794/4576 1659/800/4576 1658/799/4576
f 1655/796/4577 1660/801/4577 1659/800/4577
f 1656/798/4578 1661/803/4578 1660/801/4578
f 1657/802/4579 1662/807/4579 1661/803/4579
f 1685/16/4580 1713/16/4580 1712/16/4580
f 1659/800/4581 1665/805/4581 1664/804/4581
f 1660/801/4582 1666/806/4582 1665/805/4582
f 1661/803/4583 1667/808/4583 1666/806/4583
f 1662/807/4584 1668/828/4584 1667/808/4584
f 1665/805/4585 1670/811/4585 1669/809/4585
f 1665/805/4586 1666/806/4586 1671/810/4586
f 1666/806/4587 1667/808/4587 1672/812/4587
f 1667/808/4588 1668/828/4588 1673/813/4588
f 1685/16/4589 1707/16/4589 1713/16/4589
f 1669/809/4590 1670/811/4590 1675/814/4590
f 1670/811/4591 1671/810/4591 1676/816/4591
f 1671/810/4592 1672/812/4592 1677/817/4592
f 1672/812/4593 1673/813/4593 1678/818/4593
f 1674/815/4594 1675/814/4594 1680/819/4594
f 1675/814/4595 1676/816/4595 1681/821/4595
f 1676/816/4596 1677/817/4596 1682/822/4596
f 1677/817/4597 1678/818/4597 1683/823/4597
f 886/16/4598 1663/16/4598 1014/16/4598
f 884/782/4599 1648/792/4599 1647/824/4599
f 883/781/4600 1649/790/4600 1648/792/4600
f 882/780/4601 1650/793/4601 1649/790/4601
f 881/779/4602 1651/795/4602 1650/793/4602
f 880/778/4603 1652/797/4603 1651/795/4603
f 22/777/4604 325/825/4604 1652/797/4604
f 325/825/4605 324/826/4605 1657/802/4605
f 324/826/4606 323/827/4606 1662/807/4606
f 323/827/4607 322/3232/4607 1668/828/4607
f 1668/828/4608 322/3232/4608 321/829/4608
f 1673/813/4609 321/829/4609 320/830/4609
f 1678/818/4610 320/830/4610 319/831/4610
f 1683/823/4611 319/831/4611 24/832/4611
f 1682/822/4612 1683/823/4612 887/833/4612
f 1681/821/4613 1682/822/4613 888/834/4613
f 1680/819/4614 1681/821/4614 889/835/4614
f 1680/819/4615 890/836/4615 891/837/4615
f 1663/16/4616 3574/16/4616 3579/16/4616
f 1647/16/4617 1679/16/4617 891/16/4617
f 3566/16/4618 3575/16/4618 1014/16/4618
f 1685/16/4619 1696/16/4619 1701/16/4619
f 1687/838/4620 1692/842/4620 1691/839/4620
f 1688/841/4621 1693/844/4621 1692/842/4621
f 1689/843/4622 1694/846/4622 1693/844/4622
f 1690/845/4623 1695/850/4623 1694/846/4623
f 1692/842/4624 1697/848/4624 1696/847/4624
f 1693/844/4625 1698/849/4625 1697/848/4625
f 1694/846/4626 1699/851/4626 1698/849/4626
f 1695/850/4627 1700/855/4627 1699/851/4627
f 3588/16/4628 3589/16/4628 3593/16/4628
f 1663/16/4629 3579/16/4629 1015/16/4629
f 1697/848/4630 1702/853/4630 1701/852/4630
f 1698/849/4631 1703/854/4631 1702/853/4631
f 1699/851/4632 1704/856/4632 1703/854/4632
f 1700/855/4633 1705/877/4633 1704/856/4633
f 1647/16/4634 1658/16/4634 1664/16/4634
f 1647/16/4635 1664/16/4635 1669/16/4635
f 1701/852/4636 1702/853/4636 1708/857/4636
f 1702/853/4637 1703/854/4637 1709/859/4637
f 1703/854/4638 1704/856/4638 1710/860/4638
f 1704/856/4639 1705/877/4639 1711/861/4639
f 3569/16/4640 1685/16/4640 3547/16/4640
f 1707/858/4641 1708/857/4641 1714/862/4641
f 1708/857/4642 1709/859/4642 1715/864/4642
f 1709/859/4643 1710/860/4643 1716/865/4643
f 1710/860/4644 1711/861/4644 1717/866/4644
f 1712/867/4645 1713/863/4645 1719/868/4645
f 1713/863/4646 1714/862/4646 1720/870/4646
f 1714/862/4647 1715/864/4647 1721/871/4647
f 1715/864/4648 1716/865/4648 1722/872/4648
f 1716/865/4649 1717/866/4649 1723/873/4649
f 1684/16/4650 1685/16/4650 1706/16/4650
f 1685/16/4651 1701/16/4651 1707/16/4651
f 3527/16/4652 3531/16/4652 3578/16/4652
f 890/836/4653 1687/838/4653 1686/840/4653
f 889/835/4654 1688/841/4654 1687/838/4654
f 888/834/4655 1689/843/4655 1688/841/4655
f 887/833/4656 1690/845/4656 1689/843/4656
f 24/832/4657 346/874/4657 1690/845/4657
f 346/874/4658 345/875/4658 1695/850/4658
f 345/875/4659 344/876/4659 1700/855/4659
f 344/876/4660 343/3233/4660 1705/877/4660
f 1705/877/4661 343/3233/4661 342/878/4661
f 1711/861/4662 342/878/4662 341/879/4662
f 1717/866/4663 341/879/4663 340/880/4663
f 1723/873/4664 340/880/4664 26/881/4664
f 1722/872/4665 1723/873/4665 892/882/4665
f 1721/871/4666 1722/872/4666 893/883/4666
f 1720/870/4667 1721/871/4667 894/884/4667
f 1719/868/4668 1720/870/4668 895/885/4668
f 1718/869/4669 1719/868/4669 896/886/4669
f 1013/16/4670 1706/16/4670 898/16/4670
f 1706/16/4671 897/16/4671 898/16/4671
f 886/16/4672 885/16/4672 1647/16/4672
f 1013/16/4673 66/16/4673 3555/16/4673
f 1725/891/4674 1732/895/4674 1731/892/4674
f 1726/894/4675 1733/897/4675 1732/895/4675
f 1727/896/4676 1734/899/4676 1733/897/4676
f 1728/898/4677 1735/901/4677 1734/899/4677
f 1729/900/4678 1736/903/4678 1735/901/4678
f 1730/902/4679 1737/909/4679 1736/903/4679
f 1732/895/4680 1739/905/4680 1738/904/4680
f 1733/897/4681 1740/906/4681 1739/905/4681
f 1734/899/4682 1741/907/4682 1740/906/4682
f 1735/901/4683 1742/908/4683 1741/907/4683
f 1736/903/4684 1743/910/4684 1742/908/4684
f 1737/909/4685 1744/916/4685 1743/910/4685
f 1739/905/4686 1746/913/4686 1745/911/4686
f 1739/905/4687 1740/906/4687 1747/912/4687
f 1740/906/4688 1741/907/4688 1748/914/4688
f 1742/908/4689 1749/915/4689 1748/914/4689
f 1743/910/4690 1750/917/4690 1749/915/4690
f 1744/916/4691 1751/945/4691 1750/917/4691
f 1745/911/4692 1746/913/4692 1753/918/4692
f 1746/913/4693 1747/912/4693 1754/920/4693
f 1747/912/4694 1748/914/4694 1755/921/4694
f 1748/914/4695 1749/915/4695 1756/922/4695
f 1749/915/4696 1750/917/4696 1757/923/4696
f 1750/917/4697 1751/945/4697 1758/924/4697
f 1752/919/4698 1753/918/4698 1760/925/4698
f 1753/918/4699 1754/920/4699 1761/927/4699
f 1754/920/4700 1755/921/4700 1762/928/4700
f 1755/921/4701 1756/922/4701 1763/929/4701
f 1756/922/4702 1757/923/4702 1764/930/4702
f 1757/923/4703 1758/924/4703 1765/931/4703
f 1759/926/4704 1760/925/4704 1767/932/4704
f 1760/925/4705 1761/927/4705 1768/934/4705
f 1761/927/4706 1762/928/4706 1769/935/4706
f 1762/928/4707 1763/929/4707 1770/936/4707
f 1763/929/4708 1764/930/4708 1771/937/4708
f 1764/930/4709 1765/931/4709 1772/938/4709
f 898/939/4710 1724/893/4710 1004/940/4710
f 897/887/4711 1725/891/4711 1724/893/4711
f 897/887/4712 896/886/4712 1726/894/4712
f 896/886/4713 895/885/4713 1727/896/4713
f 894/884/4714 1728/898/4714 1727/896/4714
f 893/883/4715 1729/900/4715 1728/898/4715
f 892/882/4716 1730/902/4716 1729/900/4716
f 26/881/4717 367/942/4717 1730/902/4717
f 367/942/4718 366/943/4718 1737/909/4718
f 366/943/4719 365/944/4719 1744/916/4719
f 365/944/4720 364/3234/4720 1751/945/4720
f 1751/945/4721 364/3234/4721 363/946/4721
f 1758/924/4722 363/946/4722 362/947/4722
f 1765/931/4723 362/947/4723 361/948/4723
f 1772/938/4724 361/948/4724 28/949/4724
f 1771/937/4725 1772/938/4725 899/950/4725
f 1770/936/4726 1771/937/4726 900/951/4726
f 1769/935/4727 1770/936/4727 901/952/4727
f 1768/934/4728 1769/935/4728 902/953/4728
f 1767/932/4729 1768/934/4729 903/954/4729
f 1766/933/4730 1767/932/4730 904/955/4730
f 1010/957/4731 1766/933/4731 905/956/4731
f 1009/959/4732 1759/926/4732 1766/933/4732
f 1008/960/4733 1752/919/4733 1759/926/4733
f 1007/961/4734 1745/911/4734 1752/919/4734
f 1738/904/4735 1745/911/4735 1007/961/4735
f 1731/892/4736 1738/904/4736 1006/962/4736
f 1724/893/4737 1731/892/4737 1005/963/4737
f 1774/964/4738 1781/968/4738 1780/965/4738
f 1775/967/4739 1782/970/4739 1781/968/4739
f 1776/969/4740 1783/972/4740 1782/970/4740
f 1777/971/4741 1784/974/4741 1783/972/4741
f 1778/973/4742 1785/976/4742 1784/974/4742
f 1779/975/4743 1786/982/4743 1785/976/4743
f 1781/968/4744 1788/978/4744 1787/977/4744
f 1782/970/4745 1789/979/4745 1788/978/4745
f 1783/972/4746 1790/980/4746 1789/979/4746
f 1784/974/4747 1791/981/4747 1790/980/4747
f 1785/976/4748 1792/983/4748 1791/981/4748
f 1786/982/4749 1793/989/4749 1792/983/4749
f 1788/978/4750 1795/985/4750 1794/984/4750
f 1789/979/4751 1796/986/4751 1795/985/4751
f 1790/980/4752 1797/987/4752 1796/986/4752
f 1791/981/4753 1798/988/4753 1797/987/4753
f 1792/983/4754 1799/990/4754 1798/988/4754
f 1793/989/4755 1800/1016/4755 1799/990/4755
f 1794/984/4756 1795/985/4756 1802/991/4756
f 1795/985/4757 1796/986/4757 1803/993/4757
f 1796/986/4758 1797/987/4758 1804/994/4758
f 1797/987/4759 1798/988/4759 1805/995/4759
f 1798/988/4760 1799/990/4760 1806/996/4760
f 1799/990/4761 1800/1016/4761 1807/997/4761
f 1801/992/4762 1802/991/4762 1809/998/4762
f 1802/991/4763 1803/993/4763 1810/1000/4763
f 1803/993/4764 1804/994/4764 1811/1001/4764
f 1804/994/4765 1805/995/4765 1812/1002/4765
f 1805/995/4766 1806/996/4766 1813/1003/4766
f 1806/996/4767 1807/997/4767 1814/1004/4767
f 1808/999/4768 1809/998/4768 1816/1005/4768
f 1809/998/4769 1810/1000/4769 1817/1007/4769
f 1810/1000/4770 1811/1001/4770 1818/1008/4770
f 1811/1001/4771 1812/1002/4771 1819/1009/4771
f 1812/1002/4772 1813/1003/4772 1820/1010/4772
f 1813/1003/4773 1814/1004/4773 1821/1011/4773
f 905/956/4774 1773/966/4774 997/1012/4774
f 904/955/4775 1774/964/4775 1773/966/4775
f 903/954/4776 1775/967/4776 1774/964/4776
f 902/953/4777 1776/969/4777 1775/967/4777
f 901/952/4778 1777/971/4778 1776/969/4778
f 900/951/4779 1778/973/4779 1777/971/4779
f 899/950/4780 1779/975/4780 1778/973/4780
f 28/949/4781 388/1013/4781 1779/975/4781
f 388/1013/4782 387/1014/4782 1786/982/4782
f 387/1014/4783 386/1015/4783 1793/989/4783
f 386/1015/4784 385/3235/4784 1800/1016/4784
f 1800/1016/4785 385/3235/4785 384/1017/4785
f 1807/997/4786 384/1017/4786 383/1018/4786
f 1814/1004/4787 383/1018/4787 382/1019/4787
f 1821/1011/4788 382/1019/4788 30/1020/4788
f 1820/1010/4789 1821/1011/4789 906/1021/4789
f 1819/1009/4790 1820/1010/4790 907/1022/4790
f 1818/1008/4791 1819/1009/4791 908/1023/4791
f 1817/1007/4792 1818/1008/4792 909/1024/4792
f 1816/1005/4793 1817/1007/4793 910/1025/4793
f 1815/1006/4794 1816/1005/4794 911/1026/4794
f 1003/1028/4795 1815/1006/4795 912/1027/4795
f 1002/1030/4796 1808/999/4796 1815/1006/4796
f 1001/1031/4797 1801/992/4797 1808/999/4797
f 1000/1032/4798 1794/984/4798 1801/992/4798
f 1787/977/4799 1794/984/4799 1000/1032/4799
f 1780/965/4800 1787/977/4800 999/1033/4800
f 1773/966/4801 1780/965/4801 998/1034/4801
f 1823/1035/4802 1830/1039/4802 1829/1036/4802
f 1824/1038/4803 1831/1041/4803 1830/1039/4803
f 1825/1040/4804 1832/1043/4804 1831/1041/4804
f 1826/1042/4805 1833/1045/4805 1832/1043/4805
f 1827/1044/4806 1834/1047/4806 1833/1045/4806
f 1828/1046/4807 1835/1053/4807 1834/1047/4807
f 1830/1039/4808 1837/1049/4808 1836/1048/4808
f 1831/1041/4809 1838/1050/4809 1837/1049/4809
f 1832/1043/4810 1839/1051/4810 1838/1050/4810
f 1833/1045/4811 1840/1052/4811 1839/1051/4811
f 1834/1047/4812 1841/1054/4812 1840/1052/4812
f 1835/1053/4813 1842/1060/4813 1841/1054/4813
f 1837/1049/4814 1844/1056/4814 1843/1055/4814
f 1838/1050/4815 1845/1057/4815 1844/1056/4815
f 1839/1051/4816 1846/1058/4816 1845/1057/4816
f 1840/1052/4817 1847/1059/4817 1846/1058/4817
f 1841/1054/4818 1848/1061/4818 1847/1059/4818
f 1842/1060/4819 1849/1087/4819 1848/1061/4819
f 1843/1055/4820 1844/1056/4820 1851/1062/4820
f 1844/1056/4821 1845/1057/4821 1852/1064/4821
f 1845/1057/4822 1846/1058/4822 1853/1065/4822
f 1846/1058/4823 1847/1059/4823 1854/1066/4823
f 1847/1059/4824 1848/1061/4824 1855/1067/4824
f 1848/1061/4825 1849/1087/4825 1856/1068/4825
f 1850/1063/4826 1851/1062/4826 1858/1069/4826
f 1851/1062/4827 1852/1064/4827 1859/1071/4827
f 1852/1064/4828 1853/1065/4828 1860/1072/4828
f 1853/1065/4829 1854/1066/4829 1861/1073/4829
f 1854/1066/4830 1855/1067/4830 1862/1074/4830
f 1855/1067/4831 1856/1068/4831 1863/1075/4831
f 1857/1070/4832 1858/1069/4832 1865/1076/4832
f 1858/1069/4833 1859/1071/4833 1866/1078/4833
f 1859/1071/4834 1860/1072/4834 1867/1079/4834
f 1860/1072/4835 1861/1073/4835 1868/1080/4835
f 1861/1073/4836 1862/1074/4836 1869/1081/4836
f 1862/1074/4837 1863/1075/4837 1870/1082/4837
f 912/1027/4838 1822/1037/4838 990/1083/4838
f 911/1026/4839 1823/1035/4839 1822/1037/4839
f 910/1025/4840 1824/1038/4840 1823/1035/4840
f 909/1024/4841 1825/1040/4841 1824/1038/4841
f 908/1023/4842 1826/1042/4842 1825/1040/4842
f 907/1022/4843 1827/1044/4843 1826/1042/4843
f 906/1021/4844 1828/1046/4844 1827/1044/4844
f 30/1020/4845 409/1084/4845 1828/1046/4845
f 409/1084/4846 408/1085/4846 1835/1053/4846
f 408/1085/4847 407/1086/4847 1842/1060/4847
f 407/1086/4848 406/3236/4848 1849/1087/4848
f 1849/1087/4849 406/3236/4849 405/1088/4849
f 1856/1068/4850 405/1088/4850 404/1089/4850
f 1863/1075/4851 404/1089/4851 403/1090/4851
f 1870/1082/4852 403/1090/4852 32/1091/4852
f 1869/1081/4853 1870/1082/4853 913/1092/4853
f 1868/1080/4854 1869/1081/4854 914/1093/4854
f 1867/1079/4855 1868/1080/4855 915/1094/4855
f 1866/1078/4856 1867/1079/4856 916/1095/4856
f 1865/1076/4857 1866/1078/4857 917/1096/4857
f 1864/1077/4858 1865/1076/4858 918/1097/4858
f 996/1099/4859 1864/1077/4859 919/1098/4859
f 995/1101/4860 1857/1070/4860 1864/1077/4860
f 994/1102/4861 1850/1063/4861 1857/1070/4861
f 993/1103/4862 1843/1055/4862 1850/1063/4862
f 1836/1048/4863 1843/1055/4863 993/1103/4863
f 1829/1036/4864 1836/1048/4864 992/1104/4864
f 1822/1037/4865 1829/1036/4865 991/1105/4865
f 1872/1106/4866 1879/1110/4866 1878/1107/4866
f 1873/1109/4867 1880/1112/4867 1879/1110/4867
f 1874/1111/4868 1881/1114/4868 1880/1112/4868
f 1875/1113/4869 1882/1116/4869 1881/1114/4869
f 1876/1115/4870 1883/1118/4870 1882/1116/4870
f 1877/1117/4871 1884/1124/4871 1883/1118/4871
f 1879/1110/4872 1886/1120/4872 1885/1119/4872
f 1880/1112/4873 1887/1121/4873 1886/1120/4873
f 1881/1114/4874 1888/1122/4874 1887/1121/4874
f 1882/1116/4875 1889/1123/4875 1888/1122/4875
f 1883/1118/4876 1890/1125/4876 1889/1123/4876
f 1884/1124/4877 1891/1131/4877 1890/1125/4877
f 1886/1120/4878 1893/1127/4878 1892/1126/4878
f 1887/1121/4879 1894/1128/4879 1893/1127/4879
f 1888/1122/4880 1895/1129/4880 1894/1128/4880
f 1889/1123/4881 1896/1130/4881 1895/1129/4881
f 1890/1125/4882 1897/1132/4882 1896/1130/4882
f 1891/1131/4883 1898/1158/4883 1897/1132/4883
f 1892/1126/4884 1893/1127/4884 1900/1133/4884
f 1893/1127/4885 1894/1128/4885 1901/1135/4885
f 1894/1128/4886 1895/1129/4886 1902/1136/4886
f 1895/1129/4887 1896/1130/4887 1903/1137/4887
f 1896/1130/4888 1897/1132/4888 1904/1138/4888
f 1897/1132/4889 1898/1158/4889 1905/1139/4889
f 1899/1134/4890 1900/1133/4890 1907/1140/4890
f 1900/1133/4891 1901/1135/4891 1908/1142/4891
f 1901/1135/4892 1902/1136/4892 1909/1143/4892
f 1902/1136/4893 1903/1137/4893 1910/1144/4893
f 1903/1137/4894 1904/1138/4894 1911/1145/4894
f 1904/1138/4895 1905/1139/4895 1912/1146/4895
f 1906/1141/4896 1907/1140/4896 1914/1147/4896
f 1907/1140/4897 1908/1142/4897 1915/1149/4897
f 1908/1142/4898 1909/1143/4898 1916/1150/4898
f 1909/1143/4899 1910/1144/4899 1917/1151/4899
f 1910/1144/4900 1911/1145/4900 1918/1152/4900
f 1911/1145/4901 1912/1146/4901 1919/1153/4901
f 919/1098/4902 1871/1108/4902 987/1154/4902
f 918/1097/4903 1872/1106/4903 1871/1108/4903
f 917/1096/4904 1873/1109/4904 1872/1106/4904
f 916/1095/4905 1874/1111/4905 1873/1109/4905
f 915/1094/4906 1875/1113/4906 1874/1111/4906
f 914/1093/4907 1876/1115/4907 1875/1113/4907
f 913/1092/4908 1877/1117/4908 1876/1115/4908
f 32/1091/4909 430/1155/4909 1877/1117/4909
f 430/1155/4910 429/1156/4910 1884/1124/4910
f 429/1156/4911 428/1157/4911 1891/1131/4911
f 428/1157/4912 427/3237/4912 1898/1158/4912
f 1898/1158/4913 427/3237/4913 426/1159/4913
f 1905/1139/4914 426/1159/4914 425/1160/4914
f 1912/1146/4915 425/1160/4915 424/1161/4915
f 1919/1153/4916 424/1161/4916 34/1162/4916
f 1918/1152/4917 1919/1153/4917 920/1163/4917
f 1917/1151/4918 1918/1152/4918 921/1164/4918
f 1916/1150/4919 1917/1151/4919 922/1165/4919
f 1915/1149/4920 1916/1150/4920 923/1166/4920
f 1914/1147/4921 1915/1149/4921 924/1167/4921
f 1913/1148/4922 1914/1147/4922 925/1168/4922
f 989/3238/4923 1913/1148/4923 926/1169/4923
f 988/16/4924 989/16/4924 3407/16/4924
f 1878/1107/4925 1885/1119/4925 988/3239/4925
f 3453/16/4926 658/16/4926 659/16/4926
f 1921/1170/4927 1928/1174/4927 1927/1171/4927
f 1922/1173/4928 1929/1176/4928 1928/1174/4928
f 1923/1175/4929 1930/1178/4929 1929/1176/4929
f 1924/1177/4930 1931/1180/4930 1930/1178/4930
f 1925/1179/4931 1932/1182/4931 1931/1180/4931
f 1926/1181/4932 1933/1188/4932 1932/1182/4932
f 1928/1174/4933 1935/1184/4933 1934/1183/4933
f 1929/1176/4934 1936/1185/4934 1935/1184/4934
f 1930/1178/4935 1937/1186/4935 1936/1185/4935
f 1931/1180/4936 1938/1187/4936 1937/1186/4936
f 1932/1182/4937 1939/1189/4937 1938/1187/4937
f 1933/1188/4938 1940/1195/4938 1939/1189/4938
f 1935/1184/4939 1942/1191/4939 1941/1190/4939
f 1936/1185/4940 1943/1192/4940 1942/1191/4940
f 1937/1186/4941 1944/1193/4941 1943/1192/4941
f 1938/1187/4942 1945/1194/4942 1944/1193/4942
f 1939/1189/4943 1946/1196/4943 1945/1194/4943
f 1940/1195/4944 1947/1221/4944 1946/1196/4944
f 1941/1190/4945 1942/1191/4945 1949/1197/4945
f 1942/1191/4946 1943/1192/4946 1950/1199/4946
f 1943/1192/4947 1944/1193/4947 1951/1200/4947
f 1944/1193/4948 1945/1194/4948 1952/1201/4948
f 1945/1194/4949 1946/1196/4949 1953/1202/4949
f 1946/1196/4950 1947/1221/4950 1954/1203/4950
f 1948/1198/4951 1949/1197/4951 1956/1204/4951
f 1949/1197/4952 1950/1199/4952 1957/1206/4952
f 1950/1199/4953 1951/1200/4953 1958/1207/4953
f 1951/1200/4954 1952/1201/4954 1959/1208/4954
f 1952/1201/4955 1953/1202/4955 1960/1209/4955
f 1953/1202/4956 1954/1203/4956 1961/1210/4956
f 1955/1205/4957 1956/1204/4957 1963/1211/4957
f 1956/1204/4958 1957/1206/4958 1964/1213/4958
f 1957/1206/4959 1958/1207/4959 1965/1214/4959
f 1958/1207/4960 1959/1208/4960 1966/1215/4960
f 1959/1208/4961 1960/1209/4961 1967/1216/4961
f 1960/1209/4962 1961/1210/4962 1968/1217/4962
f 926/1169/4963 1920/1172/4963 983/3240/4963
f 925/1168/4964 1921/1170/4964 1920/1172/4964
f 924/1167/4965 1922/1173/4965 1921/1170/4965
f 923/1166/4966 1923/1175/4966 1922/1173/4966
f 922/1165/4967 1924/1177/4967 1923/1175/4967
f 921/1164/4968 1925/1179/4968 1924/1177/4968
f 920/1163/4969 1926/1181/4969 1925/1179/4969
f 34/1162/4970 451/1218/4970 1926/1181/4970
f 451/1218/4971 450/1219/4971 1933/1188/4971
f 450/1219/4972 449/1220/4972 1940/1195/4972
f 449/1220/4973 448/3241/4973 1947/1221/4973
f 1947/1221/4974 448/3241/4974 447/1222/4974
f 1954/1203/4975 447/1222/4975 446/1223/4975
f 1961/1210/4976 446/1223/4976 445/1224/4976
f 1968/1217/4977 445/1224/4977 36/1225/4977
f 1967/1216/4978 1968/1217/4978 927/1226/4978
f 1966/1215/4979 1967/1216/4979 928/1227/4979
f 1965/1214/4980 1966/1215/4980 929/1228/4980
f 1964/1213/4981 1965/1214/4981 930/1229/4981
f 1963/1211/4982 1964/1213/4982 931/1230/4982
f 1962/1212/4983 1963/1211/4983 932/1231/4983
f 986/1234/4984 1962/1212/4984 933/1232/4984
f 985/1233/4985 1955/1205/4985 1962/1212/4985
f 984/1235/4986 1948/1198/4986 1955/1205/4986
f 983/16/4987 1948/16/4987 984/16/4987
f 983/16/4988 1927/16/4988 1934/16/4988
f 1970/1236/4989 1977/1240/4989 1976/1237/4989
f 1971/1239/4990 1978/1242/4990 1977/1240/4990
f 1972/1241/4991 1979/1244/4991 1978/1242/4991
f 1973/1243/4992 1980/1246/4992 1979/1244/4992
f 1974/1245/4993 1981/1248/4993 1980/1246/4993
f 1975/1247/4994 1982/1254/4994 1981/1248/4994
f 1977/1240/4995 1984/1250/4995 1983/1249/4995
f 1978/1242/4996 1985/1251/4996 1984/1250/4996
f 1979/1244/4997 1986/1252/4997 1985/1251/4997
f 1980/1246/4998 1987/1253/4998 1986/1252/4998
f 1981/1248/4999 1988/1255/4999 1987/1253/4999
f 1982/1254/5000 1989/1261/5000 1988/1255/5000
f 1984/1250/5001 1991/1257/5001 1990/1256/5001
f 1985/1251/5002 1992/1258/5002 1991/1257/5002
f 1986/1252/5003 1993/1259/5003 1992/1258/5003
f 1987/1253/5004 1994/1260/5004 1993/1259/5004
f 1988/1255/5005 1995/1262/5005 1994/1260/5005
f 1989/1261/5006 1996/1287/5006 1995/1262/5006
f 1990/1256/5007 1991/1257/5007 1998/1263/5007
f 1991/1257/5008 1992/1258/5008 1999/1265/5008
f 1992/1258/5009 1993/1259/5009 2000/1266/5009
f 1993/1259/5010 1994/1260/5010 2001/1267/5010
f 1994/1260/5011 1995/1262/5011 2002/1268/5011
f 1995/1262/5012 1996/1287/5012 2003/1269/5012
f 1997/1264/5013 1998/1263/5013 2005/1270/5013
f 1998/1263/5014 1999/1265/5014 2006/1272/5014
f 1999/1265/5015 2000/1266/5015 2007/1273/5015
f 2000/1266/5016 2001/1267/5016 2008/1274/5016
f 2001/1267/5017 2002/1268/5017 2009/1275/5017
f 2002/1268/5018 2003/1269/5018 2010/1276/5018
f 2004/1271/5019 2005/1270/5019 2012/1277/5019
f 2005/1270/5020 2006/1272/5020 2013/1279/5020
f 2006/1272/5021 2007/1273/5021 2014/1280/5021
f 2007/1273/5022 2008/1274/5022 2015/1281/5022
f 2008/1274/5023 2009/1275/5023 2016/1282/5023
f 2009/1275/5024 2010/1276/5024 2017/1283/5024
f 933/1232/5025 1969/1238/5025 981/3242/5025
f 932/1231/5026 1970/1236/5026 1969/1238/5026
f 931/1230/5027 1971/1239/5027 1970/1236/5027
f 930/1229/5028 1972/1241/5028 1971/1239/5028
f 929/1228/5029 1973/1243/5029 1972/1241/5029
f 928/1227/5030 1974/1245/5030 1973/1243/5030
f 927/1226/5031 1975/1247/5031 1974/1245/5031
f 36/1225/5032 471/1284/5032 1975/1247/5032
f 471/1284/5033 470/1285/5033 1982/1254/5033
f 470/1285/5034 469/1286/5034 1989/1261/5034
f 469/1286/5035 468/3243/5035 1996/1287/5035
f 1996/1287/5036 468/3243/5036 467/1288/5036
f 2003/1269/5037 467/1288/5037 466/1289/5037
f 2010/1276/5038 466/1289/5038 465/1290/5038
f 2017/1283/5039 465/1290/5039 38/1291/5039
f 2016/1282/5040 2017/1283/5040 934/1292/5040
f 2015/1281/5041 2016/1282/5041 935/1293/5041
f 2014/1280/5042 2015/1281/5042 936/1294/5042
f 2013/1279/5043 2014/1280/5043 937/1295/5043
f 2012/1277/5044 2013/1279/5044 938/1296/5044
f 2011/1278/5045 2012/1277/5045 939/1297/5045
f 982/3244/5046 1997/1264/5046 2004/1271/5046
f 3396/16/5047 981/16/5047 982/16/5047
f 981/16/5048 1997/16/5048 982/16/5048
f 981/16/5049 1976/16/5049 1983/16/5049
f 940/16/5050 2024/16/5050 2030/16/5050
f 2019/1299/5051 2025/1303/5051 2024/1300/5051
f 2020/1302/5052 2026/1305/5052 2025/1303/5052
f 2021/1304/5053 2027/1307/5053 2026/1305/5053
f 2022/1306/5054 2028/1309/5054 2027/1307/5054
f 2023/1308/5055 2029/1314/5055 2028/1309/5055
f 940/16/5056 2055/16/5056 946/16/5056
f 2025/1303/5057 2031/1311/5057 2030/1310/5057
f 2026/1305/5058 2032/1312/5058 2031/1311/5058
f 2027/1307/5059 2033/1313/5059 2032/1312/5059
f 2028/1309/5060 2034/1315/5060 2033/1313/5060
f 2029/1314/5061 2035/1320/5061 2034/1315/5061
f 2031/1311/5062 2038/1317/5062 2037/1316/5062
f 2032/1312/5063 2039/1318/5063 2038/1317/5063
f 2033/1313/5064 2040/1319/5064 2039/1318/5064
f 2034/1315/5065 2041/1321/5065 2040/1319/5065
f 2035/1320/5066 2042/1343/5066 2041/1321/5066
f 2037/1316/5067 2038/1317/5067 2044/1322/5067
f 2038/1317/5068 2039/1318/5068 2045/1324/5068
f 2039/1318/5069 2040/1319/5069 2046/1325/5069
f 2040/1319/5070 2041/1321/5070 2047/1326/5070
f 2041/1321/5071 2042/1343/5071 2048/1327/5071
f 2043/1323/5072 2044/1322/5072 2050/1328/5072
f 2044/1322/5073 2045/1324/5073 2051/1330/5073
f 2045/1324/5074 2046/1325/5074 2052/1331/5074
f 2046/1325/5075 2047/1326/5075 2053/1332/5075
f 2047/1326/5076 2048/1327/5076 2054/1333/5076
f 2049/1329/5077 2050/1328/5077 2056/1334/5077
f 2050/1328/5078 2051/1330/5078 2057/1336/5078
f 2051/1330/5079 2052/1331/5079 2058/1337/5079
f 2052/1331/5080 2053/1332/5080 2059/1338/5080
f 2053/1332/5081 2054/1333/5081 2060/1339/5081
f 2036/16/5082 982/16/5082 2011/16/5082
f 938/1296/5083 2019/1299/5083 2018/1301/5083
f 937/1295/5084 2020/1302/5084 2019/1299/5084
f 936/1294/5085 2021/1304/5085 2020/1302/5085
f 935/1293/5086 2022/1306/5086 2021/1304/5086
f 934/1292/5087 2023/1308/5087 2022/1306/5087
f 38/1291/5088 487/1340/5088 2023/1308/5088
f 487/1340/5089 486/1341/5089 2029/1314/5089
f 486/1341/5090 485/1342/5090 2035/1320/5090
f 485/1342/5091 484/3245/5091 2042/1343/5091
f 2042/1343/5092 484/3245/5092 483/1344/5092
f 2048/1327/5093 483/1344/5093 482/1345/5093
f 2054/1333/5094 482/1345/5094 481/1346/5094
f 2060/1339/5095 481/1346/5095 39/1347/5095
f 2059/1338/5096 2060/1339/5096 941/1348/5096
f 2058/1337/5097 2059/1338/5097 942/1349/5097
f 2057/1336/5098 2058/1337/5098 943/1350/5098
f 2056/1334/5099 2057/1336/5099 944/1351/5099
f 2055/1335/5100 2056/1334/5100 945/1352/5100
f 940/16/5101 2049/16/5101 2055/16/5101
f 3369/16/5102 2036/16/5102 979/16/5102
f 3396/16/5103 3393/16/5103 986/16/5103
f 2061/16/5104 2067/16/5104 2072/16/5104
f 2063/1354/5105 2068/1358/5105 2067/1355/5105
f 2064/1357/5106 2069/1360/5106 2068/1358/5106
f 2065/1359/5107 2070/1362/5107 2069/1360/5107
f 2066/1361/5108 2071/1366/5108 2070/1362/5108
f 2061/16/5109 2072/16/5109 2078/16/5109
f 2068/1358/5110 2073/1364/5110 2072/1363/5110
f 2069/1360/5111 2074/1365/5111 2073/1364/5111
f 2070/1362/5112 2075/1367/5112 2074/1365/5112
f 2071/1366/5113 2076/1371/5113 2075/1367/5113
f 2061/16/5114 2088/16/5114 2093/16/5114
f 2061/16/5115 951/16/5115 2099/16/5115
f 2073/1364/5116 2079/1369/5116 2078/1368/5116
f 2074/1365/5117 2080/1370/5117 2079/1369/5117
f 2075/1367/5118 2081/1372/5118 2080/1370/5118
f 2076/1371/5119 2082/1392/5119 2081/1372/5119
f 2061/16/5120 2099/16/5120 2098/16/5120
f 2061/16/5121 2098/16/5121 2077/16/5121
f 2078/1368/5122 2079/1369/5122 2084/1373/5122
f 2079/1369/5123 2080/1370/5123 2085/1375/5123
f 2080/1370/5124 2081/1372/5124 2086/1376/5124
f 2081/1372/5125 2082/1392/5125 2087/1377/5125
f 2083/1374/5126 2084/1373/5126 2089/1378/5126
f 2084/1373/5127 2085/1375/5127 2090/1380/5127
f 2085/1375/5128 2086/1376/5128 2091/1381/5128
f 2086/1376/5129 2087/1377/5129 2092/1382/5129
f 2088/1379/5130 2089/1378/5130 2094/1383/5130
f 2089/1378/5131 2090/1380/5131 2095/1385/5131
f 2090/1380/5132 2091/1381/5132 2096/1386/5132
f 2091/1381/5133 2092/1382/5133 2097/1387/5133
f 945/1352/5134 2062/1356/5134 2061/1388/5134
f 944/1351/5135 2063/1354/5135 2062/1356/5135
f 943/1350/5136 2064/1357/5136 2063/1354/5136
f 942/1349/5137 2065/1359/5137 2064/1357/5137
f 941/1348/5138 2066/1361/5138 2065/1359/5138
f 39/1347/5139 496/1389/5139 2066/1361/5139
f 496/1389/5140 495/1390/5140 2071/1366/5140
f 495/1390/5141 494/1391/5141 2076/1371/5141
f 494/1391/5142 493/3246/5142 2082/1392/5142
f 2082/1392/5143 493/3246/5143 492/1393/5143
f 2087/1377/5144 492/1393/5144 491/1394/5144
f 2092/1382/5145 491/1394/5145 490/1395/5145
f 2097/1387/5146 490/1395/5146 40/1396/5146
f 2096/1386/5147 2097/1387/5147 947/1397/5147
f 2095/1385/5148 2096/1386/5148 948/1398/5148
f 2094/1383/5149 2095/1385/5149 949/1399/5149
f 2093/1384/5150 2094/1383/5150 950/1400/5150
f 980/16/5151 680/16/5151 3364/16/5151
f 2061/16/5152 2062/16/5152 2067/16/5152
f 2099/16/5153 2110/16/5153 2115/16/5153
f 2101/1402/5154 2106/1406/5154 2105/1403/5154
f 2102/1405/5155 2107/1408/5155 2106/1406/5155
f 2103/1407/5156 2108/1410/5156 2107/1408/5156
f 2104/1409/5157 2109/1414/5157 2108/1410/5157
f 2098/16/5158 3352/16/5158 70/16/5158
f 2106/1406/5159 2111/1412/5159 2110/1411/5159
f 2107/1408/5160 2112/1413/5160 2111/1412/5160
f 2108/1410/5161 2113/1415/5161 2112/1413/5161
f 2109/1414/5162 2114/1419/5162 2113/1415/5162
f 3355/16/5163 3351/16/5163 3357/16/5163
f 2111/1412/5164 2116/1417/5164 2115/1416/5164
f 2112/1413/5165 2117/1418/5165 2116/1417/5165
f 2113/1415/5166 2118/1420/5166 2117/1418/5166
f 2114/1419/5167 2119/1437/5167 2118/1420/5167
f 2115/1416/5168 2116/1417/5168 2121/1421/5168
f 2116/1417/5169 2117/1418/5169 2122/1423/5169
f 2117/1418/5170 2118/1420/5170 2123/1424/5170
f 2118/1420/5171 2119/1437/5171 2124/1425/5171
f 2158/16/5172 3337/16/5172 2153/16/5172
f 2120/1422/5173 2121/1421/5173 2125/1427/5173
f 2121/1421/5174 2122/1423/5174 2126/1426/5174
f 2122/1423/5175 2123/1424/5175 2127/1428/5175
f 2123/1424/5176 2124/1425/5176 2128/1429/5176
f 2125/1427/5177 2126/1426/5177 2130/1430/5177
f 2126/1426/5178 2127/1428/5178 2131/1432/5178
f 2127/1428/5179 2128/1429/5179 2132/1433/5179
f 2061/16/5180 2083/16/5180 2088/16/5180
f 3334/16/5181 3350/16/5181 3357/16/5181
f 951/1401/5182 2100/1404/5182 2099/3247/5182
f 950/1400/5183 2101/1402/5183 2100/1404/5183
f 949/1399/5184 2102/1405/5184 2101/1402/5184
f 948/1398/5185 2103/1407/5185 2102/1405/5185
f 947/1397/5186 2104/1409/5186 2103/1407/5186
f 40/1396/5187 508/1434/5187 2104/1409/5187
f 508/1434/5188 507/1435/5188 2109/1414/5188
f 507/1435/5189 506/1436/5189 2114/1419/5189
f 506/1436/5190 505/3248/5190 2119/1437/5190
f 2119/1437/5191 505/3248/5191 504/1438/5191
f 2124/1425/5192 504/1438/5192 503/1439/5192
f 2128/1429/5193 503/1439/5193 502/1440/5193
f 2132/1433/5194 502/1440/5194 41/1441/5194
f 2131/1432/5195 2132/1433/5195 952/1442/5195
f 2130/1430/5196 2131/1432/5196 953/1443/5196
f 2129/1431/5197 2130/1430/5197 954/1444/5197
f 2099/16/5198 2100/16/5198 2105/16/5198
f 2120/16/5199 2129/16/5199 955/16/5199
f 687/16/5200 3343/16/5200 3322/16/5200
f 3337/16/5201 3333/16/5201 975/16/5201
f 2133/1448/5202 2140/1447/5202 2139/3249/5202
f 2134/1446/5203 2141/1450/5203 2140/1447/5203
f 2135/1449/5204 2142/1452/5204 2141/1450/5204
f 2136/1451/5205 2143/1455/5205 2142/1452/5205
f 2139/16/5206 2149/16/5206 2154/16/5206
f 2139/16/5207 2145/16/5207 2149/16/5207
f 2141/1450/5208 2146/1454/5208 2145/1453/5208
f 2142/1452/5209 2147/1456/5209 2146/1454/5209
f 2143/1455/5210 2148/1459/5210 2147/1456/5210
f 2144/16/5211 962/16/5211 2153/16/5211
f 2146/1454/5212 2150/1458/5212 2149/1457/5212
f 2147/1456/5213 2151/1460/5213 2150/1458/5213
f 2148/1459/5214 2152/1476/5214 2151/1460/5214
f 2149/1457/5215 2150/1458/5215 2155/1461/5215
f 2150/1458/5216 2151/1460/5216 2156/1463/5216
f 2151/1460/5217 2152/1476/5217 2157/1464/5217
f 2154/1462/5218 2155/1461/5218 2160/1465/5218
f 2155/1461/5219 2156/1463/5219 2161/1467/5219
f 2156/1463/5220 2157/1464/5220 2162/1468/5220
f 3307/16/5221 686/16/5221 3308/16/5221
f 2159/1466/5222 2160/1465/5222 2164/1469/5222
f 2160/1465/5223 2161/1467/5223 2165/1471/5223
f 2161/1467/5224 2162/1468/5224 2166/1472/5224
f 954/1444/5225 2134/1446/5225 2133/1448/5225
f 953/1443/5226 2135/1449/5226 2134/1446/5226
f 952/1442/5227 2136/1451/5227 2135/1449/5227
f 41/1441/5228 520/1473/5228 2136/1451/5228
f 520/1473/5229 519/1474/5229 2143/1455/5229
f 519/1474/5230 518/1475/5230 2148/1459/5230
f 518/1475/5231 517/3250/5231 2152/1476/5231
f 2152/1476/5232 517/3250/5232 516/1477/5232
f 2157/1464/5233 516/1477/5233 515/1478/5233
f 2162/1468/5234 515/1478/5234 514/1479/5234
f 2166/1472/5235 514/1479/5235 43/1480/5235
f 2165/1471/5236 2166/1472/5236 958/1481/5236
f 2164/1469/5237 2165/1471/5237 959/1482/5237
f 2163/1470/5238 2164/1469/5238 960/1483/5238
f 2137/16/5239 2144/16/5239 2153/16/5239
f 2169/1485/5240 2173/1489/5240 2172/1486/5240
f 2170/1488/5241 2174/1491/5241 2173/1489/5241
f 2171/1490/5242 2175/1494/5242 2174/1491/5242
f 2173/1489/5243 2177/1493/5243 2176/1492/5243
f 2174/1491/5244 2178/1495/5244 2177/1493/5244
f 2175/1494/5245 2179/1837/5245 2178/1495/5245
f 2181/1496/5246 2185/1500/5246 2184/1497/5246
f 2182/1499/5247 2186/1502/5247 2185/1500/5247
f 2183/1501/5248 2187/1505/5248 2186/1502/5248
f 2185/1500/5249 2189/1504/5249 2188/1503/5249
f 2186/1502/5250 2190/1506/5250 2189/1504/5250
f 2187/1505/5251 2191/1839/5251 2190/1506/5251
f 2193/1507/5252 2197/1511/5252 2196/1508/5252
f 2194/1510/5253 2198/1513/5253 2197/1511/5253
f 2195/1512/5254 2199/1516/5254 2198/1513/5254
f 2197/1511/5255 2201/1515/5255 2200/1514/5255
f 2198/1513/5256 2202/1517/5256 2201/1515/5256
f 2199/1516/5257 2203/1840/5257 2202/1517/5257
f 2205/1518/5258 2209/1522/5258 2208/1519/5258
f 2206/1521/5259 2210/1524/5259 2209/1522/5259
f 2207/1523/5260 2211/1527/5260 2210/1524/5260
f 2209/1522/5261 2213/1526/5261 2212/1525/5261
f 2210/1524/5262 2214/1528/5262 2213/1526/5262
f 2211/1527/5263 2215/1841/5263 2214/1528/5263
f 2217/1529/5264 2221/1533/5264 2220/1530/5264
f 2218/1532/5265 2222/1535/5265 2221/1533/5265
f 2219/1534/5266 2223/1538/5266 2222/1535/5266
f 2221/1533/5267 2225/1537/5267 2224/1536/5267
f 2222/1535/5268 2226/1539/5268 2225/1537/5268
f 2223/1538/5269 2227/1842/5269 2226/1539/5269
f 2229/1540/5270 2233/1544/5270 2232/1541/5270
f 2230/1543/5271 2234/1546/5271 2233/1544/5271
f 2231/1545/5272 2235/1549/5272 2234/1546/5272
f 2233/1544/5273 2237/1548/5273 2236/1547/5273
f 2234/1546/5274 2238/1550/5274 2237/1548/5274
f 2235/1549/5275 2239/1843/5275 2238/1550/5275
f 2241/1551/5276 2245/1555/5276 2244/1552/5276
f 2242/1554/5277 2246/1557/5277 2245/1555/5277
f 2243/1556/5278 2247/1560/5278 2246/1557/5278
f 2245/1555/5279 2249/1559/5279 2248/1558/5279
f 2246/1557/5280 2250/1561/5280 2249/1559/5280
f 2247/1560/5281 2251/1844/5281 2250/1561/5281
f 2253/1562/5282 2257/1566/5282 2256/1563/5282
f 2254/1565/5283 2258/1568/5283 2257/1566/5283
f 2255/1567/5284 2259/1571/5284 2258/1568/5284
f 2257/1566/5285 2261/1570/5285 2260/1569/5285
f 2258/1568/5286 2262/1572/5286 2261/1570/5286
f 2259/1571/5287 2263/1845/5287 2262/1572/5287
f 2265/1573/5288 2269/1577/5288 2268/1574/5288
f 2266/1576/5289 2270/1579/5289 2269/1577/5289
f 2267/1578/5290 2271/1582/5290 2270/1579/5290
f 2269/1577/5291 2273/1581/5291 2272/1580/5291
f 2270/1579/5292 2274/1583/5292 2273/1581/5292
f 2271/1582/5293 2275/1846/5293 2274/1583/5293
f 2277/1584/5294 2281/1588/5294 2280/1585/5294
f 2278/1587/5295 2282/1590/5295 2281/1588/5295
f 2279/1589/5296 2283/1593/5296 2282/1590/5296
f 2281/1588/5297 2285/1592/5297 2284/1591/5297
f 2282/1590/5298 2286/1594/5298 2285/1592/5298
f 2283/1593/5299 2287/1847/5299 2286/1594/5299
f 2289/1595/5300 2293/1599/5300 2292/1596/5300
f 2290/1598/5301 2294/1601/5301 2293/1599/5301
f 2291/1600/5302 2295/1604/5302 2294/1601/5302
f 2293/1599/5303 2297/1603/5303 2296/1602/5303
f 2294/1601/5304 2298/1605/5304 2297/1603/5304
f 2295/1604/5305 2299/1848/5305 2298/1605/5305
f 2301/1606/5306 2305/1610/5306 2304/1607/5306
f 2302/1609/5307 2306/1612/5307 2305/1610/5307
f 2303/1611/5308 2307/1615/5308 2306/1612/5308
f 2305/1610/5309 2309/1614/5309 2308/1613/5309
f 2306/1612/5310 2310/1616/5310 2309/1614/5310
f 2307/1615/5311 2311/1849/5311 2310/1616/5311
f 2313/1617/5312 2317/1621/5312 2316/1618/5312
f 2314/1620/5313 2318/1623/5313 2317/1621/5313
f 2315/1622/5314 2319/1626/5314 2318/1623/5314
f 2317/1621/5315 2321/1625/5315 2320/1624/5315
f 2318/1623/5316 2322/1627/5316 2321/1625/5316
f 2319/1626/5317 2323/1850/5317 2322/1627/5317
f 2325/1628/5318 2329/1632/5318 2328/1629/5318
f 2326/1631/5319 2330/1634/5319 2329/1632/5319
f 2327/1633/5320 2331/1637/5320 2330/1634/5320
f 2329/1632/5321 2333/1636/5321 2332/1635/5321
f 2330/1634/5322 2334/1638/5322 2333/1636/5322
f 2331/1637/5323 2335/1851/5323 2334/1638/5323
f 2337/1639/5324 2341/1643/5324 2340/1640/5324
f 2338/1642/5325 2342/1645/5325 2341/1643/5325
f 2339/1644/5326 2343/1648/5326 2342/1645/5326
f 2341/1643/5327 2345/1647/5327 2344/1646/5327
f 2342/1645/5328 2346/1649/5328 2345/1647/5328
f 2343/1648/5329 2347/1852/5329 2346/1649/5329
f 2349/1650/5330 2353/1654/5330 2352/1651/5330
f 2350/1653/5331 2354/1656/5331 2353/1654/5331
f 2351/1655/5332 2355/1659/5332 2354/1656/5332
f 2353/1654/5333 2357/1658/5333 2356/1657/5333
f 2354/1656/5334 2358/1660/5334 2357/1658/5334
f 2355/1659/5335 2359/1853/5335 2358/1660/5335
f 2361/1661/5336 2365/1665/5336 2364/1662/5336
f 2362/1664/5337 2366/1667/5337 2365/1665/5337
f 2363/1666/5338 2367/1670/5338 2366/1667/5338
f 2365/1665/5339 2369/1669/5339 2368/1668/5339
f 2366/1667/5340 2370/1671/5340 2369/1669/5340
f 2367/1670/5341 2371/1854/5341 2370/1671/5341
f 2373/1672/5342 2377/1676/5342 2376/1673/5342
f 2374/1675/5343 2378/1678/5343 2377/1676/5343
f 2375/1677/5344 2379/1681/5344 2378/1678/5344
f 2377/1676/5345 2381/1680/5345 2380/1679/5345
f 2378/1678/5346 2382/1682/5346 2381/1680/5346
f 2379/1681/5347 2383/1855/5347 2382/1682/5347
f 2385/1683/5348 2389/1687/5348 2388/1684/5348
f 2386/1686/5349 2390/1689/5349 2389/1687/5349
f 2387/1688/5350 2391/1692/5350 2390/1689/5350
f 2389/1687/5351 2393/1691/5351 2392/1690/5351
f 2390/1689/5352 2394/1693/5352 2393/1691/5352
f 2391/1692/5353 2395/1856/5353 2394/1693/5353
f 2397/1694/5354 2401/1698/5354 2400/1695/5354
f 2398/1697/5355 2402/1700/5355 2401/1698/5355
f 2399/1699/5356 2403/1703/5356 2402/1700/5356
f 2401/1698/5357 2405/1702/5357 2404/1701/5357
f 2402/1700/5358 2406/1704/5358 2405/1702/5358
f 2403/1703/5359 2407/1857/5359 2406/1704/5359
f 2409/1705/5360 2413/1709/5360 2412/1706/5360
f 2410/1708/5361 2414/1711/5361 2413/1709/5361
f 2411/1710/5362 2415/1714/5362 2414/1711/5362
f 2413/1709/5363 2417/1713/5363 2416/1712/5363
f 2414/1711/5364 2418/1715/5364 2417/1713/5364
f 2415/1714/5365 2419/1858/5365 2418/1715/5365
f 2421/1716/5366 2425/1720/5366 2424/1717/5366
f 2422/1719/5367 2426/1722/5367 2425/1720/5367
f 2423/1721/5368 2427/1725/5368 2426/1722/5368
f 2425/1720/5369 2429/1724/5369 2428/1723/5369
f 2426/1722/5370 2430/1726/5370 2429/1724/5370
f 2427/1725/5371 2431/1859/5371 2430/1726/5371
f 2433/1727/5372 2437/1731/5372 2436/1728/5372
f 2434/1730/5373 2438/1733/5373 2437/1731/5373
f 2435/1732/5374 2439/1736/5374 2438/1733/5374
f 2437/1731/5375 2441/1735/5375 2440/1734/5375
f 2438/1733/5376 2442/1737/5376 2441/1735/5376
f 2439/1736/5377 2443/1860/5377 2442/1737/5377
f 2445/1738/5378 2449/1742/5378 2448/1739/5378
f 2446/1741/5379 2450/1744/5379 2449/1742/5379
f 2447/1743/5380 2451/1747/5380 2450/1744/5380
f 2449/1742/5381 2453/1746/5381 2452/1745/5381
f 2450/1744/5382 2454/1748/5382 2453/1746/5382
f 2451/1747/5383 2455/1861/5383 2454/1748/5383
f 2457/1749/5384 2461/1753/5384 2460/1750/5384
f 2458/1752/5385 2462/1755/5385 2461/1753/5385
f 2459/1754/5386 2463/1758/5386 2462/1755/5386
f 2461/1753/5387 2465/1757/5387 2464/1756/5387
f 2462/1755/5388 2466/1759/5388 2465/1757/5388
f 2463/1758/5389 2467/1862/5389 2466/1759/5389
f 2469/1760/5390 2473/1764/5390 2472/1761/5390
f 2470/1763/5391 2474/1766/5391 2473/1764/5391
f 2471/1765/5392 2475/1769/5392 2474/1766/5392
f 2473/1764/5393 2477/1768/5393 2476/1767/5393
f 2474/1766/5394 2478/1770/5394 2477/1768/5394
f 2475/1769/5395 2479/1863/5395 2478/1770/5395
f 2481/1771/5396 2485/1775/5396 2484/1772/5396
f 2482/1774/5397 2486/1777/5397 2485/1775/5397
f 2483/1776/5398 2487/1780/5398 2486/1777/5398
f 2485/1775/5399 2489/1779/5399 2488/1778/5399
f 2486/1777/5400 2490/1781/5400 2489/1779/5400
f 2487/1780/5401 2491/1864/5401 2490/1781/5401
f 2493/1782/5402 2497/1786/5402 2496/1783/5402
f 2494/1785/5403 2498/1788/5403 2497/1786/5403
f 2495/1787/5404 2499/1791/5404 2498/1788/5404
f 2497/1786/5405 2501/1790/5405 2500/1789/5405
f 2498/1788/5406 2502/1792/5406 2501/1790/5406
f 2499/1791/5407 2503/1865/5407 2502/1792/5407
f 2505/1793/5408 2509/1797/5408 2508/1794/5408
f 2506/1796/5409 2510/1799/5409 2509/1797/5409
f 2507/1798/5410 2511/1802/5410 2510/1799/5410
f 2509/1797/5411 2513/1801/5411 2512/1800/5411
f 2510/1799/5412 2514/1803/5412 2513/1801/5412
f 2511/1802/5413 2515/1866/5413 2514/1803/5413
f 2517/1804/5414 2521/1808/5414 2520/1805/5414
f 2518/1807/5415 2522/1810/5415 2521/1808/5415
f 2519/1809/5416 2523/1813/5416 2522/1810/5416
f 2521/1808/5417 2525/1812/5417 2524/1811/5417
f 2522/1810/5418 2526/1814/5418 2525/1812/5418
f 2523/1813/5419 2527/1867/5419 2526/1814/5419
f 2529/1815/5420 2533/1819/5420 2532/1816/5420
f 2530/1818/5421 2534/1821/5421 2533/1819/5421
f 2531/1820/5422 2535/1824/5422 2534/1821/5422
f 2533/1819/5423 2537/1823/5423 2536/1822/5423
f 2534/1821/5424 2538/1825/5424 2537/1823/5424
f 2535/1824/5425 2539/1868/5425 2538/1825/5425
f 2541/1826/5426 2545/1830/5426 2544/1827/5426
f 2542/1829/5427 2546/1832/5427 2545/1830/5427
f 2543/1831/5428 2547/1835/5428 2546/1832/5428
f 2545/1830/5429 2549/1834/5429 2548/1833/5429
f 2546/1832/5430 2550/1836/5430 2549/1834/5430
f 2547/1835/5431 2551/1838/5431 2550/1836/5431
f 2189/1504/5432 2175/1494/5432 2171/1490/5432
f 2190/1506/5433 2179/1837/5433 2175/1494/5433
f 2201/1515/5434 2187/1505/5434 2183/1501/5434
f 2202/1517/5435 2191/1839/5435 2187/1505/5435
f 2213/1526/5436 2199/1516/5436 2195/1512/5436
f 2214/1528/5437 2203/1840/5437 2199/1516/5437
f 2225/1537/5438 2211/1527/5438 2207/1523/5438
f 2226/1539/5439 2215/1841/5439 2211/1527/5439
f 2237/1548/5440 2223/1538/5440 2219/1534/5440
f 2238/1550/5441 2227/1842/5441 2223/1538/5441
f 2249/1559/5442 2235/1549/5442 2231/1545/5442
f 2250/1561/5443 2239/1843/5443 2235/1549/5443
f 2261/1570/5444 2247/1560/5444 2243/1556/5444
f 2262/1572/5445 2251/1844/5445 2247/1560/5445
f 2273/1581/5446 2259/1571/5446 2255/1567/5446
f 2274/1583/5447 2263/1845/5447 2259/1571/5447
f 2285/1592/5448 2271/1582/5448 2267/1578/5448
f 2286/1594/5449 2275/1846/5449 2271/1582/5449
f 2297/1603/5450 2283/1593/5450 2279/1589/5450
f 2298/1605/5451 2287/1847/5451 2283/1593/5451
f 2309/1614/5452 2295/1604/5452 2291/1600/5452
f 2310/1616/5453 2299/1848/5453 2295/1604/5453
f 2321/1625/5454 2307/1615/5454 2303/1611/5454
f 2322/1627/5455 2311/1849/5455 2307/1615/5455
f 2333/1636/5456 2319/1626/5456 2315/1622/5456
f 2334/1638/5457 2323/1850/5457 2319/1626/5457
f 2345/1647/5458 2331/1637/5458 2327/1633/5458
f 2346/1649/5459 2335/1851/5459 2331/1637/5459
f 2357/1658/5460 2343/1648/5460 2339/1644/5460
f 2358/1660/5461 2347/1852/5461 2343/1648/5461
f 2369/1669/5462 2355/1659/5462 2351/1655/5462
f 2370/1671/5463 2359/1853/5463 2355/1659/5463
f 2381/1680/5464 2367/1670/5464 2363/1666/5464
f 2382/1682/5465 2371/1854/5465 2367/1670/5465
f 2393/1691/5466 2379/1681/5466 2375/1677/5466
f 2394/1693/5467 2383/1855/5467 2379/1681/5467
f 2405/1702/5468 2391/1692/5468 2387/1688/5468
f 2406/1704/5469 2395/1856/5469 2391/1692/5469
f 2417/1713/5470 2403/1703/5470 2399/1699/5470
f 2418/1715/5471 2407/1857/5471 2403/1703/5471
f 2429/1724/5472 2415/1714/5472 2411/1710/5472
f 2430/1726/5473 2419/1858/5473 2415/1714/5473
f 2441/1735/5474 2427/1725/5474 2423/1721/5474
f 2442/1737/5475 2431/1859/5475 2427/1725/5475
f 2453/1746/5476 2439/1736/5476 2435/1732/5476
f 2454/1748/5477 2443/1860/5477 2439/1736/5477
f 2465/1757/5478 2451/1747/5478 2447/1743/5478
f 2466/1759/5479 2455/1861/5479 2451/1747/5479
f 2477/1768/5480 2463/1758/5480 2459/1754/5480
f 2478/1770/5481 2467/1862/5481 2463/1758/5481
f 2489/1779/5482 2475/1769/5482 2471/1765/5482
f 2490/1781/5483 2479/1863/5483 2475/1769/5483
f 2501/1790/5484 2487/1780/5484 2483/1776/5484
f 2502/1792/5485 2491/1864/5485 2487/1780/5485
f 2513/1801/5486 2499/1791/5486 2495/1787/5486
f 2514/1803/5487 2503/1865/5487 2499/1791/5487
f 2525/1812/5488 2511/1802/5488 2507/1798/5488
f 2526/1814/5489 2515/1866/5489 2511/1802/5489
f 2537/1823/5490 2523/1813/5490 2519/1809/5490
f 2538/1825/5491 2527/1867/5491 2523/1813/5491
f 2549/1834/5492 2535/1824/5492 2531/1820/5492
f 2550/1836/5493 2539/1868/5493 2535/1824/5493
f 2177/1493/5494 2547/1835/5494 2543/1831/5494
f 2178/1495/5495 2551/1838/5495 2547/1835/5495
f 2179/1837/5496 2167/3251/5496 2551/1838/5496
f 2191/1839/5497 2167/3251/5497 2179/1837/5497
f 2203/1840/5498 2167/3251/5498 2191/1839/5498
f 2215/1841/5499 2167/3251/5499 2203/1840/5499
f 2227/1842/5500 2167/3251/5500 2215/1841/5500
f 2239/1843/5501 2167/3251/5501 2227/1842/5501
f 2251/1844/5502 2167/3251/5502 2239/1843/5502
f 2263/1845/5503 2167/3251/5503 2251/1844/5503
f 2275/1846/5504 2167/3251/5504 2263/1845/5504
f 2287/1847/5505 2167/3251/5505 2275/1846/5505
f 2299/1848/5506 2167/3251/5506 2287/1847/5506
f 2311/1849/5507 2167/3251/5507 2299/1848/5507
f 2323/1850/5508 2167/3251/5508 2311/1849/5508
f 2335/1851/5509 2167/3251/5509 2323/1850/5509
f 2347/1852/5510 2167/3251/5510 2335/1851/5510
f 2359/1853/5511 2167/3251/5511 2347/1852/5511
f 2371/1854/5512 2167/3251/5512 2359/1853/5512
f 2383/1855/5513 2167/3251/5513 2371/1854/5513
f 2395/1856/5514 2167/3251/5514 2383/1855/5514
f 2407/1857/5515 2167/3251/5515 2395/1856/5515
f 2419/1858/5516 2167/3251/5516 2407/1857/5516
f 2431/1859/5517 2167/3251/5517 2419/1858/5517
f 2443/1860/5518 2167/3251/5518 2431/1859/5518
f 2455/1861/5519 2167/3251/5519 2443/1860/5519
f 2467/1862/5520 2167/3251/5520 2455/1861/5520
f 2479/1863/5521 2167/3251/5521 2467/1862/5521
f 2491/1864/5522 2167/3251/5522 2479/1863/5522
f 2503/1865/5523 2167/3251/5523 2491/1864/5523
f 2515/1866/5524 2167/3251/5524 2503/1865/5524
f 2527/1867/5525 2167/3251/5525 2515/1866/5525
f 2539/1868/5526 2167/3251/5526 2527/1867/5526
f 2551/1838/5527 2167/3251/5527 2539/1868/5527
f 72/1869/5528 2168/1487/5528 97/1870/5528
f 73/1872/5529 2169/1485/5529 2168/1487/5529
f 74/1873/5530 2170/1488/5530 2169/1485/5530
f 75/1874/5531 2171/1490/5531 2170/1488/5531
f 2168/1487/5532 2172/1486/5532 96/1875/5532
f 2172/1486/5533 2176/1492/5533 95/1876/5533
f 2176/1492/5534 2543/1831/5534 94/1877/5534
f 549/1878/5535 2180/1498/5535 78/1879/5535
f 550/1881/5536 2181/1496/5536 2180/1498/5536
f 551/1882/5537 2182/1499/5537 2181/1496/5537
f 552/1883/5538 2183/1501/5538 2182/1499/5538
f 2180/1498/5539 2184/1497/5539 77/1884/5539
f 2184/1497/5540 2188/1503/5540 76/1885/5540
f 2188/1503/5541 2171/1490/5541 75/1874/5541
f 535/1886/5542 2192/1509/5542 555/1887/5542
f 536/1889/5543 2193/1507/5543 2192/1509/5543
f 537/1890/5544 2194/1510/5544 2193/1507/5544
f 538/1891/5545 2195/1512/5545 2194/1510/5545
f 2192/1509/5546 2196/1508/5546 554/1892/5546
f 2196/1508/5547 2200/1514/5547 553/1893/5547
f 2200/1514/5548 2183/1501/5548 552/1883/5548
f 514/1894/5549 2204/1520/5549 541/1895/5549
f 515/1897/5550 2205/1518/5550 2204/1520/5550
f 516/1898/5551 2206/1521/5551 2205/1518/5551
f 517/1899/5552 2207/1523/5552 2206/1521/5552
f 2204/1520/5553 2208/1519/5553 540/1900/5553
f 2208/1519/5554 2212/1525/5554 539/1901/5554
f 2212/1525/5555 2195/1512/5555 538/1891/5555
f 502/1902/5556 2216/1531/5556 520/1903/5556
f 503/1905/5557 2217/1529/5557 2216/1531/5557
f 504/1906/5558 2218/1532/5558 2217/1529/5558
f 505/1907/5559 2219/1534/5559 2218/1532/5559
f 2216/1531/5560 2220/1530/5560 519/1908/5560
f 2220/1530/5561 2224/1536/5561 518/1909/5561
f 2224/1536/5562 2207/1523/5562 517/1899/5562
f 490/1910/5563 2228/1542/5563 508/1911/5563
f 491/1913/5564 2229/1540/5564 2228/1542/5564
f 492/1914/5565 2230/1543/5565 2229/1540/5565
f 493/1915/5566 2231/1545/5566 2230/1543/5566
f 2228/1542/5567 2232/1541/5567 507/1916/5567
f 2232/1541/5568 2236/1547/5568 506/1917/5568
f 2236/1547/5569 2219/1534/5569 505/1907/5569
f 481/1918/5570 2240/1553/5570 496/1919/5570
f 482/1921/5571 2241/1551/5571 2240/1553/5571
f 483/1922/5572 2242/1554/5572 2241/1551/5572
f 484/1923/5573 2243/1556/5573 2242/1554/5573
f 2240/1553/5574 2244/1552/5574 495/1924/5574
f 2244/1552/5575 2248/1558/5575 494/1925/5575
f 2248/1558/5576 2231/1545/5576 493/1915/5576
f 465/1926/5577 2252/1564/5577 487/1927/5577
f 466/1929/5578 2253/1562/5578 2252/1564/5578
f 467/1930/5579 2254/1565/5579 2253/1562/5579
f 468/1931/5580 2255/1567/5580 2254/1565/5580
f 2252/1564/5581 2256/1563/5581 486/1932/5581
f 2256/1563/5582 2260/1569/5582 485/1933/5582
f 2260/1569/5583 2243/1556/5583 484/1923/5583
f 445/1934/5584 2264/1575/5584 471/1935/5584
f 446/1937/5585 2265/1573/5585 2264/1575/5585
f 447/1938/5586 2266/1576/5586 2265/1573/5586
f 448/1939/5587 2267/1578/5587 2266/1576/5587
f 2264/1575/5588 2268/1574/5588 470/1940/5588
f 2268/1574/5589 2272/1580/5589 469/1941/5589
f 2272/1580/5590 2255/1567/5590 468/1931/5590
f 424/1942/5591 2276/1586/5591 451/1943/5591
f 425/1945/5592 2277/1584/5592 2276/1586/5592
f 426/1946/5593 2278/1587/5593 2277/1584/5593
f 427/1947/5594 2279/1589/5594 2278/1587/5594
f 2276/1586/5595 2280/1585/5595 450/1948/5595
f 2280/1585/5596 2284/1591/5596 449/1949/5596
f 2284/1591/5597 2267/1578/5597 448/1939/5597
f 403/1950/5598 2288/1597/5598 430/1951/5598
f 404/1953/5599 2289/1595/5599 2288/1597/5599
f 405/1954/5600 2290/1598/5600 2289/1595/5600
f 406/1955/5601 2291/1600/5601 2290/1598/5601
f 2288/1597/5602 2292/1596/5602 429/1956/5602
f 2292/1596/5603 2296/1602/5603 428/1957/5603
f 2296/1602/5604 2279/1589/5604 427/1947/5604
f 382/1958/5605 2300/1608/5605 409/1959/5605
f 383/1961/5606 2301/1606/5606 2300/1608/5606
f 384/1962/5607 2302/1609/5607 2301/1606/5607
f 385/1963/5608 2303/1611/5608 2302/1609/5608
f 2300/1608/5609 2304/1607/5609 408/1964/5609
f 2304/1607/5610 2308/1613/5610 407/1965/5610
f 2308/1613/5611 2291/1600/5611 406/1955/5611
f 361/1966/5612 2312/1619/5612 388/1967/5612
f 362/1969/5613 2313/1617/5613 2312/1619/5613
f 363/1970/5614 2314/1620/5614 2313/1617/5614
f 364/1971/5615 2315/1622/5615 2314/1620/5615
f 2312/1619/5616 2316/1618/5616 387/1972/5616
f 2316/1618/5617 2320/1624/5617 386/1973/5617
f 2320/1624/5618 2303/1611/5618 385/1963/5618
f 340/1974/5619 2324/1630/5619 367/1975/5619
f 341/1977/5620 2325/1628/5620 2324/1630/5620
f 342/1978/5621 2326/1631/5621 2325/1628/5621
f 343/1979/5622 2327/1633/5622 2326/1631/5622
f 2324/1630/5623 2328/1629/5623 366/1980/5623
f 2328/1629/5624 2332/1635/5624 365/1981/5624
f 2332/1635/5625 2315/1622/5625 364/1971/5625
f 319/1982/5626 2336/1641/5626 346/1983/5626
f 320/1985/5627 2337/1639/5627 2336/1641/5627
f 321/1986/5628 2338/1642/5628 2337/1639/5628
f 322/1987/5629 2339/1644/5629 2338/1642/5629
f 2336/1641/5630 2340/1640/5630 345/1988/5630
f 2340/1640/5631 2344/1646/5631 344/1989/5631
f 2344/1646/5632 2327/1633/5632 343/1979/5632
f 298/1990/5633 2348/1652/5633 325/1991/5633
f 299/1993/5634 2349/1650/5634 2348/1652/5634
f 300/1994/5635 2350/1653/5635 2349/1650/5635
f 301/1995/5636 2351/1655/5636 2350/1653/5636
f 2348/1652/5637 2352/1651/5637 324/1996/5637
f 2352/1651/5638 2356/1657/5638 323/1997/5638
f 2356/1657/5639 2339/1644/5639 322/1987/5639
f 280/1998/5640 2360/1663/5640 304/1999/5640
f 281/2001/5641 2361/1661/5641 2360/1663/5641
f 282/2002/5642 2362/1664/5642 2361/1661/5642
f 283/2003/5643 2363/1666/5643 2362/1664/5643
f 2360/1663/5644 2364/1662/5644 303/2004/5644
f 2364/1662/5645 2368/1668/5645 302/2005/5645
f 2368/1668/5646 2351/1655/5646 301/1995/5646
f 267/2006/5647 2372/1674/5647 286/2007/5647
f 268/2009/5648 2373/1672/5648 2372/1674/5648
f 269/2010/5649 2374/1675/5649 2373/1672/5649
f 270/2011/5650 2375/1677/5650 2374/1675/5650
f 2372/1674/5651 2376/1673/5651 285/2012/5651
f 2376/1673/5652 2380/1679/5652 284/2013/5652
f 2380/1679/5653 2363/1666/5653 283/2003/5653
f 255/2014/5654 2384/1685/5654 273/2015/5654
f 256/2017/5655 2385/1683/5655 2384/1685/5655
f 257/2018/5656 2386/1686/5656 2385/1683/5656
f 258/2019/5657 2387/1688/5657 2386/1686/5657
f 2384/1685/5658 2388/1684/5658 272/2020/5658
f 2388/1684/5659 2392/1690/5659 271/2021/5659
f 2392/1690/5660 2375/1677/5660 270/2011/5660
f 242/2022/5661 2396/1696/5661 261/2023/5661
f 243/2025/5662 2397/1694/5662 2396/1696/5662
f 244/2026/5663 2398/1697/5663 2397/1694/5663
f 245/2027/5664 2399/1699/5664 2398/1697/5664
f 2396/1696/5665 2400/1695/5665 260/2028/5665
f 2400/1695/5666 2404/1701/5666 259/2029/5666
f 2404/1701/5667 2387/1688/5667 258/2019/5667
f 222/2030/5668 2408/1707/5668 248/2031/5668
f 223/2033/5669 2409/1705/5669 2408/1707/5669
f 224/2034/5670 2410/1708/5670 2409/1705/5670
f 225/2035/5671 2411/1710/5671 2410/1708/5671
f 2408/1707/5672 2412/1706/5672 247/2036/5672
f 2412/1706/5673 2416/1712/5673 246/2037/5673
f 2416/1712/5674 2399/1699/5674 245/2027/5674
f 207/2038/5675 2420/1718/5675 228/2039/5675
f 208/2041/5676 2421/1716/5676 2420/1718/5676
f 209/2042/5677 2422/1719/5677 2421/1716/5677
f 210/2043/5678 2423/1721/5678 2422/1719/5678
f 2420/1718/5679 2424/1717/5679 227/2044/5679
f 2424/1717/5680 2428/1723/5680 226/2045/5680
f 2428/1723/5681 2411/1710/5681 225/2035/5681
f 195/2046/5682 2432/1729/5682 213/2047/5682
f 196/2049/5683 2433/1727/5683 2432/1729/5683
f 197/2050/5684 2434/1730/5684 2433/1727/5684
f 198/2051/5685 2435/1732/5685 2434/1730/5685
f 2432/1729/5686 2436/1728/5686 212/2052/5686
f 2436/1728/5687 2440/1734/5687 211/2053/5687
f 2440/1734/5688 2423/1721/5688 210/2043/5688
f 181/2054/5689 2444/1740/5689 201/2055/5689
f 182/2057/5690 2445/1738/5690 2444/1740/5690
f 183/2058/5691 2446/1741/5691 2445/1738/5691
f 184/2059/5692 2447/1743/5692 2446/1741/5692
f 2444/1740/5693 2448/1739/5693 200/2060/5693
f 2448/1739/5694 2452/1745/5694 199/2061/5694
f 2452/1745/5695 2435/1732/5695 198/2051/5695
f 167/2062/5696 2456/1751/5696 187/2063/5696
f 168/2065/5697 2457/1749/5697 2456/1751/5697
f 169/2066/5698 2458/1752/5698 2457/1749/5698
f 170/2067/5699 2459/1754/5699 2458/1752/5699
f 2456/1751/5700 2460/1750/5700 186/2068/5700
f 2460/1750/5701 2464/1756/5701 185/2069/5701
f 2464/1756/5702 2447/1743/5702 184/2059/5702
f 153/2070/5703 2468/1762/5703 173/2071/5703
f 154/2073/5704 2469/1760/5704 2468/1762/5704
f 155/2074/5705 2470/1763/5705 2469/1760/5705
f 156/2075/5706 2471/1765/5706 2470/1763/5706
f 2468/1762/5707 2472/1761/5707 172/2076/5707
f 2472/1761/5708 2476/1767/5708 171/2077/5708
f 2476/1767/5709 2459/1754/5709 170/2067/5709
f 142/2078/5710 2480/1773/5710 159/2079/5710
f 143/2081/5711 2481/1771/5711 2480/1773/5711
f 144/2082/5712 2482/1774/5712 2481/1771/5712
f 145/2083/5713 2483/1776/5713 2482/1774/5713
f 2480/1773/5714 2484/1772/5714 158/2084/5714
f 2484/1772/5715 2488/1778/5715 157/2085/5715
f 2488/1778/5716 2471/1765/5716 156/2075/5716
f 131/2086/5717 2492/1784/5717 148/2087/5717
f 132/2089/5718 2493/1782/5718 2492/1784/5718
f 133/2090/5719 2494/1785/5719 2493/1782/5719
f 134/2091/5720 2495/1787/5720 2494/1785/5720
f 2492/1784/5721 2496/1783/5721 147/2092/5721
f 2496/1783/5722 2500/1789/5722 146/2093/5722
f 2500/1789/5723 2483/1776/5723 145/2083/5723
f 121/2094/5724 2504/1795/5724 137/2095/5724
f 122/2097/5725 2505/1793/5725 2504/1795/5725
f 123/2098/5726 2506/1796/5726 2505/1793/5726
f 124/2099/5727 2507/1798/5727 2506/1796/5727
f 2504/1795/5728 2508/1794/5728 136/2100/5728
f 2508/1794/5729 2512/1800/5729 135/2101/5729
f 2512/1800/5730 2495/1787/5730 134/2091/5730
f 110/2102/5731 2516/1806/5731 127/2103/5731
f 111/2105/5732 2517/1804/5732 2516/1806/5732
f 112/2106/5733 2518/1807/5733 2517/1804/5733
f 113/2107/5734 2519/1809/5734 2518/1807/5734
f 2516/1806/5735 2520/1805/5735 126/2108/5735
f 2520/1805/5736 2524/1811/5736 125/2109/5736
f 2524/1811/5737 2507/1798/5737 124/2099/5737
f 100/2110/5738 2528/1817/5738 116/2111/5738
f 101/2113/5739 2529/1815/5739 2528/1817/5739
f 102/2114/5740 2530/1818/5740 2529/1815/5740
f 103/2115/5741 2531/1820/5741 2530/1818/5741
f 2528/1817/5742 2532/1816/5742 115/2116/5742
f 2532/1816/5743 2536/1822/5743 114/2117/5743
f 2536/1822/5744 2519/1809/5744 113/2107/5744
f 91/2118/5745 2540/1828/5745 106/2119/5745
f 92/2121/5746 2541/1826/5746 2540/1828/5746
f 93/2122/5747 2542/1829/5747 2541/1826/5747
f 94/1877/5748 2543/1831/5748 2542/1829/5748
f 2540/1828/5749 2544/1827/5749 105/2123/5749
f 2544/1827/5750 2548/1833/5750 104/2124/5750
f 2548/1833/5751 2531/1820/5751 103/2115/5751
f 976/16/5752 962/16/5752 3340/16/5752
f 2552/16/5753 2565/16/5753 2570/16/5753
f 2552/16/5754 2557/16/5754 2561/16/5754
f 2554/2125/5755 2558/2129/5755 2557/2126/5755
f 2555/2128/5756 2559/2131/5756 2558/2129/5756
f 2556/2130/5757 2560/2134/5757 2559/2131/5757
f 3357/16/5758 3353/16/5758 3358/16/5758
f 2139/16/5759 2159/16/5759 2163/16/5759
f 2558/2129/5760 2562/2133/5760 2561/2132/5760
f 2559/2131/5761 2563/2135/5761 2562/2133/5761
f 2560/2134/5762 2564/2138/5762 2563/2135/5762
f 2562/2133/5763 2566/2137/5763 2565/2136/5763
f 2563/2135/5764 2567/2139/5764 2566/2137/5764
f 2564/2138/5765 2568/2157/5765 2567/2139/5765
f 2565/2136/5766 2566/2137/5766 2571/2140/5766
f 2566/2137/5767 2567/2139/5767 2572/2142/5767
f 2567/2139/5768 2568/2157/5768 2573/2143/5768
f 2552/16/5769 2575/16/5769 2574/16/5769
f 2570/2141/5770 2571/2140/5770 2576/2144/5770
f 2571/2140/5771 2572/2142/5771 2577/2146/5771
f 2572/2142/5772 2573/2143/5772 2578/2147/5772
f 2574/2148/5773 2575/2145/5773 2580/2149/5773
f 2575/2145/5774 2576/2144/5774 2581/2151/5774
f 2576/2144/5775 2577/2146/5775 2582/2152/5775
f 2577/2146/5776 2578/2147/5776 2583/2153/5776
f 3320/16/5777 3328/16/5777 3323/16/5777
f 961/1484/5778 2553/2127/5778 2552/3252/5778
f 960/1483/5779 2554/2125/5779 2553/2127/5779
f 959/1482/5780 2555/2128/5780 2554/2125/5780
f 958/1481/5781 2556/2130/5781 2555/2128/5781
f 43/1480/5782 541/2154/5782 2556/2130/5782
f 541/2154/5783 540/2155/5783 2560/2134/5783
f 540/2155/5784 539/2156/5784 2564/2138/5784
f 539/2156/5785 538/3253/5785 2568/2157/5785
f 2568/2157/5786 538/3253/5786 537/2158/5786
f 2573/2143/5787 537/2158/5787 536/2159/5787
f 2578/2147/5788 536/2159/5788 535/2160/5788
f 2583/2153/5789 535/2160/5789 45/2161/5789
f 2582/2152/5790 2583/2153/5790 963/2162/5790
f 2581/2151/5791 2582/2152/5791 964/2163/5791
f 2580/2149/5792 2581/2151/5792 965/2164/5792
f 2579/2150/5793 2580/2149/5793 966/2165/5793
f 969/16/5794 3317/16/5794 2584/16/5794
f 2552/16/5795 2574/16/5795 2569/16/5795
f 968/16/5796 2590/16/5796 2595/16/5796
f 2586/2167/5797 2591/2171/5797 2590/2168/5797
f 2587/2170/5798 2592/2173/5798 2591/2171/5798
f 2588/2172/5799 2593/2175/5799 2592/2173/5799
f 2589/2174/5800 2594/2179/5800 2593/2175/5800
f 968/16/5801 2606/16/5801 2605/16/5801
f 968/16/5802 2595/16/5802 2600/16/5802
f 2591/2171/5803 2596/2177/5803 2595/2176/5803
f 2592/2173/5804 2597/2178/5804 2596/2177/5804
f 2593/2175/5805 2598/2180/5805 2597/2178/5805
f 2594/2179/5806 2599/2184/5806 2598/2180/5806
f 789/16/5807 3292/16/5807 788/16/5807
f 2596/2177/5808 2601/2182/5808 2600/2181/5808
f 2597/2178/5809 2602/2183/5809 2601/2182/5809
f 2598/2180/5810 2603/2185/5810 2602/2183/5810
f 2599/2184/5811 2604/2203/5811 2603/2185/5811
f 2600/2181/5812 2601/2182/5812 2607/2186/5812
f 2601/2182/5813 2602/2183/5813 2608/2188/5813
f 2602/2183/5814 2603/2185/5814 2609/2189/5814
f 2603/2185/5815 2604/2203/5815 2610/2190/5815
f 81/16/5816 82/16/5816 1051/16/5816
f 2605/3254/5817 2606/2187/5817 2611/2192/5817
f 2606/2187/5818 2607/2186/5818 2612/2191/5818
f 2607/2186/5819 2608/2188/5819 2613/2193/5819
f 2608/2188/5820 2609/2189/5820 2614/2194/5820
f 2609/2189/5821 2610/2190/5821 2615/2195/5821
f 2611/2192/5822 2612/2191/5822 2616/2197/5822
f 2612/2191/5823 2613/2193/5823 2617/2196/5823
f 2613/2193/5824 2614/2194/5824 2618/2198/5824
f 2614/2194/5825 2615/2195/5825 2619/2199/5825
f 968/16/5826 2600/16/5826 2606/16/5826
f 968/16/5827 2585/16/5827 2590/16/5827
f 966/2165/5828 2586/2167/5828 2585/2169/5828
f 965/2164/5829 2587/2170/5829 2586/2167/5829
f 964/2163/5830 2588/2172/5830 2587/2170/5830
f 963/2162/5831 2589/2174/5831 2588/2172/5831
f 45/2161/5832 555/2200/5832 2589/2174/5832
f 555/2200/5833 554/2201/5833 2594/2179/5833
f 554/2201/5834 553/2202/5834 2599/2184/5834
f 553/2202/5835 552/3255/5835 2604/2203/5835
f 2604/2203/5836 552/3255/5836 551/2204/5836
f 2610/2190/5837 551/2204/5837 550/2205/5837
f 2615/2195/5838 550/2205/5838 549/2206/5838
f 2619/2199/5839 549/2206/5839 1/2207/5839
f 2618/2198/5840 2619/2199/5840 85/2208/5840
f 2617/2196/5841 2618/2198/5841 84/2209/5841
f 2616/2197/5842 2617/2196/5842 83/2210/5842
f 81/16/5843 2616/16/5843 82/16/5843
f 80/16/5844 1063/16/5844 79/16/5844
f 1047/16/5845 803/16/5845 3833/16/5845
f 547/16/5846 543/16/5846 3843/16/5846
f 71/16/5847 86/16/5847 88/16/5847
f 2623/16/5848 696/16/5848 691/16/5848
f 556/16/5849 2621/16/5849 557/16/5849
f 547/16/5850 793/16/5850 3304/16/5850
f 2622/16/5851 2623/16/5851 691/16/5851
f 2666/16/5852 2667/16/5852 695/16/5852
f 3828/16/5853 793/16/5853 3853/16/5853
f 2624/2212/2051 2625/2215/2051 2632/2213/2051
f 2625/2215/2052 2626/2217/2052 2633/2216/2052
f 2626/2217/5854 2627/2219/5854 2634/2218/5854
f 2627/2219/5855 2628/2221/5855 2635/2220/5855
f 2628/2221/5856 2629/2223/5856 2636/2222/5856
f 2629/2223/5857 2630/2262/5857 2637/2224/5857
f 2631/2214/2057 2632/2213/2057 2639/2225/2057
f 2632/2213/2058 2633/2216/2058 2640/2227/2058
f 2633/2216/5858 2634/2218/5858 2641/2228/5858
f 2634/2218/5859 2635/2220/5859 2642/2229/5859
f 2635/2220/5860 2636/2222/5860 2643/2230/5860
f 2636/2222/5861 2637/2224/5861 2644/2231/5861
f 2638/2226/2063 2639/2225/2063 2646/2232/2063
f 2639/2225/2064 2640/2227/2064 2647/2234/2064
f 2640/2227/5862 2641/2228/5862 2648/2235/5862
f 2641/2228/5863 2642/2229/5863 2649/2236/5863
f 2642/2229/5864 2643/2230/5864 2650/2237/5864
f 2643/2230/5865 2644/2231/5865 2651/2238/5865
f 2646/2232/2069 2653/2240/2069 2652/2239/2069
f 2647/2234/2070 2654/2241/2070 2653/2240/2070
f 2648/2235/2071 2655/2242/2071 2654/2241/2071
f 2649/2236/5866 2656/2243/5866 2655/2242/5866
f 2650/2237/5867 2657/2244/5867 2656/2243/5867
f 2651/2238/5868 2658/2250/5868 2657/2244/5868
f 2653/2240/2075 2660/2246/2075 2659/2245/2075
f 2654/2241/2076 2661/2247/2076 2660/2246/2076
f 2655/2242/2077 2662/2248/2077 2661/2247/2077
f 2656/2243/5869 2663/2249/5869 2662/2248/5869
f 2657/2244/5870 2664/2251/5870 2663/2249/5870
f 2658/2250/5871 2665/2266/5871 2664/2251/5871
f 2667/16/5872 2663/16/5872 2664/16/5872
f 42/2254/2084 527/2256/2084 2624/2212/2084
f 527/2256/2085 526/2257/2085 2625/2215/2085
f 526/2257/2086 525/2258/2086 2626/2217/2086
f 525/2258/5873 524/2259/5873 2627/2219/5873
f 524/2259/5874 523/2260/5874 2628/2221/5874
f 523/2260/5875 522/2261/5875 2629/2223/5875
f 522/2261/5876 521/3256/5876 2630/2262/5876
f 692/16/5877 3319/16/5877 3326/16/5877
f 692/16/5878 693/16/5878 2644/16/5878
f 693/2264/5879 694/2265/5879 2658/2250/5879
f 3306/16/5880 694/16/5880 3326/16/5880
f 3309/16/5881 690/16/5881 689/16/5881
f 3849/16/5882 547/16/5882 3843/16/5882
f 2666/16/5883 2620/16/5883 544/16/5883
f 556/16/5884 3302/16/5884 2621/16/5884
f 548/16/5885 2666/16/5885 544/16/5885
f 2652/2239/2103 2659/2245/2103 533/2268/2103
f 2645/2233/2104 2652/2239/2104 532/2269/2104
f 530/2271/2105 2638/2226/2105 2645/2233/2105
f 529/2272/2106 2631/2214/2106 2638/2226/2106
f 528/2255/2107 2624/2212/2107 2631/2214/2107
f 2668/16/5886 2669/16/5886 2671/16/5886
f 511/16/5887 2670/16/5887 512/16/5887
f 2672/16/5888 697/16/5888 2681/16/5888
f 2670/16/5889 2695/16/5889 2669/16/5889
f 2671/16/5890 2697/16/5890 701/16/5890
f 2671/16/5891 2669/16/5891 2697/16/5891
f 2737/16/5892 2751/16/5892 3380/16/5892
f 2673/2277/5893 2678/2276/5893 2677/2280/5893
f 2674/2275/5894 2679/2278/5894 2678/2276/5894
f 2675/2274/5895 2680/2282/5895 2679/2278/5895
f 2677/2280/5896 2683/2279/5896 2682/2287/5896
f 2678/2276/5897 2684/2281/5897 2683/2279/5897
f 2679/2278/5898 2685/2283/5898 2684/2281/5898
f 2680/2282/5899 2686/2285/5899 2685/2283/5899
f 2681/16/5900 699/16/5900 521/16/5900
f 2682/2287/5901 2688/2286/5901 2687/2292/5901
f 2683/2279/2125 2689/2288/2125 2688/2286/2125
f 2684/2281/5902 2690/2289/5902 2689/2288/5902
f 2685/2283/5903 2691/2290/5903 2690/2289/5903
f 2686/2285/5904 2692/2291/5904 2691/2290/5904
f 510/16/5905 488/16/5905 2715/16/5905
f 2668/16/5906 2671/16/5906 2674/16/5906
f 2671/16/5907 509/16/5907 2672/16/5907
f 697/16/5908 698/16/5908 2681/16/5908
f 699/16/5909 3319/16/5909 692/16/5909
f 2692/2291/5910 522/2261/5910 523/2260/5910
f 2691/2290/5911 523/2260/5911 524/2259/5911
f 2690/2289/5912 524/2259/5912 525/2258/5912
f 2689/2288/2138 525/2258/2138 526/2257/2138
f 2688/2286/2139 526/2257/2139 527/2256/2139
f 2687/2292/2140 527/2256/2140 42/2254/2140
f 2676/16/5913 2687/16/5913 513/16/5913
f 2676/16/5914 2670/16/5914 2668/16/5914
f 2671/16/5915 2672/16/5915 2675/16/5915
f 2694/16/5916 498/16/5916 497/16/5916
f 2695/16/5917 499/16/5917 2696/16/5917
f 2669/16/5918 2695/16/5918 2696/16/5918
f 512/16/5919 2670/16/5919 2676/16/5919
f 2698/16/5920 2699/16/5920 2703/16/5920
f 2703/16/5921 498/16/5921 499/16/5921
f 2715/16/5922 3348/16/5922 2700/16/5922
f 3348/16/5923 2701/16/5923 2700/16/5923
f 512/16/5924 2676/16/5924 513/16/5924
f 489/16/5925 2698/16/5925 500/16/5925
f 2715/16/5926 472/16/5926 2716/16/5926
f 2701/16/5927 702/16/5927 703/16/5927
f 480/16/5928 488/16/5928 2693/16/5928
f 673/16/5929 3379/16/5929 3392/16/5929
f 3371/16/5930 3373/16/5930 3370/16/5930
f 679/16/5931 3360/16/5931 3361/16/5931
f 510/16/5932 2699/16/5932 2693/16/5932
f 2699/16/5933 510/16/5933 2715/16/5933
f 703/16/5934 702/16/5934 3361/16/5934
f 501/16/5935 2702/16/5935 2695/16/5935
f 2704/2294/5936 2705/2297/5936 2709/2295/5936
f 2705/2297/5937 2706/2306/5937 2710/2298/5937
f 2708/2296/5938 2709/2295/5938 2712/2299/5938
f 2709/2295/5939 2710/2298/5939 2713/2301/5939
f 2716/16/5940 472/16/5940 2707/16/5940
f 488/16/5941 2712/16/5941 472/16/5941
f 3375/16/5942 671/16/5942 3396/16/5942
f 37/2302/5943 475/2304/5943 2704/2294/5943
f 475/2304/5944 474/2305/5944 2705/2297/5944
f 474/2305/5945 473/2351/5945 2706/2306/5945
f 472/16/5946 2706/16/5946 473/16/5946
f 2742/16/5947 705/16/5947 704/16/5947
f 3373/16/5948 3372/16/5948 3370/16/5948
f 488/16/5949 2714/16/5949 2711/16/5949
f 478/2310/5950 2711/2300/5950 2714/2307/5950
f 477/2311/5951 2708/2296/5951 2711/2300/5951
f 476/2303/5952 2704/2294/5952 2708/2296/5952
f 2717/2312/5953 2718/2315/5953 2724/2313/5953
f 2718/2315/5954 2719/2317/5954 2725/2316/5954
f 2719/2317/5955 2720/2319/5955 2726/2318/5955
f 2720/2319/5956 2721/2347/5956 2727/2320/5956
f 2722/16/5957 2727/16/5957 2721/16/5957
f 2723/2314/5958 2724/2313/5958 2729/2321/5958
f 2724/2313/5959 2725/2316/5959 2730/2323/5959
f 2725/2316/5960 2726/2318/5960 2731/2324/5960
f 2726/2318/5961 2727/2320/5961 2732/2325/5961
f 2728/2322/5962 2729/2321/5962 2734/2326/5962
f 2729/2321/5963 2730/2323/5963 2735/2328/5963
f 2730/2323/5964 2731/2324/5964 2736/2329/5964
f 2732/16/5965 2736/16/5965 2731/16/5965
f 3369/16/5966 3373/16/5966 675/16/5966
f 2734/2326/5967 2739/2331/5967 2738/2330/5967
f 2735/2328/5968 2740/2332/5968 2739/2331/5968
f 2736/2329/5969 2741/2335/5969 2740/2332/5969
f 2739/2331/5970 2744/2334/5970 2743/2333/5970
f 2740/2332/5971 2745/2336/5971 2744/2334/5971
f 2741/2335/5972 2746/2339/5972 2745/2336/5972
f 3375/16/5973 3396/16/5973 3381/16/5973
f 2744/2334/5974 2748/2338/5974 2747/2337/5974
f 2745/2336/5975 2749/2340/5975 2748/2338/5975
f 2746/2339/5976 2750/2350/5976 2749/2340/5976
f 3396/16/5977 982/16/5977 3381/16/5977
f 35/2341/5978 457/2343/5978 2717/2312/5978
f 457/2343/5979 456/2344/5979 2718/2315/5979
f 456/2344/5980 455/2345/5980 2719/2317/5980
f 455/2345/5981 454/2346/5981 2720/2319/5981
f 454/2346/5982 453/2348/5982 2721/2347/5982
f 453/2348/5983 452/2420/5983 2722/2349/5983
f 2722/16/5984 452/16/5984 2800/16/5984
f 706/16/5985 3376/16/5985 3380/16/5985
f 2701/16/5986 497/16/5986 498/16/5986
f 677/16/5987 3366/16/5987 678/16/5987
f 2732/16/5988 2741/16/5988 2736/16/5988
f 2750/2350/5989 472/3257/5989 473/2351/5989
f 2749/2340/5990 473/2351/5990 474/2305/5990
f 2748/2338/5991 474/2305/5991 475/2304/5991
f 2747/2337/5992 475/2304/5992 37/2302/5992
f 2743/2333/5993 2747/2337/5993 464/2352/5993
f 2738/2330/5994 2743/2333/5994 463/2353/5994
f 2733/2327/5995 2738/2330/5995 462/2354/5995
f 460/2356/5996 2728/2322/5996 2733/2327/5996
f 459/2357/5997 2723/2314/5997 2728/2322/5997
f 458/2342/5998 2717/2312/5998 2723/2314/5998
f 2752/2358/5999 2753/2361/5999 2760/2359/5999
f 2753/2361/6000 2754/2363/6000 2761/2362/6000
f 2754/2363/6001 2755/2365/6001 2762/2364/6001
f 2755/2365/6002 2756/2367/6002 2763/2366/6002
f 2756/2367/6003 2757/2369/6003 2764/2368/6003
f 2757/2369/6004 2758/2413/6004 2765/2370/6004
f 2759/2360/6005 2760/2359/6005 2767/2371/6005
f 2760/2359/6006 2761/2362/6006 2768/2373/6006
f 2761/2362/6007 2762/2364/6007 2769/2374/6007
f 2762/2364/6008 2763/2366/6008 2770/2375/6008
f 2763/2366/6009 2764/2368/6009 2771/2376/6009
f 2764/2368/6010 2765/2370/6010 2772/2377/6010
f 2766/2372/6011 2767/2371/6011 2774/2378/6011
f 2767/2371/6012 2768/2373/6012 2775/2380/6012
f 2768/2373/6013 2769/2374/6013 2776/2381/6013
f 2769/2374/6014 2770/2375/6014 2777/2382/6014
f 2770/2375/6015 2771/2376/6015 2778/2383/6015
f 2771/2376/6016 2772/2377/6016 2779/2384/6016
f 2774/2378/6017 2781/2386/6017 2780/2385/6017
f 2775/2380/6018 2782/2387/6018 2781/2386/6018
f 2776/2381/6019 2783/2388/6019 2782/2387/6019
f 2777/2382/6020 2784/2389/6020 2783/2388/6020
f 2778/2383/6021 2785/2390/6021 2784/2389/6021
f 2779/2384/6022 2786/2396/6022 2785/2390/6022
f 2781/2386/6023 2788/2392/6023 2787/2391/6023
f 2782/2387/6024 2789/2393/6024 2788/2392/6024
f 2783/2388/6025 2790/2394/6025 2789/2393/6025
f 2784/2389/6026 2791/2395/6026 2790/2394/6026
f 2785/2390/6027 2792/2397/6027 2791/2395/6027
f 2786/2396/6028 2793/2403/6028 2792/2397/6028
f 2788/2392/6029 2795/2399/6029 2794/2398/6029
f 2789/2393/6030 2796/2400/6030 2795/2399/6030
f 2790/2394/6031 2797/2401/6031 2796/2400/6031
f 2791/2395/6032 2798/2402/6032 2797/2401/6032
f 2792/2397/6033 2799/2404/6033 2798/2402/6033
f 2793/2403/6034 2800/2419/6034 2799/2404/6034
f 33/2405/6035 437/2407/6035 2752/2358/6035
f 437/2407/6036 436/2408/6036 2753/2361/6036
f 436/2408/6037 435/2409/6037 2754/2363/6037
f 435/2409/6038 434/2410/6038 2755/2365/6038
f 434/2410/6039 433/2411/6039 2756/2367/6039
f 433/2411/6040 432/2412/6040 2757/2369/6040
f 432/2412/6041 431/2414/6041 2758/2413/6041
f 431/2414/6042 56/2943/6042 707/2415/6042
f 707/16/6043 708/16/6043 2765/16/6043
f 2772/2377/6044 708/2416/6044 709/2417/6044
f 709/16/6045 710/16/6045 2793/16/6045
f 2799/2404/6046 452/2420/6046 453/2348/6046
f 2798/2402/6047 453/2348/6047 454/2346/6047
f 2797/2401/6048 454/2346/6048 455/2345/6048
f 2796/2400/6049 455/2345/6049 456/2344/6049
f 2795/2399/6050 456/2344/6050 457/2343/6050
f 2794/2398/6051 457/2343/6051 35/2341/6051
f 2787/2391/6052 2794/2398/6052 444/2421/6052
f 2780/2385/6053 2787/2391/6053 443/2422/6053
f 2773/2379/6054 2780/2385/6054 442/2423/6054
f 440/2425/6055 2766/2372/6055 2773/2379/6055
f 439/2426/6056 2759/2360/6056 2766/2372/6056
f 438/2406/6057 2752/2358/6057 2759/2360/6057
f 2801/2427/2290 2802/2430/2290 2809/2428/2290
f 2802/2430/2291 2803/2432/2291 2810/2431/2291
f 2803/2432/6058 2804/2434/6058 2811/2433/6058
f 2804/2434/6059 2805/2436/6059 2812/2435/6059
f 2805/2436/6060 2806/2438/6060 2813/2437/6060
f 2806/2438/6061 2807/2482/6061 2814/2439/6061
f 2808/2429/2296 2809/2428/2296 2816/2440/2296
f 2809/2428/2297 2810/2431/2297 2817/2442/2297
f 2810/2431/6062 2811/2433/6062 2818/2443/6062
f 2811/2433/6063 2812/2435/6063 2819/2444/6063
f 2812/2435/6064 2813/2437/6064 2820/2445/6064
f 2813/2437/6065 2814/2439/6065 2821/2446/6065
f 2815/2441/2302 2816/2440/2302 2823/2447/2302
f 2816/2440/6066 2817/2442/6066 2824/2449/6066
f 2817/2442/2304 2818/2443/2304 2825/2450/2304
f 2818/2443/6067 2819/2444/6067 2826/2451/6067
f 2819/2444/6068 2820/2445/6068 2827/2452/6068
f 2820/2445/6069 2821/2446/6069 2828/2453/6069
f 2823/2447/2308 2830/2455/2308 2829/2454/2308
f 2824/2449/2309 2831/2456/2309 2830/2455/2309
f 2825/2450/2310 2832/2457/2310 2831/2456/2310
f 2826/2451/2311 2833/2458/2311 2832/2457/2311
f 2827/2452/6070 2834/2459/6070 2833/2458/6070
f 2828/2453/6071 2835/2465/6071 2834/2459/6071
f 2830/2455/6072 2837/2461/6072 2836/2460/6072
f 2831/2456/6073 2838/2462/6073 2837/2461/6073
f 2832/2457/2316 2839/2463/2316 2838/2462/2316
f 2833/2458/6074 2840/2464/6074 2839/2463/6074
f 2834/2459/6075 2841/2466/6075 2840/2464/6075
f 2835/2465/6076 2842/2472/6076 2841/2466/6076
f 2837/2461/6077 2844/2468/6077 2843/2467/6077
f 2838/2462/6078 2845/2469/6078 2844/2468/6078
f 2839/2463/6079 2846/2470/6079 2845/2469/6079
f 2840/2464/6080 2847/2471/6080 2846/2470/6080
f 2841/2466/6081 2848/2473/6081 2847/2471/6081
f 2842/2472/6082 2849/2488/6082 2848/2473/6082
f 31/2474/2326 416/2476/2326 2801/2427/2326
f 416/2476/2327 415/2477/2327 2802/2430/2327
f 415/2477/6083 414/2478/6083 2803/2432/6083
f 414/2478/6084 413/2479/6084 2804/2434/6084
f 413/2479/6085 412/2480/6085 2805/2436/6085
f 412/2480/6086 411/2481/6086 2806/2438/6086
f 411/2481/6087 410/2483/6087 2807/2482/6087
f 410/2483/6088 55/2951/6088 711/2484/6088
f 2807/2482/6089 711/2484/6089 712/2485/6089
f 712/16/6090 713/16/6090 2821/16/6090
f 713/16/6091 714/16/6091 2842/16/6091
f 714/2487/6092 715/2489/6092 2849/2488/6092
f 715/2489/6093 56/2943/6093 431/2414/6093
f 2849/2488/6094 431/2414/6094 432/2412/6094
f 2848/2473/6095 432/2412/6095 433/2411/6095
f 2847/2471/6096 433/2411/6096 434/2410/6096
f 2846/2470/6097 434/2410/6097 435/2409/6097
f 2845/2469/6098 435/2409/6098 436/2408/6098
f 2844/2468/6099 436/2408/6099 437/2407/6099
f 2843/2467/6100 437/2407/6100 33/2405/6100
f 2836/2460/2348 2843/2467/2348 423/2490/2348
f 2829/2454/2349 2836/2460/2349 422/2491/2349
f 2822/2448/2350 2829/2454/2350 421/2492/2350
f 419/2494/2351 2815/2441/2351 2822/2448/2351
f 418/2495/2352 2808/2429/2352 2815/2441/2352
f 417/2475/2353 2801/2427/2353 2808/2429/2353
f 2850/2496/6101 2851/2499/6101 2858/2497/6101
f 2851/2499/6102 2852/2501/6102 2859/2500/6102
f 2852/2501/2356 2853/2503/2356 2860/2502/2356
f 2853/2503/2357 2854/2505/2357 2861/2504/2357
f 2854/2505/2358 2855/2507/2358 2862/2506/2358
f 2855/2507/6103 2856/2551/6103 2863/2508/6103
f 2857/2498/2360 2858/2497/2360 2865/2509/2360
f 2858/2497/6104 2859/2500/6104 2866/2511/6104
f 2859/2500/2362 2860/2502/2362 2867/2512/2362
f 2860/2502/6105 2861/2504/6105 2868/2513/6105
f 2861/2504/6106 2862/2506/6106 2869/2514/6106
f 2862/2506/6107 2863/2508/6107 2870/2515/6107
f 2864/2510/2366 2865/2509/2366 2872/2516/2366
f 2865/2509/2367 2866/2511/2367 2873/2518/2367
f 2866/2511/6108 2867/2512/6108 2874/2519/6108
f 2867/2512/6109 2868/2513/6109 2875/2520/6109
f 2868/2513/6110 2869/2514/6110 2876/2521/6110
f 2869/2514/6111 2870/2515/6111 2877/2522/6111
f 2872/2516/2372 2879/2524/2372 2878/2523/2372
f 2873/2518/2373 2880/2525/2373 2879/2524/2373
f 2874/2519/6112 2881/2526/6112 2880/2525/6112
f 2875/2520/6113 2882/2527/6113 2881/2526/6113
f 2876/2521/6114 2883/2528/6114 2882/2527/6114
f 2877/2522/6115 2884/2534/6115 2883/2528/6115
f 2879/2524/2378 2886/2530/2378 2885/2529/2378
f 2880/2525/6116 2887/2531/6116 2886/2530/6116
f 2881/2526/6117 2888/2532/6117 2887/2531/6117
f 2882/2527/6118 2889/2533/6118 2888/2532/6118
f 2883/2528/6119 2890/2535/6119 2889/2533/6119
f 2884/2534/6120 2891/2541/6120 2890/2535/6120
f 2886/2530/2384 2893/2537/2384 2892/2536/2384
f 2887/2531/6121 2894/2538/6121 2893/2537/6121
f 2888/2532/6122 2895/2539/6122 2894/2538/6122
f 2889/2533/6123 2896/2540/6123 2895/2539/6123
f 2890/2535/6124 2897/2542/6124 2896/2540/6124
f 2891/2541/6125 2898/2559/6125 2897/2542/6125
f 29/2543/2390 395/2545/2390 2850/2496/2390
f 395/2545/6126 394/2546/6126 2851/2499/6126
f 394/2546/2392 393/2547/2392 2852/2501/2392
f 393/2547/2393 392/2548/2393 2853/2503/2393
f 392/2548/2394 391/2549/2394 2854/2505/2394
f 391/2549/6127 390/2550/6127 2855/2507/6127
f 390/2550/2396 389/2552/2396 2856/2551/2396
f 389/2552/6128 54/2994/6128 716/2553/6128
f 2856/2551/6129 716/2553/6129 717/2554/6129
f 2863/2508/6130 717/2554/6130 718/2555/6130
f 2870/2515/6131 718/2555/6131 719/2556/6131
f 719/2556/6132 720/2557/6132 2884/2534/6132
f 720/2557/6133 721/2558/6133 2891/2541/6133
f 721/2558/6134 722/2560/6134 2898/2559/6134
f 722/2560/6135 55/2951/6135 410/2483/6135
f 2898/2559/6136 410/2483/6136 411/2481/6136
f 2897/2542/6137 411/2481/6137 412/2480/6137
f 2896/2540/6138 412/2480/6138 413/2479/6138
f 2895/2539/6139 413/2479/6139 414/2478/6139
f 2894/2538/6140 414/2478/6140 415/2477/6140
f 2893/2537/2410 415/2477/2410 416/2476/2410
f 2892/2536/2411 416/2476/2411 31/2474/2411
f 2885/2529/2412 2892/2536/2412 402/2561/2412
f 2878/2523/2413 2885/2529/2413 401/2562/2413
f 2871/2517/2414 2878/2523/2414 400/2563/2414
f 398/2565/2415 2864/2510/2415 2871/2517/2415
f 397/2566/2416 2857/2498/2416 2864/2510/2416
f 396/2544/6141 2850/2496/6141 2857/2498/6141
f 2899/2567/6142 2900/2570/6142 2906/2568/6142
f 2900/2570/6143 2901/2572/6143 2907/2571/6143
f 2901/2572/6144 2902/2574/6144 2908/2573/6144
f 2902/2574/6145 2903/2614/6145 2909/2575/6145
f 2904/16/6146 2909/16/6146 2903/16/6146
f 2905/2569/6147 2906/2568/6147 2912/2576/6147
f 2906/2568/6148 2907/2571/6148 2913/2578/6148
f 2907/2571/6149 2908/2573/6149 2914/2579/6149
f 2908/2573/6150 2909/2575/6150 2915/2580/6150
f 3461/16/6151 3456/16/6151 3465/16/6151
f 2911/2577/2429 2912/2576/2429 2918/2582/2429
f 2912/2576/2430 2913/2578/2430 2919/2584/2430
f 2913/2578/6152 2914/2579/6152 2920/2585/6152
f 2914/2579/6153 2915/2580/6153 2921/2586/6153
f 2915/2580/6154 2916/2581/6154 2922/2587/6154
f 3464/16/6155 3461/16/6155 3470/16/6155
f 2918/2582/6156 2925/2590/6156 2924/2589/6156
f 2919/2584/2436 2926/2591/2436 2925/2590/2436
f 2920/2585/6157 2927/2592/6157 2926/2591/6157
f 2921/2586/6158 2928/2593/6158 2927/2592/6158
f 2922/2587/6159 2929/2594/6159 2928/2593/6159
f 2923/16/6160 2936/16/6160 2935/16/6160
f 2925/2590/6161 2931/2596/6161 2930/2595/6161
f 2926/2591/6162 2932/2597/6162 2931/2596/6162
f 2927/2592/6163 2933/2598/6163 2932/2597/6163
f 2928/2593/6164 2934/2599/6164 2933/2598/6164
f 2929/2594/6165 2935/2604/6165 2934/2599/6165
f 2931/2596/2447 2938/2601/2447 2937/2600/2447
f 2932/2597/6166 2939/2602/6166 2938/2601/6166
f 2933/2598/2449 2940/2603/2449 2939/2602/2449
f 2934/2599/6167 2941/2605/6167 2940/2603/6167
f 2935/2604/6168 2942/2607/6168 2941/2605/6168
f 2936/2606/6169 2943/2618/6169 2942/2607/6169
f 27/2608/2453 374/2610/2453 2899/2567/2453
f 374/2610/2454 373/2611/2454 2900/2570/2454
f 373/2611/6170 372/2612/6170 2901/2572/6170
f 372/2612/6171 371/2613/6171 2902/2574/6171
f 371/2613/2457 370/2615/2457 2903/2614/2457
f 370/2615/6172 369/3258/6172 2904/2616/6172
f 368/16/6173 2904/16/6173 369/16/6173
f 3457/16/6174 3458/16/6174 3462/16/6174
f 723/16/6175 724/16/6175 2910/16/6175
f 724/16/6176 2936/16/6176 2923/16/6176
f 725/2617/6177 726/2619/6177 2943/2618/6177
f 726/2619/6178 54/2994/6178 389/2552/6178
f 2943/2618/6179 389/2552/6179 390/2550/6179
f 2942/2607/2466 390/2550/2466 391/2549/2466
f 2941/2605/2467 391/2549/2467 392/2548/2467
f 2940/2603/2468 392/2548/2468 393/2547/2468
f 2939/2602/6180 393/2547/6180 394/2546/6180
f 2938/2601/6181 394/2546/6181 395/2545/6181
f 2937/2600/6182 395/2545/6182 29/2543/6182
f 2930/2595/6183 2937/2600/6183 381/2620/6183
f 2924/2589/2473 2930/2595/2473 380/2621/2473
f 2917/2583/6184 2924/2589/6184 379/2622/6184
f 377/2624/6185 2911/2577/6185 2917/2583/6185
f 376/2625/6186 2905/2569/6186 2911/2577/6186
f 375/2609/2477 2899/2567/2477 2905/2569/2477
f 2944/2626/6187 2945/2629/6187 2951/2627/6187
f 2945/2629/6188 2946/2631/6188 2952/2630/6188
f 2946/2631/6189 2947/2633/6189 2953/2632/6189
f 2947/2633/6190 2948/2663/6190 2954/2634/6190
f 2949/16/6191 2954/16/6191 2948/16/6191
f 2950/2628/6192 2951/2627/6192 2957/2635/6192
f 2951/2627/6193 2952/2630/6193 2958/2637/6193
f 2952/2630/6194 2953/2632/6194 2959/2638/6194
f 2954/16/6195 2959/16/6195 2953/16/6195
f 2956/2636/6196 2957/2635/6196 2962/2639/6196
f 2957/2635/6197 2958/2637/6197 2963/2641/6197
f 2958/2637/6198 2959/2638/6198 2964/2642/6198
f 2965/16/6199 2975/16/6199 2970/16/6199
f 2965/16/6200 2960/16/6200 2971/16/6200
f 2962/2639/2493 2968/2645/2493 2967/2644/2493
f 2963/2641/6201 2969/2646/6201 2968/2645/6201
f 2964/2642/2495 2970/2647/2495 2969/2646/2495
f 2965/16/6202 2971/16/6202 2976/16/6202
f 3517/16/6203 647/16/6203 648/16/6203
f 369/16/6204 2971/16/6204 2977/16/6204
f 2968/2645/6205 2973/2649/6205 2972/2648/6205
f 2969/2646/6206 2974/2650/6206 2973/2649/6206
f 2970/2647/6207 2975/2653/6207 2974/2650/6207
f 3457/16/6208 3466/16/6208 3465/16/6208
f 2973/2649/6209 2979/2652/6209 2978/2651/6209
f 2974/2650/2502 2980/2654/2502 2979/2652/2502
f 2975/2653/6210 2981/2656/6210 2980/2654/6210
f 2976/16/6211 370/16/6211 371/16/6211
f 3516/16/6212 53/16/6212 729/16/6212
f 25/2657/6213 353/2659/6213 2944/2626/6213
f 353/2659/6214 352/2660/6214 2945/2629/6214
f 352/2660/6215 351/2661/6215 2946/2631/6215
f 351/2661/6216 350/2662/6216 2947/2633/6216
f 350/2662/6217 349/2664/6217 2948/2663/6217
f 349/2664/6218 348/3259/6218 2949/2665/6218
f 347/16/6219 2949/16/6219 348/16/6219
f 52/16/6220 727/16/6220 347/16/6220
f 728/16/6221 729/16/6221 2977/16/6221
f 3516/16/6222 650/16/6222 53/16/6222
f 368/16/6223 53/16/6223 723/16/6223
f 2981/2656/6224 371/2613/6224 372/2612/6224
f 2980/2654/2520 372/2612/2520 373/2611/2520
f 2979/2652/2521 373/2611/2521 374/2610/2521
f 2978/2651/2522 374/2610/2522 27/2608/2522
f 2972/2648/2523 2978/2651/2523 360/2666/2523
f 2967/2644/6225 2972/2648/6225 359/2667/6225
f 2961/2640/2525 2967/2644/2525 358/2668/2525
f 356/2670/6226 2956/2636/6226 2961/2640/6226
f 355/2671/6227 2950/2628/6227 2956/2636/6227
f 354/2658/6228 2944/2626/6228 2950/2628/6228
f 2982/2672/6229 2983/2675/6229 2989/2673/6229
f 2983/2675/6230 2984/2677/6230 2990/2676/6230
f 2984/2677/6231 2985/2679/6231 2991/2678/6231
f 2985/2679/6232 2986/2681/6232 2992/2680/6232
f 348/16/6233 349/16/6233 3021/16/6233
f 2988/2674/6234 2989/2673/6234 2995/2683/6234
f 2989/2673/6235 2990/2676/6235 2996/2685/6235
f 2990/2676/6236 2991/2678/6236 2997/2686/6236
f 2992/16/6237 2997/16/6237 2991/16/6237
f 2993/16/6238 2998/16/6238 3005/16/6238
f 2994/2684/6239 2995/2683/6239 3000/2687/6239
f 2995/2683/6240 2996/2685/6240 3001/2689/6240
f 2996/2685/2542 2997/2686/2542 3002/2690/2542
f 640/16/6241 3550/16/6241 639/16/6241
f 3000/2687/6242 3007/2693/6242 3006/2692/6242
f 3001/2689/6243 3008/2694/6243 3007/2693/6243
f 3002/2690/6244 3009/2695/6244 3008/2694/6244
f 3003/16/6245 3010/16/6245 3015/16/6245
f 2992/16/6246 3004/16/6246 3003/16/6246
f 3005/16/6247 3016/16/6247 3010/16/6247
f 3007/2693/6248 3012/2700/6248 3011/2699/6248
f 3008/2694/6249 3013/2701/6249 3012/2700/6249
f 3009/2695/6250 3014/2704/6250 3013/2701/6250
f 3010/16/6251 3016/16/6251 348/16/6251
f 3012/2700/6252 3018/2703/6252 3017/2702/6252
f 3013/2701/6253 3019/2705/6253 3018/2703/6253
f 3014/2704/6254 3020/2707/6254 3019/2705/6254
f 3015/2706/6255 3021/2716/6255 3020/2707/6255
f 3010/16/6256 348/16/6256 3021/16/6256
f 23/2708/6257 332/2710/6257 2982/2672/6257
f 332/2710/6258 331/2711/6258 2983/2675/6258
f 331/2711/6259 330/2712/6259 2984/2677/6259
f 330/2712/6260 329/2713/6260 2985/2679/6260
f 329/2713/6261 328/3260/6261 2986/2681/6261
f 327/16/6262 2986/16/6262 328/16/6262
f 327/3261/6263 326/3262/6263 2987/3263/6263
f 51/16/6264 730/16/6264 2987/16/6264
f 3533/16/6265 3529/16/6265 3539/16/6265
f 730/16/6266 2998/16/6266 2987/16/6266
f 2993/16/6267 3005/16/6267 3004/16/6267
f 3021/2716/6268 349/2664/6268 350/2662/6268
f 3020/2707/2573 350/2662/2573 351/2661/2573
f 3019/2705/6269 351/2661/6269 352/2660/6269
f 3018/2703/6270 352/2660/6270 353/2659/6270
f 3017/2702/6271 353/2659/6271 25/2657/6271
f 3011/2699/6272 3017/2702/6272 339/2717/6272
f 3006/2692/6273 3011/2699/6273 338/2718/6273
f 2999/2688/6274 3006/2692/6274 337/2719/6274
f 335/2721/6275 2994/2684/6275 2999/2688/6275
f 334/2722/6276 2988/2674/6276 2994/2684/6276
f 333/2709/6277 2982/2672/6277 2988/2674/6277
f 3022/2723/6278 3023/2726/6278 3027/2724/6278
f 3023/2726/6279 3024/2728/6279 3028/2727/6279
f 3024/2728/2585 3025/2730/2585 3029/2729/2585
f 3042/16/6280 3053/16/6280 3052/16/6280
f 3036/16/6281 3037/16/6281 3047/16/6281
f 3026/2725/6282 3027/2724/6282 3033/2732/6282
f 3027/2724/6283 3028/2727/6283 3034/2734/6283
f 3028/2727/6284 3029/2729/6284 3035/2735/6284
f 3030/16/6285 3035/16/6285 3029/16/6285
f 3030/2731/6286 3031/2736/6286 3036/2738/6286
f 3032/2733/6287 3033/2732/6287 3039/2739/6287
f 3033/2732/6288 3034/2734/6288 3040/2741/6288
f 3034/2734/6289 3035/2735/6289 3041/2742/6289
f 3072/16/6290 3083/16/6290 3077/16/6290
f 3091/16/6291 305/16/6291 306/16/6291
f 3030/16/6292 3042/16/6292 3035/16/6292
f 3039/2739/6293 3044/2745/6293 3043/2744/6293
f 3040/2741/6294 3045/2746/6294 3044/2745/6294
f 3041/2742/6295 3046/2747/6295 3045/2746/6295
f 3042/16/6296 3047/16/6296 3053/16/6296
f 3044/2745/2602 3050/2749/2602 3049/2748/2602
f 3045/2746/6297 3051/2750/6297 3050/2749/6297
f 3046/2747/6298 3052/2756/6298 3051/2750/6298
f 3047/2753/6299 3054/2752/6299 3053/2758/6299
f 326/16/6300 3054/16/6300 3048/16/6300
f 3050/2749/6301 3056/2755/6301 3055/2754/6301
f 3051/2750/6302 3057/2757/6302 3056/2755/6302
f 3052/2756/6303 3058/2759/6303 3057/2757/6303
f 21/2760/6304 311/2762/6304 3022/2723/6304
f 311/2762/6305 310/2763/6305 3023/2726/6305
f 310/2763/6306 309/2764/6306 3024/2728/6306
f 309/2764/6307 308/3264/6307 3025/2730/6307
f 307/16/6308 3025/16/6308 308/16/6308
f 307/16/6309 3030/16/6309 3025/16/6309
f 3037/16/6310 734/16/6310 3048/16/6310
f 739/16/6311 3602/16/6311 630/16/6311
f 735/16/6312 51/16/6312 326/16/6312
f 326/16/6313 327/16/6313 3054/16/6313
f 328/16/6314 3053/16/6314 3054/16/6314
f 3058/2759/6315 329/2713/6315 330/2712/6315
f 3057/2757/6316 330/2712/6316 331/2711/6316
f 3056/2755/6317 331/2711/6317 332/2710/6317
f 3055/2754/6318 332/2710/6318 23/2708/6318
f 3049/2748/6319 3055/2754/6319 318/2765/6319
f 3043/2744/6320 3049/2748/6320 317/2766/6320
f 3038/2740/6321 3043/2744/6321 316/2767/6321
f 314/2769/6322 3032/2733/6322 3038/2740/6322
f 313/2770/6323 3026/2725/6323 3032/2733/6323
f 312/2761/2626 3022/2723/2626 3026/2725/2626
f 3138/16/6324 221/16/6324 3137/16/6324
f 3059/2771/6325 3060/2804/6325 3065/2772/6325
f 3061/16/6326 3065/16/6326 3060/16/6326
f 733/16/6327 3560/16/6327 3037/16/6327
f 3151/16/2770 3298/16/2770 558/16/2770
f 3064/2773/6328 3065/2772/6328 3071/2777/6328
f 287/16/6329 736/16/6329 3066/16/6329
f 3067/2780/6330 3068/2776/6330 3074/2781/6330
f 3068/2776/6331 3069/2775/6331 3075/2783/6331
f 3069/2775/6332 3070/2778/6332 3076/2784/6332
f 3070/2778/6333 3071/2777/6333 3077/2785/6333
f 3072/16/6334 3077/16/6334 3071/16/6334
f 3074/2781/6335 3080/2787/6335 3079/2786/6335
f 3075/2783/6336 3081/2788/6336 3080/2787/6336
f 3076/2784/6337 3082/2789/6337 3081/2788/6337
f 3077/2785/6338 3083/2793/6338 3082/2789/6338
f 3560/16/6339 734/16/6339 3037/16/6339
f 3078/3265/6340 3085/2797/6340 3084/2795/6340
f 3080/2787/2644 3087/2791/2644 3086/2790/2644
f 3081/2788/6341 3088/2792/6341 3087/2791/6341
f 3082/2789/6342 3089/2794/6342 3088/2792/6342
f 3083/2793/6343 3090/2796/6343 3089/2794/6343
f 3084/2795/6344 3091/2798/6344 3090/2796/6344
f 3085/16/6345 738/16/6345 305/16/6345
f 3087/2791/6346 3093/2800/6346 3092/2799/6346
f 3088/2792/6347 3094/2801/6347 3093/2800/6347
f 3089/2794/6348 3095/2802/6348 3094/2801/6348
f 3090/16/6349 307/16/6349 308/16/6349
f 3091/16/6350 306/16/6350 307/16/6350
f 107/16/6351 3097/16/6351 108/16/6351
f 290/2803/6352 289/2805/6352 3060/2804/6352
f 289/2805/6353 288/3266/6353 3061/2806/6353
f 287/16/6354 3061/16/6354 288/16/6354
f 736/16/6355 737/16/6355 3066/16/6355
f 737/16/6356 738/16/6356 3085/16/6356
f 738/16/6357 739/16/6357 305/16/6357
f 738/16/6358 3594/16/6358 3602/16/6358
f 733/16/6359 3031/16/6359 306/16/6359
f 3095/2802/6360 308/3264/6360 309/2764/6360
f 3094/2801/6361 309/2764/6361 310/2763/6361
f 3093/2800/6362 310/2763/6362 311/2762/6362
f 3092/2799/6363 311/2762/6363 21/2760/6363
f 3086/2790/6364 3092/2799/6364 297/2807/6364
f 3079/2786/6365 3086/2790/6365 296/2808/6365
f 3073/2782/6366 3079/2786/6366 295/2809/6366
f 293/2811/6367 3067/2780/6367 3073/2782/6367
f 292/16/6368 3063/16/6368 3068/16/6368
f 3114/16/6369 277/16/6369 265/16/6369
f 3096/16/6370 741/16/6370 742/16/6370
f 3098/2815/6371 3099/2814/6371 3103/2816/6371
f 3102/2817/6372 3106/2818/6372 3105/2820/6372
f 3103/2816/6373 3107/2821/6373 3106/2818/6373
f 3117/16/6374 265/16/6374 277/16/6374
f 3150/16/6375 107/16/6375 3829/16/6375
f 3106/2818/6376 3109/2822/6376 3108/2819/6376
f 3107/2821/6377 3110/2824/6377 3109/2822/6377
f 275/16/6378 276/16/6378 277/16/6378
f 3108/2819/6379 3112/2823/6379 3111/2828/6379
f 3109/2822/6380 3113/2825/6380 3112/2823/6380
f 3110/16/6381 745/16/6381 287/16/6381
f 3121/16/2721 3286/16/2721 291/16/2721
f 3099/2814/6382 742/3144/6382 743/2826/6382
f 743/2826/6383 744/2827/6383 3107/2821/6383
f 744/16/6384 745/16/6384 3110/16/6384
f 3634/16/6385 3635/16/6385 623/16/6385
f 745/16/6386 625/16/6386 736/16/6386
f 3113/2825/6387 288/3266/6387 289/2805/6387
f 3112/2823/6388 289/2805/6388 290/2803/6388
f 252/16/6389 90/16/6389 89/16/6389
f 266/16/6390 254/16/6390 264/16/6390
f 3063/16/6391 3111/16/6391 290/16/6391
f 3096/16/6392 3118/16/6392 3120/16/6392
f 264/16/6393 251/16/6393 263/16/6393
f 3116/16/6394 263/16/6394 262/16/6394
f 3096/16/6395 3120/16/6395 741/16/6395
f 3121/16/6396 107/16/6396 3150/16/6396
f 274/16/6397 3096/16/6397 3098/16/6397
f 264/16/6398 254/16/6398 251/16/6398
f 292/16/6399 279/16/6399 3100/16/6399
f 750/16/6400 49/16/6400 603/16/6400
f 750/16/6401 602/16/6401 3669/16/6401
f 62/16/6402 609/16/6402 607/16/6402
f 3149/16/6403 607/16/6403 749/16/6403
f 3120/16/6404 748/16/6404 50/16/6404
f 278/16/6405 3100/16/6405 279/16/6405
f 3104/16/6406 3115/16/6406 3118/16/6406
f 62/16/6407 607/16/6407 3678/16/6407
f 3153/16/6408 90/16/6408 99/16/6408
f 3668/16/6409 1479/16/6409 606/16/6409
f 241/16/6410 561/16/6410 3841/16/6410
f 3150/16/2952 3282/16/2952 3286/16/2952
f 3097/16/6411 109/16/6411 108/16/6411
f 601/16/6412 3699/16/6412 3696/16/6412
f 3063/16/6413 3100/16/6413 3101/16/6413
f 3126/16/6414 3836/16/6414 233/16/6414
f 3133/16/6415 3820/16/6415 3823/16/6415
f 3134/16/6416 3295/16/6416 3288/16/6416
f 3135/16/6417 565/16/6417 564/16/6417
f 3300/16/6418 3152/16/6418 3297/16/6418
f 3126/16/6419 3297/16/6419 3299/16/6419
f 3140/16/6420 3832/16/6420 565/16/6420
f 3130/16/6421 3149/16/6421 250/16/6421
f 239/16/2752 3297/16/2752 558/16/2752
f 238/16/2981 791/16/2981 236/16/2981
f 3129/16/6422 3292/16/6422 3836/16/6422
f 3141/16/6423 790/16/6423 566/16/6423
f 3138/16/6424 3137/16/6424 3147/16/6424
f 239/16/6425 3828/16/6425 3299/16/6425
f 565/16/6426 3145/16/6426 564/16/6426
f 3282/16/6427 3150/16/6427 3829/16/6427
f 240/16/6428 3296/16/6428 3293/16/6428
f 3145/16/6429 3832/16/6429 561/16/6429
f 266/16/6430 264/16/6430 265/16/6430
f 3101/16/6431 3108/16/6431 3111/16/6431
f 3149/16/6432 249/16/6432 250/16/6432
f 3100/16/6433 276/16/6433 3101/16/6433
f 3141/16/6434 3283/16/6434 3281/16/6434
f 3134/16/6435 3289/16/6435 3293/16/6435
f 3135/16/6436 3818/16/6436 3131/16/6436
f 3294/16/6437 3124/16/6437 99/16/6437
f 3141/16/6438 3148/16/6438 790/16/6438
f 3131/16/3780 3820/16/3780 566/16/3780
f 229/2848/6439 49/3180/6439 750/3267/6439
f 751/16/6440 3654/16/6440 3658/16/6440
f 746/16/6441 3649/16/6441 751/16/6441
f 3124/16/6442 3294/16/6442 3128/16/6442
f 3062/16/6443 3152/16/6443 98/16/6443
f 238/16/6444 3299/16/6444 3828/16/6444
f 3140/16/3755 566/16/3755 790/16/3755
f 3143/16/6444 791/16/6444 238/16/6444
f 3127/16/6445 3841/16/6445 561/16/6445
f 3132/16/6446 3296/16/6446 3290/16/6446
f 3176/16/6447 250/16/6447 3169/16/6447
f 3157/16/6448 3160/16/6448 3155/16/6448
f 3157/3268/6449 3158/2829/6449 3161/2831/6449
f 3157/16/6450 3175/16/6450 15/16/6450
f 3157/16/6451 3161/16/6451 231/16/6451
f 3119/16/6452 3168/16/6452 3177/16/6452
f 3165/16/6453 3137/16/6453 217/16/6453
f 3176/16/6454 3136/16/6454 3130/16/6454
f 3161/2831/6455 3162/2830/6455 3166/2833/6455
f 3162/2830/6456 3163/2840/6456 3167/2832/6456
f 219/16/6457 3160/16/6457 15/16/6457
f 203/16/6458 234/16/6458 3199/16/6458
f 221/16/6459 3138/16/6459 253/16/6459
f 3158/16/6460 3190/16/6460 3191/16/6460
f 3171/16/6461 3147/16/6461 218/16/6461
f 3158/16/6462 3192/16/6462 214/16/6462
f 3164/16/6463 3146/16/6463 230/16/6463
f 3168/16/6464 3119/16/6464 3122/16/6464
f 3170/2842/6465 3174/2844/6465 3173/3269/6465
f 3165/16/6466 217/16/6466 235/16/6466
f 3165/16/6467 220/16/6467 15/16/6467
f 217/16/6468 3137/16/6468 230/16/6468
f 3173/16/6469 3136/16/6469 231/16/6469
f 3202/16/6470 3205/16/6470 3199/16/6470
f 214/2834/6471 48/3174/6471 752/2835/6471
f 3156/2836/6472 752/2835/6472 753/2837/6472
f 3159/2838/6473 753/2837/6473 754/2839/6473
f 3163/2840/6474 754/2839/6474 755/2841/6474
f 755/2841/6475 756/2843/6475 3170/2842/6475
f 756/2843/6476 757/2845/6476 3174/2844/6476
f 757/2845/6477 758/2847/6477 3178/2846/6477
f 758/2847/6478 49/3180/6478 229/2848/6478
f 3177/16/6479 3147/16/6479 3119/16/6479
f 3166/16/6480 3167/16/6480 3170/16/6480
f 3147/16/6481 3177/16/6481 3138/16/6481
f 3177/16/6482 251/16/6482 3138/16/6482
f 3137/16/6483 218/16/6483 3147/16/6483
f 3147/16/6484 3171/16/6484 3169/16/6484
f 3158/16/6485 3159/16/6485 3163/16/6485
f 3206/16/6486 180/16/6486 3238/16/6486
f 3189/16/6487 3158/16/6487 3157/16/6487
f 3230/16/6488 3232/16/6488 3235/16/6488
f 3203/16/6489 3208/16/6489 3209/16/6489
f 3188/2858/6490 3191/2860/6490 3190/3270/6490
f 3190/16/6491 3183/16/6491 3185/16/6491
f 191/16/6492 3200/16/6492 3203/16/6492
f 202/2849/6493 47/3194/6493 759/2850/6493
f 3181/2851/6494 759/2850/6494 760/2852/6494
f 3183/2853/6495 760/2852/6495 761/2854/6495
f 3185/2855/6496 761/2854/6496 762/2856/6496
f 762/2856/6497 763/2859/6497 3188/2858/6497
f 763/2859/6498 764/2861/6498 3191/2860/6498
f 764/2861/6499 765/2863/6499 3192/2862/6499
f 765/2863/6500 48/3174/6500 214/2834/6500
f 193/16/6501 3238/16/6501 192/16/6501
f 203/16/6502 3199/16/6502 3205/16/6502
f 205/16/6503 3179/16/6503 206/16/6503
f 3179/16/6504 3184/16/6504 3187/16/6504
f 3193/2872/6505 3194/2864/6505 3197/2866/6505
f 3194/2864/6506 3195/2874/6506 3198/2865/6506
f 191/16/6507 3197/16/6507 3200/16/6507
f 3179/16/6508 203/16/6508 3184/16/6508
f 3190/16/6509 3180/16/6509 3154/16/6509
f 3197/2866/6510 3198/2865/6510 3201/2867/6510
f 3182/16/6511 203/16/6511 3205/16/6511
f 3200/2868/6512 3201/2867/6512 3204/2869/6512
f 3187/16/6513 3155/16/6513 215/16/6513
f 3175/16/6514 3169/16/6514 3171/16/6514
f 191/3271/6515 190/2871/6515 3193/2872/6515
f 190/2871/6516 189/2873/6516 3194/2864/6516
f 189/2873/6517 188/2875/6517 3195/2874/6517
f 188/2875/6518 46/3272/6518 766/2876/6518
f 3195/2874/6519 766/2876/6519 767/2877/6519
f 3198/2865/6520 767/2877/6520 768/2878/6520
f 3201/2867/6521 768/2878/6521 769/2879/6521
f 769/2879/6522 770/2881/6522 3207/2880/6522
f 770/2881/6523 771/2883/6523 3208/2882/6523
f 771/2883/6524 772/2885/6524 3209/2884/6524
f 772/2885/6525 47/3194/6525 202/2849/6525
f 3175/16/6526 3171/16/6526 218/16/6526
f 3203/16/6527 3204/16/6527 3207/16/6527
f 3187/16/6528 216/16/6528 3179/16/6528
f 3187/16/6529 215/16/6529 216/16/6529
f 3190/16/6530 3189/16/6530 3184/16/6530
f 193/16/6531 192/16/6531 3199/16/6531
f 3210/2886/6532 3211/2889/6532 3217/2887/6532
f 3211/2889/6533 3212/2891/6533 3218/2890/6533
f 3212/2891/2864 3213/2893/2864 3219/2892/2864
f 3213/2893/6534 3214/2895/6534 3220/2894/6534
f 3214/2895/6535 3215/2897/6535 3221/2896/6535
f 3216/2888/6536 3217/2887/6536 3224/2899/6536
f 3217/2887/6537 3218/2890/6537 3225/2901/6537
f 3218/2890/6538 3219/2892/6538 3226/2902/6538
f 3219/2892/6539 3220/2894/6539 3227/2903/6539
f 3220/2894/6540 3221/2896/6540 3228/2904/6540
f 3221/2896/6541 3222/2898/6541 3229/2905/6541
f 3223/16/6542 3224/16/6542 3230/16/6542
f 3224/2899/6543 3225/2901/6543 3230/2907/6543
f 3225/2901/6544 3226/2902/6544 3231/2906/6544
f 3226/2902/6545 3227/2903/6545 3232/2908/6545
f 3227/2903/6546 3228/2904/6546 3233/2909/6546
f 3228/2904/6547 3229/2905/6547 3234/2910/6547
f 3223/16/6548 192/16/6548 3238/16/6548
f 3233/2909/6549 3236/2912/6549 3235/2911/6549
f 3234/2910/6550 3237/2914/6550 3236/2912/6550
f 3180/16/6551 3182/16/6551 3154/16/6551
f 3236/2912/6552 3240/2915/6552 3239/2913/6552
f 3237/2914/6553 3241/2917/6553 3240/2915/6553
f 3203/16/6554 3209/16/6554 202/16/6554
f 3240/2915/6555 3243/2918/6555 3242/2916/6555
f 3241/2917/6556 3244/2928/6556 3243/2918/6556
f 10/2919/6557 177/2921/6557 3210/2886/6557
f 177/2921/6558 176/2922/6558 3211/2889/6558
f 176/2922/6559 175/2923/6559 3212/2891/6559
f 175/2923/6560 174/2924/6560 3213/2893/6560
f 149/16/6561 3258/16/6561 781/16/6561
f 773/16/6562 774/16/6562 3222/16/6562
f 3229/2905/6563 774/2925/6563 775/2926/6563
f 775/16/6564 776/16/6564 3241/16/6564
f 776/2927/6565 777/2929/6565 3244/2928/6565
f 777/2929/6566 46/3272/6566 188/2875/6566
f 3244/2928/6567 188/2875/6567 189/2873/6567
f 3243/2918/6568 189/2873/6568 190/2871/6568
f 3242/2916/6569 190/2871/6569 191/3271/6569
f 3202/16/6570 191/16/6570 3205/16/6570
f 3182/16/6571 3180/16/6571 3184/16/6571
f 180/16/6572 3223/16/6572 3238/16/6572
f 179/2930/6573 3216/2888/6573 3223/2900/6573
f 178/2920/6574 3210/2886/6574 3216/2888/6574
f 161/16/6575 3253/16/6575 3252/16/6575
f 161/16/6576 160/16/6576 3246/16/6576
f 3783/16/6577 3784/16/6577 3774/16/6577
f 149/16/6578 781/16/6578 778/16/6578
f 3245/16/6579 161/16/6579 3251/16/6579
f 3248/16/6580 160/16/6580 161/16/6580
f 780/16/6581 779/16/6581 3770/16/6581
f 3249/16/6582 3245/16/6582 3262/16/6582
f 3249/16/6583 3260/16/6583 3248/16/6583
f 3246/16/6584 3257/16/6584 3253/16/6584
f 3247/16/6585 778/16/6585 779/16/6585
f 3245/16/6586 3251/16/6586 3250/16/6586
f 3260/16/6587 3249/16/6587 3262/16/6587
f 3246/16/6588 3215/16/6588 3214/16/6588
f 3251/2932/6589 3255/2936/6589 3254/2933/6589
f 3252/2935/6590 3256/2938/6590 3255/2936/6590
f 3253/2937/6591 3257/2939/6591 3256/2938/6591
f 161/16/6592 3246/16/6592 3253/16/6592
f 3258/16/6593 3260/16/6593 3259/16/6593
f 779/16/6594 778/16/6594 3762/16/6594
f 780/16/6595 3750/16/6595 773/16/6595
f 3262/16/6596 162/16/6596 152/16/6596
f 3257/2939/6597 174/2924/6597 175/2923/6597
f 3256/2938/6598 175/2923/6598 176/2922/6598
f 3255/2936/6599 176/2922/6599 177/2921/6599
f 3254/2933/6600 177/2921/6600 10/2919/6600
f 3250/2934/6601 3254/2933/6601 166/2940/6601
f 3245/16/6602 3250/16/6602 165/16/6602
f 139/16/6603 3267/16/6603 3268/16/6603
f 3263/16/6604 3779/16/6604 3784/16/6604
f 3269/16/6605 3272/16/6605 3268/16/6605
f 149/16/6606 778/16/6606 160/16/6606
f 1300/16/6607 841/16/6607 3756/16/6607
f 3274/16/6608 138/16/6608 128/16/6608
f 3749/16/6609 3761/16/6609 3752/16/6609
f 781/16/6610 3775/16/6610 582/16/6610
f 1327/16/6611 835/16/6611 1314/16/6611
f 3733/16/6612 1292/16/6612 581/16/6612
f 3774/16/6613 576/16/6613 3778/16/6613
f 577/16/6614 781/16/6614 3272/16/6614
f 3248/16/6615 3260/16/6615 3261/16/6615
f 3274/16/6616 3271/16/6616 3273/16/6616
f 3269/16/6617 3264/16/6617 783/16/6617
f 784/16/6618 3276/16/6618 3264/16/6618
f 3792/16/6619 783/16/6619 3264/16/6619
f 150/16/6620 3262/16/6620 152/16/6620
f 3268/16/6621 3264/16/6621 3269/16/6621
f 3270/16/6622 783/16/6622 3783/16/6622
f 107/16/6623 3121/16/6623 291/16/6623
f 3265/16/6624 141/16/6624 140/16/6624
f 784/16/6625 3264/16/6625 3267/16/6625
f 130/16/6626 128/16/6626 138/16/6626
f 120/16/6627 118/16/6627 3277/16/6627
f 574/16/6628 3787/16/6628 3793/16/6628
f 3787/16/6629 3791/16/6629 3793/16/6629
f 3787/16/6630 3808/16/6630 3788/16/6630
f 3271/16/6631 3280/16/6631 3273/16/6631
f 3792/16/6632 574/16/6632 782/16/6632
f 3275/16/6633 3276/16/6633 3273/16/6633
f 3272/16/6634 3269/16/6634 3270/16/6634
f 784/16/6635 138/16/6635 3274/16/6635
f 3816/16/6636 785/16/6636 3805/16/6636
f 785/16/6637 3798/16/6637 3805/16/6637
f 3284/16/6638 3808/16/6638 3787/16/6638
f 787/16/6639 785/16/6639 117/16/6639
f 3280/16/6640 3278/16/6640 117/16/6640
f 3280/16/6641 117/16/6641 785/16/6641
f 3291/16/6408 3153/16/6408 99/16/6408
f 117/16/6642 3278/16/6642 3287/16/6642
f 3279/16/6643 3277/16/6643 3278/16/6643
f 3282/16/6644 3285/16/6644 3287/16/6644
f 3283/16/6645 3823/16/6645 787/16/6645
f 3283/16/6415 3133/16/6415 3823/16/6415
f 3287/16/6646 3277/16/6646 3286/16/6646
f 788/16/6647 3127/16/6647 561/16/6647
f 789/16/6648 240/16/6648 3293/16/6648
f 3799/16/6649 3823/16/6649 3822/16/6649
f 3812/16/6650 3806/16/6650 3813/16/6650
f 3278/16/6651 3277/16/6651 3287/16/6651
f 562/16/6652 560/16/6652 1047/16/6652
f 792/16/6653 3129/16/6653 3836/16/6653
f 3821/16/6654 3825/16/6654 3796/16/6654
f 3281/16/6655 237/16/6655 3296/16/6655
f 120/16/6656 3279/16/6656 128/16/6656
f 90/16/6657 3062/16/6657 99/16/6657
f 3820/16/6658 3133/16/6658 566/16/6658
f 3128/16/6659 3294/16/6659 3139/16/6659
f 3294/16/6660 99/16/6660 98/16/6660
f 3290/16/6661 237/16/6661 3282/16/6661
f 3840/16/6410 241/16/6410 3841/16/6410
f 557/16/6662 3304/16/6662 3303/16/6662
f 120/16/6663 87/16/6663 118/16/6663
f 3291/16/6664 3124/16/6664 3128/16/6664
f 90/16/2706 252/16/2706 3062/16/2706
f 87/16/6665 109/16/6665 118/16/6665
f 544/16/6666 2620/16/6666 2621/16/6666
f 3829/16/6667 3295/16/6667 3290/16/6667
f 71/16/6668 545/16/6668 556/16/6668
f 3306/16/6669 542/16/6669 2665/16/6669
f 3843/16/6670 3310/16/6670 794/16/6670
f 558/16/6671 3298/16/6671 86/16/6671
f 1300/16/6672 3756/16/6672 3766/16/6672
f 2622/16/6673 3301/16/6673 557/16/6673
f 3302/16/6674 544/16/6674 2621/16/6674
f 3305/16/6675 3313/16/6675 3314/16/6675
f 3828/16/6444 3143/16/6444 238/16/6444
f 87/16/6676 120/16/6676 119/16/6676
f 2666/16/6677 2661/16/6677 2662/16/6677
f 3305/16/6678 688/16/6678 3307/16/6678
f 3152/16/6679 3300/16/6679 98/16/6679
f 80/16/6680 3842/16/6680 2584/16/6680
f 547/16/6681 3301/16/6681 543/16/6681
f 3316/16/6682 3305/16/6682 3314/16/6682
f 3297/16/6425 239/16/6425 3299/16/6425
f 3314/16/6683 3318/16/6683 3311/16/6683
f 2569/16/6684 967/16/6684 968/16/6684
f 968/16/6685 967/16/6685 2585/16/6685
f 795/16/6686 3318/16/6686 3315/16/6686
f 3308/16/6687 3315/16/6687 3313/16/6687
f 3847/16/6688 3855/16/6688 559/16/6688
f 3316/16/6689 689/16/6689 3305/16/6689
f 3310/16/6690 691/16/6690 794/16/6690
f 3306/16/6691 696/16/6691 542/16/6691
f 3325/16/6692 973/16/6692 974/16/6692
f 970/16/6693 3842/16/6693 972/16/6693
f 544/16/6694 3302/16/6694 545/16/6694
f 3829/16/6695 3139/16/6695 3294/16/6695
f 691/16/6696 3309/16/6696 794/16/6696
f 2138/16/6697 2158/16/6697 2153/16/6697
f 2138/16/6698 969/16/6698 973/16/6698
f 3322/16/6699 3325/16/6699 688/16/6699
f 548/16/6700 2659/16/6700 2660/16/6700
f 3324/16/6701 3322/16/6701 688/16/6701
f 3305/16/6702 3307/16/6702 3313/16/6702
f 3318/16/6703 3313/16/6703 3315/16/6703
f 3342/16/6704 3334/16/6704 3335/16/6704
f 2120/16/6705 2139/16/6705 3359/16/6705
f 976/16/6706 2552/16/6706 2569/16/6706
f 2158/16/6707 2138/16/6707 973/16/6707
f 3330/16/6708 3331/16/6708 3305/16/6708
f 558/16/6709 86/16/6709 3303/16/6709
f 695/16/6710 2667/16/6710 542/16/6710
f 3327/16/6711 3326/16/6711 3323/16/6711
f 699/16/6712 692/16/6712 2630/16/6712
f 3332/16/6713 3341/16/6713 698/16/6713
f 3336/16/6714 683/16/6714 3333/16/6714
f 974/16/6715 3339/16/6715 970/16/6715
f 699/16/6716 3329/16/6716 3319/16/6716
f 3339/16/6717 2584/16/6717 970/16/6717
f 3338/16/6718 3342/16/6718 3341/16/6718
f 3320/16/6719 3324/16/6719 3328/16/6719
f 3335/16/6720 3336/16/6720 3343/16/6720
f 3339/16/6721 974/16/6721 969/16/6721
f 2139/16/6722 2140/16/6722 2145/16/6722
f 3327/16/6723 3323/16/6723 3328/16/6723
f 974/16/6724 970/16/6724 3308/16/6724
f 3319/16/6725 3329/16/6725 3320/16/6725
f 692/16/6726 2644/16/6726 2637/16/6726
f 976/16/6727 2569/16/6727 969/16/6727
f 680/16/6728 3349/16/6728 3347/16/6728
f 2139/16/6729 2552/16/6729 3340/16/6729
f 683/16/6730 975/16/6730 3333/16/6730
f 2158/16/6731 3325/16/6731 3321/16/6731
f 3349/16/6732 70/16/6732 3352/16/6732
f 3332/16/6733 3338/16/6733 3341/16/6733
f 2098/16/6734 957/16/6734 3354/16/6734
f 700/16/6735 3344/16/6735 3351/16/6735
f 3351/16/6736 3353/16/6736 3357/16/6736
f 2671/16/6737 701/16/6737 509/16/6737
f 685/16/6738 3343/16/6738 3336/16/6738
f 3336/16/6739 3358/16/6739 3356/16/6739
f 3355/16/6740 684/16/6740 57/16/6740
f 3353/16/6741 3356/16/6741 3358/16/6741
f 3354/16/6742 957/16/6742 975/16/6742
f 2099/16/6743 2120/16/6743 956/16/6743
f 956/16/6744 3359/16/6744 2144/16/6744
f 685/16/6745 3336/16/6745 3333/16/6745
f 2099/16/6746 2115/16/6746 2120/16/6746
f 681/3273/6747 3345/3274/6747 3344/3275/6747
f 3345/16/6748 3347/16/6748 3353/16/6748
f 3334/16/6749 3358/16/6749 3335/16/6749
f 977/16/6750 2077/16/6750 979/16/6750
f 2120/16/6751 2133/16/6751 2139/16/6751
f 2137/16/6752 957/16/6752 956/16/6752
f 976/16/6753 3340/16/6753 2552/16/6753
f 2139/16/6754 962/16/6754 2144/16/6754
f 3350/16/6755 684/16/6755 3355/16/6755
f 3348/16/6756 705/16/6756 2701/16/6756
f 3370/16/6757 3362/16/6757 3360/16/6757
f 3361/16/6758 3362/16/6758 681/16/6758
f 680/16/6759 3347/16/6759 3346/16/6759
f 2696/16/6760 2694/16/6760 2697/16/6760
f 3372/16/6761 3364/16/6761 3363/16/6761
f 2036/16/6762 940/16/6762 979/16/6762
f 703/16/6763 681/16/6763 682/16/6763
f 3373/16/6764 3367/16/6764 675/16/6764
f 2707/16/6765 673/16/6765 2751/16/6765
f 3363/16/6766 3364/16/6766 680/16/6766
f 677/16/6767 676/16/6767 3367/16/6767
f 3368/16/6768 3371/16/6768 679/16/6768
f 3361/16/6769 3360/16/6769 3362/16/6769
f 3366/16/6770 677/16/6770 3367/16/6770
f 3379/16/6771 673/16/6771 2707/16/6771
f 3365/16/6772 678/16/6772 3366/16/6772
f 3363/16/6773 3370/16/6773 3372/16/6773
f 3360/16/6774 3371/16/6774 3370/16/6774
f 940/16/6775 946/16/6775 2061/16/6775
f 70/16/6776 2077/16/6776 2098/16/6776
f 704/3276/6777 3365/3277/6777 3368/3278/6777
f 3374/16/6778 3394/16/6778 672/16/6778
f 3394/16/6779 3374/16/6779 674/16/6779
f 3377/16/6780 3378/16/6780 677/16/6780
f 3374/16/6781 672/16/6781 3395/16/6781
f 3395/16/6782 672/16/6782 671/16/6782
f 3377/16/6783 3380/16/6783 3376/16/6783
f 3370/16/6784 3363/16/6784 3362/16/6784
f 3378/16/6785 3381/16/6785 675/16/6785
f 3360/16/6786 679/16/6786 3371/16/6786
f 3346/16/6787 681/16/6787 3362/16/6787
f 675/16/6788 3367/16/6788 676/16/6788
f 665/16/6789 3386/16/6789 3390/16/6789
f 3375/16/6790 3395/16/6790 671/16/6790
f 940/16/6791 939/16/6791 2018/16/6791
f 986/16/6792 981/16/6792 3396/16/6792
f 981/16/6793 1990/16/6793 1997/16/6793
f 982/16/6794 675/16/6794 3381/16/6794
f 940/16/6795 2036/16/6795 2011/16/6795
f 680/16/6796 3346/16/6796 3363/16/6796
f 3346/16/6797 3362/16/6797 3363/16/6797
f 3389/16/6798 3413/16/6798 3390/16/6798
f 3383/16/6799 3388/16/6799 3387/16/6799
f 3375/16/6800 3378/16/6800 3395/16/6800
f 3402/16/6801 668/16/6801 3406/16/6801
f 3389/16/6802 3390/16/6802 671/16/6802
f 3372/16/6803 978/16/6803 3364/16/6803
f 706/16/6804 3374/16/6804 3376/16/6804
f 3393/16/6805 985/16/6805 986/16/6805
f 2722/16/6806 706/16/6806 2751/16/6806
f 3374/16/6807 3377/16/6807 3376/16/6807
f 3392/16/6808 2732/16/6808 673/16/6808
f 2722/16/6809 2800/16/6809 710/16/6809
f 56/2943/6810 670/2946/6810 3382/2944/6810
f 669/16/6811 3383/16/6811 3385/16/6811
f 709/16/6812 3391/16/6812 710/16/6812
f 667/16/6813 3389/16/6813 3388/16/6813
f 983/16/6814 1941/16/6814 1948/16/6814
f 3393/3279/6815 984/1235/6815 985/1233/6815
f 664/16/6816 3414/16/6816 3386/16/6816
f 3383/16/6817 3387/16/6817 3385/16/6817
f 3392/16/6818 472/16/6818 2750/16/6818
f 3384/16/6819 3391/16/6819 708/16/6819
f 707/2415/6820 3382/2944/6820 3384/3280/6820
f 713/16/6821 2842/16/6821 2835/16/6821
f 3446/16/6822 3447/16/6822 660/16/6822
f 3399/16/6823 3402/16/6823 3406/16/6823
f 3400/16/6824 3407/16/6824 3405/16/6824
f 3401/16/6825 3399/16/6825 3406/16/6825
f 3402/16/6826 3403/16/6826 3409/16/6826
f 3405/16/6827 3407/16/6827 3411/16/6827
f 3404/16/6828 3411/16/6828 3410/16/6828
f 3406/16/6829 3412/16/6829 3408/16/6829
f 672/16/6830 3388/16/6830 3389/16/6830
f 665/16/6831 3413/16/6831 666/16/6831
f 3409/16/6832 666/16/6832 667/16/6832
f 3409/16/6833 667/16/6833 668/16/6833
f 669/16/6834 3384/16/6834 3382/16/6834
f 3412/16/6835 668/16/6835 669/16/6835
f 55/2951/6836 663/2954/6836 3397/2952/6836
f 662/16/6837 3398/16/6837 3399/16/6837
f 661/16/6838 660/16/6838 3403/16/6838
f 660/16/6839 659/16/6839 3404/16/6839
f 659/16/6840 658/16/6840 3400/16/6840
f 659/16/6841 3405/16/6841 3404/16/6841
f 987/16/6842 1878/16/6842 988/16/6842
f 988/16/6843 1899/16/6843 1906/16/6843
f 3407/16/6844 664/16/6844 3411/16/6844
f 3409/16/6845 3410/16/6845 666/16/6845
f 669/16/6846 668/16/6846 3383/16/6846
f 3411/16/6847 665/16/6847 3410/16/6847
f 3408/16/6848 715/16/6848 714/16/6848
f 3401/16/6849 3406/16/6849 3408/16/6849
f 3397/16/6850 3399/16/6850 3401/16/6850
f 3416/2955/6851 3423/2959/6851 3422/2956/6851
f 3417/2958/6852 3424/2961/6852 3423/2959/6852
f 3418/2960/6853 3425/2963/6853 3424/2961/6853
f 3419/2962/6854 3426/2965/6854 3425/2963/6854
f 3420/2964/6855 3427/2967/6855 3426/2965/6855
f 3421/2966/6856 3428/2973/6856 3427/2967/6856
f 3423/2959/6857 3430/2969/6857 3429/2968/6857
f 3424/2961/6858 3431/2970/6858 3430/2969/6858
f 3425/2963/6859 3432/2971/6859 3431/2970/6859
f 3426/2965/6860 3433/2972/6860 3432/2971/6860
f 3427/2967/6861 3434/2974/6861 3433/2972/6861
f 3428/2973/6862 3435/2980/6862 3434/2974/6862
f 3430/2969/6863 3437/2976/6863 3436/2975/6863
f 3431/2970/6864 3438/2977/6864 3437/2976/6864
f 3432/2971/6865 3439/2978/6865 3438/2977/6865
f 3433/2972/6866 3440/2979/6866 3439/2978/6866
f 3434/2974/6867 3441/2981/6867 3440/2979/6867
f 3435/2980/6868 3442/3002/6868 3441/2981/6868
f 3436/2975/6869 3437/2976/6869 3444/2982/6869
f 3437/2976/6870 3438/2977/6870 3445/2984/6870
f 3438/2977/6871 3439/2978/6871 3446/2985/6871
f 3439/2978/6872 3440/2979/6872 3447/2986/6872
f 3440/2979/6873 3441/2981/6873 3448/2987/6873
f 3441/2981/6874 3442/3002/6874 3449/2988/6874
f 3443/2983/6875 3444/2982/6875 3451/2989/6875
f 3444/2982/6876 3445/2984/6876 3452/2991/6876
f 3446/16/6877 3452/16/6877 3445/16/6877
f 3446/16/6878 661/16/6878 3452/16/6878
f 3447/2986/6879 3448/2987/6879 3453/2993/6879
f 3448/2987/6880 3449/2988/6880 3454/2992/6880
f 658/16/6881 3453/16/6881 3454/16/6881
f 987/16/6882 1871/16/6882 1878/16/6882
f 658/16/6883 996/16/6883 69/16/6883
f 3447/16/6884 659/16/6884 660/16/6884
f 54/2994/6885 657/2996/6885 3415/2957/6885
f 656/2995/6886 3416/2955/6886 3415/2957/6886
f 655/2997/6887 3417/2958/6887 3416/2955/6887
f 654/2998/6888 3418/2960/6888 3417/2958/6888
f 653/2999/6889 3419/2962/6889 3418/2960/6889
f 652/3000/6890 3420/2964/6890 3419/2962/6890
f 651/3001/6891 3421/2966/6891 3420/2964/6891
f 68/1029/6892 990/1083/6892 3421/2966/6892
f 990/1083/6893 991/1105/6893 3428/2973/6893
f 991/1105/6894 992/1104/6894 3435/2980/6894
f 992/1104/6895 993/1103/6895 3442/3002/6895
f 3442/3002/6896 993/1103/6896 994/1102/6896
f 3449/2988/6897 994/1102/6897 995/1101/6897
f 3454/2992/6898 995/1101/6898 996/1099/6898
f 3446/16/6899 660/16/6899 661/16/6899
f 662/16/6900 3452/16/6900 3398/16/6900
f 663/16/6901 722/16/6901 3450/16/6901
f 3443/2983/6902 3450/2990/6902 721/2558/6902
f 3436/2975/6903 3443/2983/6903 720/2557/6903
f 718/2555/6904 3429/2968/6904 3436/2975/6904
f 717/2554/6905 3422/2956/6905 3429/2968/6905
f 716/2553/6906 3415/2957/6906 3422/2956/6906
f 3455/16/6907 3461/16/6907 3464/16/6907
f 2923/16/6908 2935/16/6908 2929/16/6908
f 3471/16/6909 3483/16/6909 3482/16/6909
f 3459/3003/6910 3463/3006/6910 3462/3004/6910
f 3461/16/6911 3465/16/6911 3470/16/6911
f 3462/3004/6912 3467/3007/6912 3466/3008/6912
f 3463/3006/6913 3468/3012/6913 3467/3007/6913
f 3470/16/6914 3475/16/6914 3464/16/6914
f 3465/3010/6915 3471/3009/6915 3470/3281/6915
f 3466/3008/6916 3472/3011/6916 3471/3009/6916
f 3467/3007/6917 3473/3013/6917 3472/3011/6917
f 3468/3012/6918 3474/3041/6918 3473/3013/6918
f 3470/16/6919 3481/16/6919 3475/16/6919
f 3471/3009/6920 3472/3011/6920 3476/3015/6920
f 3472/3011/6921 3473/3013/6921 3477/3014/6921
f 3473/3013/6922 3474/3041/6922 3478/3016/6922
f 3470/16/6923 3471/16/6923 3482/16/6923
f 3476/3015/6924 3477/3014/6924 3484/3020/6924
f 3477/3014/6925 3478/3016/6925 3485/3022/6925
f 3479/3023/6926 3480/3019/6926 3487/3024/6926
f 3480/3019/6927 3481/3018/6927 3488/3026/6927
f 3481/3018/6928 3482/3028/6928 3489/3027/6928
f 3482/3028/6929 3483/3021/6929 3490/3029/6929
f 3483/3021/6930 3484/3020/6930 3491/3030/6930
f 3484/3020/6931 3485/3022/6931 3492/3031/6931
f 650/16/6932 3455/16/6932 3460/16/6932
f 2976/16/6933 2971/16/6933 369/16/6933
f 648/16/6934 3456/16/6934 3461/16/6934
f 2976/16/6935 369/16/6935 370/16/6935
f 646/3035/6936 3457/3039/6936 3456/3036/6936
f 645/3038/6937 3458/3005/6937 3457/3039/6937
f 644/3040/6938 3459/3003/6938 3458/3005/6938
f 67/958/6939 997/1012/6939 3459/3003/6939
f 997/1012/6940 998/1034/6940 3463/3006/6940
f 998/1034/6941 999/1033/6941 3468/3012/6941
f 999/1033/6942 1000/1032/6942 3474/3041/6942
f 3474/3041/6943 1000/1032/6943 1001/1031/6943
f 3478/3016/6944 1001/1031/6944 1002/1030/6944
f 3485/3022/6945 1002/1030/6945 1003/1028/6945
f 3492/3031/6946 1003/1028/6946 68/1029/6946
f 3491/3030/6947 3492/3031/6947 651/3001/6947
f 3490/3029/6948 3491/3030/6948 652/3000/6948
f 3489/3027/6949 3490/3029/6949 653/2999/6949
f 3488/3026/6950 3489/3027/6950 654/2998/6950
f 3487/3024/6951 3488/3026/6951 655/2997/6951
f 3486/3025/6952 3487/3024/6952 656/2995/6952
f 3486/3025/6953 657/2996/6953 54/2994/6953
f 3479/3023/6954 3486/3025/6954 726/2619/6954
f 3469/16/6955 3480/16/6955 3479/16/6955
f 3460/16/6956 3464/16/6956 3469/16/6956
f 3494/16/6957 3499/16/6957 3503/16/6957
f 3495/16/6958 3500/16/6958 3504/16/6958
f 3499/16/6959 3495/16/6959 3504/16/6959
f 3496/3044/6960 3501/3043/6960 3500/3282/6960
f 3497/3042/6961 3502/3045/6961 3501/3043/6961
f 3499/16/6962 3504/16/6962 3508/16/6962
f 3500/16/6963 3505/16/6963 3509/16/6963
f 3509/16/6964 3518/16/6964 3513/16/6964
f 3502/3045/6965 3506/3047/6965 3505/3046/6965
f 3518/16/6966 646/16/6966 647/16/6966
f 3509/16/6967 3514/16/6967 3519/16/6967
f 3505/3046/6968 3510/3048/6968 3509/3283/6968
f 3506/3047/6969 3511/3063/6969 3510/3048/6969
f 3509/3283/6970 3510/3048/6970 3514/3050/6970
f 3510/3048/6971 3511/3063/6971 3515/3049/6971
f 2955/16/6972 727/16/6972 728/16/6972
f 649/16/6973 3517/16/6973 648/16/6973
f 3514/3050/6974 3515/3049/6974 3520/3051/6974
f 2971/16/6975 2966/16/6975 2977/16/6975
f 3518/3284/6976 3519/3052/6976 3521/3054/6976
f 3519/3052/6977 3520/3051/6977 3522/3053/6977
f 643/16/6978 3494/16/6978 3498/16/6978
f 634/16/6979 3571/16/6979 3576/16/6979
f 641/16/6980 3495/16/6980 3499/16/6980
f 3549/16/6981 640/16/6981 641/16/6981
f 639/16/6982 3496/16/6982 3500/16/6982
f 637/3061/6983 3497/3042/6983 3496/3044/6983
f 66/941/6984 1004/940/6984 3497/3042/6984
f 1004/940/6985 1005/963/6985 3502/3045/6985
f 1005/963/6986 1006/962/6986 3506/3047/6986
f 1006/962/6987 1007/961/6987 3511/3063/6987
f 3511/3063/6988 1007/961/6988 1008/960/6988
f 3515/3049/6989 1008/960/6989 1009/959/6989
f 3520/3051/6990 1009/959/6990 1010/957/6990
f 3522/3053/6991 1010/957/6991 67/958/6991
f 3521/3054/6992 3522/3053/6992 644/3040/6992
f 368/16/6993 723/16/6993 2910/16/6993
f 3516/16/6994 649/16/6994 650/16/6994
f 3498/16/6995 3503/16/6995 3507/16/6995
f 3548/16/6996 642/16/6996 643/16/6996
f 3570/16/6997 635/16/6997 636/16/6997
f 3563/16/6998 3571/16/6998 3570/16/6998
f 3525/16/6999 3535/16/6999 3534/16/6999
f 3572/16/7000 633/16/7000 3576/16/7000
f 3556/16/7001 629/16/7001 628/16/7001
f 3529/16/7002 3534/16/7002 3539/16/7002
f 3579/16/7003 1011/16/7003 1015/16/7003
f 3536/16/7004 3551/16/7004 3545/16/7004
f 3537/16/7005 3573/16/7005 3580/16/7005
f 3533/16/7006 3539/16/7006 3543/16/7006
f 3534/16/7007 3544/16/7007 3539/16/7007
f 3535/16/7008 3536/16/7008 3545/16/7008
f 3566/16/7009 1015/16/7009 3578/16/7009
f 3540/16/7010 1685/16/7010 3530/16/7010
f 3577/16/7011 3562/16/7011 3578/16/7011
f 3542/16/7012 3604/16/7012 628/16/7012
f 347/16/7013 727/16/7013 2955/16/7013
f 3544/3285/7014 3545/3064/7014 3550/3066/7014
f 3559/16/7015 626/16/7015 3566/16/7015
f 3547/16/7016 1685/16/7016 3540/16/7016
f 3494/16/7017 641/16/7017 3499/16/7017
f 3550/3066/7018 3551/3065/7018 3554/3068/7018
f 3527/16/7019 1011/16/7019 1012/16/7019
f 51/3286/7020 636/3287/7020 3523/3288/7020
f 3523/16/7021 634/16/7021 3529/16/7021
f 634/16/7022 3524/16/7022 3529/16/7022
f 3567/16/7023 3576/16/7023 3571/16/7023
f 632/3069/7024 3525/3073/7024 3524/3070/7024
f 631/16/7025 1011/16/7025 3527/16/7025
f 1013/16/7026 898/16/7026 66/16/7026
f 3541/3289/7027 1012/888/7027 1013/890/7027
f 3580/16/7028 1685/16/7028 1684/16/7028
f 3554/3068/7029 3555/3067/7029 637/3061/7029
f 3003/16/7030 3014/16/7030 3009/16/7030
f 3509/16/7031 3519/16/7031 3518/16/7031
f 3548/16/7032 643/16/7032 52/16/7032
f 626/16/7033 3595/16/7033 3605/16/7033
f 51/16/7034 3523/16/7034 3528/16/7034
f 3542/16/7035 3599/16/7035 3600/16/7035
f 643/16/7036 642/16/7036 3494/16/7036
f 3538/16/7037 3548/16/7037 732/16/7037
f 3528/16/7038 3533/16/7038 3538/16/7038
f 730/16/7039 3538/16/7039 731/16/7039
f 734/16/7040 3570/16/7040 735/16/7040
f 3558/16/7041 3568/16/7041 3564/16/7041
f 3560/16/7042 3563/16/7042 3570/16/7042
f 307/16/7043 306/16/7043 3031/16/7043
f 3561/16/7044 1022/16/7044 1640/16/7044
f 3562/16/7045 3566/16/7045 3578/16/7045
f 3563/16/7046 3567/16/7046 3571/16/7046
f 3564/16/7047 3568/16/7047 3572/16/7047
f 3565/16/7048 1641/16/7048 885/16/7048
f 1647/16/7049 3546/16/7049 886/16/7049
f 3569/16/7050 1691/16/7050 1696/16/7050
f 3576/16/7051 633/16/7051 634/16/7051
f 891/16/7052 3540/16/7052 3530/16/7052
f 3574/16/7053 1663/16/7053 3573/16/7053
f 307/16/7054 3031/16/7054 3030/16/7054
f 52/16/7055 3498/16/7055 727/16/7055
f 3525/16/7056 3536/16/7056 3535/16/7056
f 1641/16/7057 3565/16/7057 1640/16/7057
f 1685/16/7058 3580/16/7058 3530/16/7058
f 630/16/7059 3556/16/7059 3560/16/7059
f 3556/16/7060 3557/16/7060 3564/16/7060
f 3526/16/7061 3527/16/7061 3536/16/7061
f 3042/16/7062 3052/16/7062 3046/16/7062
f 1014/16/7063 1663/16/7063 1015/16/7063
f 3578/16/7064 631/16/7064 3527/16/7064
f 3577/16/7065 3526/16/7065 632/16/7065
f 634/16/7066 635/16/7066 3571/16/7066
f 3529/16/7067 3524/16/7067 3534/16/7067
f 3575/16/7068 3566/16/7068 626/16/7068
f 727/16/7069 3507/16/7069 728/16/7069
f 3598/16/7070 628/16/7070 629/16/7070
f 3821/16/7071 3822/16/7071 3818/16/7071
f 3066/16/7072 737/16/7072 3078/16/7072
f 3590/16/7073 3591/16/7073 3599/16/7073
f 3556/16/7074 3564/16/7074 3567/16/7074
f 3584/16/7075 3588/16/7075 3592/16/7075
f 3586/3074/7076 3589/3087/7076 3588/3075/7076
f 3588/16/7077 3593/16/7077 3596/16/7077
f 3596/16/7078 3603/16/7078 627/16/7078
f 3595/16/7079 627/16/7079 3605/16/7079
f 737/16/7080 3085/16/7080 3078/16/7080
f 3595/16/7081 626/16/7081 3553/16/7081
f 3596/16/7082 3601/16/7082 3603/16/7082
f 3593/3088/7083 3597/3089/7083 3596/3290/7083
f 3596/3290/7084 3597/3089/7084 3601/3090/7084
f 3604/16/7085 3600/16/7085 627/16/7085
f 629/16/7086 3556/16/7086 630/16/7086
f 3568/16/7087 632/16/7087 3572/16/7087
f 3560/16/7088 733/16/7088 739/16/7088
f 627/16/7089 3603/16/7089 3605/16/7089
f 3598/16/7090 3599/16/7090 628/16/7090
f 3528/16/7091 3538/16/7091 730/16/7091
f 634/16/7092 633/16/7092 3524/16/7092
f 625/16/7093 3581/16/7093 3587/16/7093
f 621/16/7094 3645/16/7094 620/16/7094
f 623/3077/7095 3582/3081/7095 3581/3078/7095
f 622/3080/7096 3583/3083/7096 3582/3081/7096
f 621/3082/7097 3584/3085/7097 3583/3083/7097
f 620/3084/7098 3585/3076/7098 3584/3085/7098
f 619/3086/7099 3586/3074/7099 3585/3076/7099
f 64/715/7100 1016/769/7100 3586/3074/7100
f 1016/769/7101 1017/789/7101 3589/3087/7101
f 1017/789/7102 1018/788/7102 3593/3088/7102
f 1018/788/7103 1019/787/7103 3597/3089/7103
f 3597/3089/7104 1019/787/7104 1020/786/7104
f 3601/3090/7105 1020/786/7105 1021/784/7105
f 3603/3091/7106 1021/784/7106 1022/785/7106
f 3605/3092/7107 1022/785/7107 65/3093/7107
f 3559/16/7108 3553/16/7108 626/16/7108
f 738/16/7109 3602/16/7109 739/16/7109
f 3599/16/7110 3542/16/7110 628/16/7110
f 3523/16/7111 3529/16/7111 3533/16/7111
f 3587/16/7112 3590/16/7112 3594/16/7112
f 3607/3095/7113 3614/3099/7113 3613/3096/7113
f 3608/3098/7114 3615/3101/7114 3614/3099/7114
f 3609/3100/7115 3616/3103/7115 3615/3101/7115
f 3610/3102/7116 3617/3105/7116 3616/3103/7116
f 3611/3104/7117 3618/3107/7117 3617/3105/7117
f 3612/3106/7118 3619/3113/7118 3618/3107/7118
f 3614/3099/7119 3621/3109/7119 3620/3108/7119
f 3615/3101/7120 3622/3110/7120 3621/3109/7120
f 3616/3103/7121 3623/3111/7121 3622/3110/7121
f 3617/3105/7122 3624/3112/7122 3623/3111/7122
f 3618/3107/7123 3625/3114/7123 3624/3112/7123
f 3619/3113/7124 3626/3120/7124 3625/3114/7124
f 3621/3109/7125 3628/3116/7125 3627/3115/7125
f 3622/3110/7126 3629/3117/7126 3628/3116/7126
f 3623/3111/7127 3630/3118/7127 3629/3117/7127
f 3624/3112/7128 3631/3119/7128 3630/3118/7128
f 3625/3114/7129 3632/3121/7129 3631/3119/7129
f 3626/3120/7130 3633/3143/7130 3632/3121/7130
f 3627/3115/7131 3628/3116/7131 3634/3123/7131
f 3628/3116/7132 3629/3117/7132 3635/3122/7132
f 3629/3117/7133 3630/3118/7133 3636/3124/7133
f 3630/3118/7134 3631/3119/7134 3637/3125/7134
f 3631/3119/7135 3632/3121/7135 3638/3126/7135
f 3632/3121/7136 3633/3143/7136 3639/3127/7136
f 3556/16/7137 3567/16/7137 3563/16/7137
f 3634/16/7138 623/16/7138 624/16/7138
f 3635/3122/7139 3636/3124/7139 3641/3129/7139
f 3636/3124/7140 3637/3125/7140 3642/3128/7140
f 3637/3125/7141 3638/3126/7141 3643/3130/7141
f 3638/3126/7142 3639/3127/7142 3644/3131/7142
f 621/16/7143 622/16/7143 3641/16/7143
f 3635/16/7144 622/16/7144 623/16/7144
f 3642/3128/7145 3643/3130/7145 3645/3133/7145
f 3643/3130/7146 3644/3131/7146 3646/3132/7146
f 50/3134/7147 618/3137/7147 3606/3097/7147
f 617/3136/7148 3607/3095/7148 3606/3097/7148
f 616/3138/7149 3608/3098/7149 3607/3095/7149
f 615/3139/7150 3609/3100/7150 3608/3098/7150
f 614/3140/7151 3610/3102/7151 3609/3100/7151
f 613/3141/7152 3611/3104/7152 3610/3102/7152
f 612/3142/7153 3612/3106/7153 3611/3104/7153
f 63/649/7154 1023/698/7154 3612/3106/7154
f 1023/698/7155 1024/720/7155 3619/3113/7155
f 1024/720/7156 1025/719/7156 3626/3120/7156
f 1025/719/7157 1026/718/7157 3633/3143/7157
f 3633/3143/7158 1026/718/7158 1027/717/7158
f 3639/3127/7159 1027/717/7159 1028/716/7159
f 3644/3131/7160 1028/716/7160 1029/714/7160
f 3646/3132/7161 1029/714/7161 64/715/7161
f 3645/3133/7162 3646/3132/7162 619/3086/7162
f 3640/16/7163 624/16/7163 625/16/7163
f 3640/16/7164 625/16/7164 745/16/7164
f 3627/16/7165 3640/16/7165 744/16/7165
f 742/3144/7166 3620/3108/7166 3627/3115/7166
f 741/3145/7167 3613/3096/7167 3620/3108/7167
f 740/3135/7168 3606/3097/7168 3613/3096/7168
f 1030/16/7169 1521/16/7169 1528/16/7169
f 3649/16/7170 3664/16/7170 609/16/7170
f 3652/3146/7171 3653/3149/7171 3656/3147/7171
f 608/16/7172 611/16/7172 3650/16/7172
f 3650/16/7173 3661/16/7173 3660/16/7173
f 3651/16/7174 3668/16/7174 606/16/7174
f 3661/3154/7175 1031/648/7175 63/649/7175
f 3660/3152/7176 3661/3154/7176 612/3142/7176
f 3659/3153/7177 3660/3152/7177 613/3141/7177
f 3658/3155/7178 3659/3153/7178 614/3140/7178
f 3657/3150/7179 3658/3155/7179 615/3139/7179
f 3656/3147/7180 3657/3150/7180 616/3138/7180
f 3655/3148/7181 3656/3147/7181 617/3136/7181
f 3655/3148/7182 618/3137/7182 50/3134/7182
f 3652/3146/7183 3655/3148/7183 748/3156/7183
f 1480/16/7184 1450/16/7184 1455/16/7184
f 3114/16/7185 263/16/7185 3115/16/7185
f 1480/16/7186 1455/16/7186 1459/16/7186
f 1479/16/7187 604/16/7187 3666/16/7187
f 262/16/7188 249/16/7188 749/16/7188
f 3130/16/7189 3136/16/7189 750/16/7189
f 604/16/7190 3123/16/7190 608/16/7190
f 608/16/7191 3666/16/7191 604/16/7191
f 62/16/7192 3666/16/7192 609/16/7192
f 865/16/7193 610/16/7193 1493/16/7193
f 1508/16/7194 606/16/7194 865/16/7194
f 3662/16/7195 1446/16/7195 1450/16/7195
f 3647/16/7196 749/16/7196 3664/16/7196
f 1493/16/7197 1034/16/7197 3670/16/7197
f 1480/16/7198 3663/16/7198 3665/16/7198
f 1454/16/7199 3663/16/7199 3670/16/7199
f 3662/16/7200 1480/16/7200 3665/16/7200
f 275/16/7201 3115/16/7201 3104/16/7201
f 3667/16/7202 609/16/7202 608/16/7202
f 3122/16/7203 262/16/7203 263/16/7203
f 3120/16/7204 747/16/7204 748/16/7204
f 3677/16/7205 1479/16/7205 3666/16/7205
f 3674/16/7206 3672/16/7206 3675/16/7206
f 3673/16/7207 3674/16/7207 3678/16/7207
f 3666/16/7208 3675/16/7208 3677/16/7208
f 608/16/7209 609/16/7209 3666/16/7209
f 3117/16/7210 277/16/7210 278/16/7210
f 1454/16/7211 1427/16/7211 1428/16/7211
f 3672/16/7212 3700/16/7212 3671/16/7212
f 3693/16/7213 600/16/7213 3697/16/7213
f 1033/16/7214 1445/16/7214 61/16/7214
f 751/16/7215 3653/16/7215 746/16/7215
f 3125/16/7216 608/16/7216 3650/16/7216
f 3116/16/7217 3647/16/7217 746/16/7217
f 3669/16/7218 3674/16/7218 3673/16/7218
f 3680/3158/7219 3683/3161/7219 3682/3159/7219
f 3683/3161/7220 3688/3164/7220 3687/3162/7220
f 3684/16/7221 3692/16/7221 3691/16/7221
f 3697/16/7222 3685/16/7222 594/16/7222
f 3674/16/7223 601/16/7223 600/16/7223
f 3688/3164/7224 3691/3168/7224 3690/3165/7224
f 3689/16/7225 3728/16/7225 852/16/7225
f 3690/3165/7226 3691/3168/7226 3695/3166/7226
f 3691/3168/7227 3692/3291/7227 3696/3169/7227
f 601/16/7228 3692/16/7228 3685/16/7228
f 3694/3167/7229 3695/3166/7229 3699/3170/7229
f 3696/16/7230 3699/16/7230 3695/16/7230
f 3684/16/7231 3691/16/7231 3688/16/7231
f 1445/16/7232 605/16/7232 3676/16/7232
f 3698/3171/7233 3699/3170/7233 3702/3172/7233
f 3681/16/7234 3721/16/7234 3717/16/7234
f 3697/16/7235 3681/16/7235 3693/16/7235
f 48/3174/7236 598/3176/7236 3679/3160/7236
f 597/3175/7237 3680/3158/7237 3679/3160/7237
f 596/16/7238 3684/16/7238 3683/16/7238
f 595/16/7239 3685/16/7239 3684/16/7239
f 595/16/7240 594/16/7240 3685/16/7240
f 1427/16/7241 599/16/7241 3686/16/7241
f 61/16/7242 3700/16/7242 3693/16/7242
f 3120/16/7243 746/16/7243 747/16/7243
f 3701/3173/7244 3702/3172/7244 602/3178/7244
f 3701/3173/7245 603/3179/7245 49/3180/7245
f 3698/3171/7246 3701/3173/7246 758/2847/7246
f 3694/3167/7247 3698/3171/7247 757/2845/7247
f 3690/3165/7248 3694/3167/7248 756/2843/7248
f 754/2839/7249 3687/3162/7249 3690/3165/7249
f 753/2837/7250 3682/3159/7250 3687/3162/7250
f 752/2835/7251 3679/3160/7251 3682/3159/7251
f 3704/16/7252 3707/16/7252 3711/16/7252
f 3705/16/7253 1327/16/7253 1340/16/7253
f 3707/16/7254 3715/16/7254 3714/16/7254
f 3708/16/7255 3712/16/7255 3716/16/7255
f 3712/16/7256 3721/16/7256 3720/16/7256
f 3711/3184/7257 3714/3292/7257 3713/3185/7257
f 3712/16/7258 3720/16/7258 3716/16/7258
f 3713/3185/7259 3714/3292/7259 3719/3187/7259
f 3715/16/7260 3719/16/7260 3714/16/7260
f 3715/16/7261 3724/16/7261 3719/16/7261
f 3718/3188/7262 3719/3187/7262 3723/3189/7262
f 591/16/7263 3742/16/7263 3745/16/7263
f 3720/16/7264 3725/16/7264 3716/16/7264
f 3722/3190/7265 3723/3189/7265 3727/3192/7265
f 3724/16/7266 3727/16/7266 3723/16/7266
f 3724/16/7267 596/16/7267 3727/16/7267
f 47/3194/7268 592/3196/7268 3703/3183/7268
f 591/3195/7269 3704/3181/7269 3703/3183/7269
f 3681/16/7270 3717/16/7270 593/16/7270
f 593/16/7271 1036/16/7271 3728/16/7271
f 3715/16/7272 3716/16/7272 3725/16/7272
f 3726/3193/7273 3727/3192/7273 597/3175/7273
f 3726/3193/7274 598/3176/7274 48/3174/7274
f 3722/3190/7275 3726/3193/7275 765/2863/7275
f 3718/3188/7276 3722/3190/7276 764/2861/7276
f 3713/3185/7277 3718/3188/7277 763/2859/7277
f 761/2854/7278 3710/3186/7278 3713/3185/7278
f 760/2852/7279 3706/3182/7279 3710/3186/7279
f 759/2850/7280 3703/3183/7280 3706/3182/7280
f 3729/16/7281 3732/16/7281 3735/16/7281
f 1300/16/7282 3743/16/7282 841/16/7282
f 585/16/7283 3738/16/7283 3732/16/7283
f 3738/16/7284 3745/16/7284 3742/16/7284
f 3738/16/7285 3742/16/7285 3735/16/7285
f 3731/16/7286 768/16/7286 767/16/7286
f 3735/16/7287 3741/16/7287 3737/16/7287
f 3742/16/7288 3744/16/7288 3741/16/7288
f 3735/16/7289 3732/16/7289 3738/16/7289
f 593/16/7290 3717/16/7290 1036/16/7290
f 3704/16/7291 590/16/7291 3707/16/7291
f 3746/16/7292 1404/16/7292 1380/16/7292
f 588/16/7293 3729/16/7293 3731/16/7293
f 3755/16/7294 3770/16/7294 3749/16/7294
f 588/16/7295 766/16/7295 46/16/7295
f 585/16/7296 3739/16/7296 3738/16/7296
f 3739/16/7297 3745/16/7297 3738/16/7297
f 1035/16/7298 3734/16/7298 1379/16/7298
f 591/16/7299 3744/16/7299 3742/16/7299
f 3748/3201/7300 592/3196/7300 47/3194/7300
f 3744/3202/7301 3748/3201/7301 772/2885/7301
f 3741/3203/7302 3744/3202/7302 771/2883/7302
f 3737/3204/7303 3741/3203/7303 770/2881/7303
f 3731/16/7304 3735/16/7304 3737/16/7304
f 3754/16/7305 3759/16/7305 587/16/7305
f 3754/16/7306 3755/16/7306 3759/16/7306
f 841/16/7307 3772/16/7307 3756/16/7307
f 3762/16/7308 3777/16/7308 580/16/7308
f 3750/16/7309 774/16/7309 773/16/7309
f 3247/16/7310 160/16/7310 778/16/7310
f 3757/16/7311 3736/16/7311 585/16/7311
f 582/16/7312 3775/16/7312 3777/16/7312
f 1300/16/7313 3766/16/7313 3771/16/7313
f 3754/16/7314 3758/16/7314 3753/16/7314
f 3265/16/7315 140/16/7315 3266/16/7315
f 3758/16/7316 588/16/7316 46/16/7316
f 3753/16/7317 3758/16/7317 776/16/7317
f 3763/16/7318 3765/16/7318 1288/16/7318
f 3785/16/7319 1267/16/7319 1272/16/7319
f 3756/16/7320 3773/16/7320 3766/16/7320
f 3754/16/7321 587/16/7321 3758/16/7321
f 822/16/7322 3785/16/7322 1272/16/7322
f 3751/16/7323 3761/16/7323 3773/16/7323
f 584/16/7324 3769/16/7324 3761/16/7324
f 3772/16/7325 841/16/7325 1037/16/7325
f 3755/16/7326 3754/16/7326 3750/16/7326
f 1038/16/7327 3734/16/7327 3730/16/7327
f 3764/16/7328 580/16/7328 579/16/7328
f 579/16/7329 578/16/7329 3769/16/7329
f 3766/16/7330 578/16/7330 583/16/7330
f 583/16/7331 579/16/7331 3776/16/7331
f 3771/16/7332 3766/16/7332 583/16/7332
f 3247/16/7333 779/16/7333 780/16/7333
f 3777/16/7334 3774/16/7334 3778/16/7334
f 822/16/7335 1258/16/7335 828/16/7335
f 1318/16/7336 1039/16/7336 1292/16/7336
f 3762/16/7337 3764/16/7337 3768/16/7337
f 3765/16/7338 3763/16/7338 581/16/7338
f 3774/16/7339 3784/16/7339 576/16/7339
f 836/16/7340 1266/16/7340 1040/16/7340
f 778/16/7341 582/16/7341 3762/16/7341
f 780/16/7342 3770/16/7342 3750/16/7342
f 3768/16/7343 584/16/7343 3770/16/7343
f 3776/16/7344 579/16/7344 3778/16/7344
f 575/16/7345 3795/16/7345 3782/16/7345
f 583/16/7346 1296/16/7346 1292/16/7346
f 3778/16/7347 576/16/7347 3776/16/7347
f 3783/16/7348 577/16/7348 3270/16/7348
f 575/16/7349 3780/16/7349 1296/16/7349
f 3778/16/7350 579/16/7350 580/16/7350
f 3768/16/7351 3764/16/7351 584/16/7351
f 3783/16/7352 3774/16/7352 577/16/7352
f 1271/16/7353 3767/16/7353 1272/16/7353
f 3263/16/7354 782/16/7354 573/16/7354
f 3759/16/7355 585/16/7355 586/16/7355
f 822/16/7356 828/16/7356 1262/16/7356
f 3263/16/7357 573/16/7357 3793/16/7357
f 570/16/7358 3782/16/7358 3781/16/7358
f 583/16/7359 575/16/7359 1296/16/7359
f 1040/16/7360 1318/16/7360 3780/16/7360
f 3278/16/7361 3271/16/7361 3279/16/7361
f 3791/16/7362 3788/16/7362 3786/16/7362
f 3810/16/7363 1043/16/7363 1203/16/7363
f 3790/16/7364 1041/16/7364 570/16/7364
f 3791/16/7365 3786/16/7365 3789/16/7365
f 3274/16/7366 3279/16/7366 3271/16/7366
f 3793/16/7367 3791/16/7367 572/16/7367
f 3795/16/7368 3776/16/7368 576/16/7368
f 3275/16/7369 786/16/7369 3284/16/7369
f 3794/16/7370 570/16/7370 571/16/7370
f 569/16/7371 568/16/7371 3789/16/7371
f 3791/16/7372 3789/16/7372 3794/16/7372
f 3810/16/7373 823/16/7373 824/16/7373
f 822/16/7374 1234/16/7374 1238/16/7374
f 3273/16/7375 3280/16/7375 786/16/7375
f 3796/16/7376 3797/16/7376 3804/16/7376
f 571/16/7377 570/16/7377 3781/16/7377
f 3798/16/7378 3799/16/7378 3805/16/7378
f 3800/16/7379 1154/16/7379 1161/16/7379
f 3801/16/7380 817/16/7380 59/16/7380
f 1179/16/7381 3807/16/7381 1173/16/7381
f 1222/16/7382 3817/16/7382 1216/16/7382
f 3804/16/7383 3811/16/7383 3806/16/7383
f 3806/16/7384 3811/16/7384 569/16/7384
f 3807/16/7385 1160/16/7385 1173/16/7385
f 3809/16/7386 817/16/7386 3801/16/7386
f 3814/16/7387 1042/16/7387 59/16/7387
f 3811/16/7388 1043/16/7388 60/16/7388
f 566/16/6420 3140/16/6420 565/16/6420
f 118/16/6627 3286/16/6627 3277/16/6627
f 3799/16/7389 3822/16/7389 3824/16/7389
f 567/16/7390 1185/16/7390 816/16/7390
f 1042/16/7391 1203/16/7391 1043/16/7391
f 3797/16/7392 59/16/7392 3804/16/7392
f 1160/16/7393 1146/16/7393 1044/16/7393
f 3810/16/7394 1228/16/7394 823/16/7394
f 3817/16/7395 1203/16/7395 1216/16/7395
f 1043/16/7396 3810/16/7396 60/16/7396
f 3812/16/7397 3808/16/7397 3805/16/7397
f 3139/16/7398 107/16/7398 108/16/7398
f 3819/16/7399 1046/16/7399 3825/16/7399
f 3820/16/7400 3822/16/7400 3823/16/7400
f 3282/16/7401 3287/16/7401 3286/16/7401
f 3836/16/7402 3292/16/7402 3289/16/7402
f 803/16/7403 1134/16/7403 1140/16/7403
f 3833/16/7404 1044/16/7404 3819/16/7404
f 560/16/7405 3831/16/7405 3827/16/7405
f 3818/16/7406 564/16/7406 563/16/7406
f 3804/16/7407 1045/16/7407 3811/16/7407
f 1045/16/7408 1043/16/7408 3811/16/7408
f 3590/16/7409 3582/16/7409 3583/16/7409
f 563/16/7410 562/16/7410 3819/16/7410
f 3062/16/7411 3298/16/7411 3152/16/7411
f 3284/16/7412 3805/16/7412 3808/16/7412
f 117/16/7413 3287/16/7413 3285/16/7413
f 232/16/2807 3282/16/2807 237/16/2807
f 3844/16/7414 3854/16/7414 3849/16/7414
f 3830/16/7415 3827/16/7415 3831/16/7415
f 232/16/2749 3281/16/2749 3285/16/2749
f 3831/16/7416 562/16/7416 563/16/7416
f 3831/16/7417 563/16/7417 564/16/7417
f 787/16/7418 3285/16/7418 3283/16/7418
f 3289/16/7419 3134/16/7419 3288/16/7419
f 562/16/7420 3831/16/7420 560/16/7420
f 3833/16/7421 562/16/7421 1047/16/7421
f 3293/16/7422 3289/16/7422 3292/16/7422
f 560/16/7423 58/16/7423 1047/16/7423
f 803/16/7424 1121/16/7424 1128/16/7424
f 3830/16/7425 3831/16/7425 564/16/7425
f 3544/16/7426 640/16/7426 3549/16/7426
f 3839/16/7427 559/16/7427 3838/16/7427
f 561/16/7428 3826/16/7428 3830/16/7428
f 3141/16/7429 3281/16/7429 3148/16/7429
f 3834/16/7430 3840/16/7430 3841/16/7430
f 3838/16/7431 560/16/7431 3827/16/7431
f 3839/16/7432 3852/16/7432 559/16/7432
f 559/16/7433 3837/16/7433 3838/16/7433
f 3852/16/7434 3845/16/7434 3847/16/7434
f 971/16/7435 803/16/7435 58/16/7435
f 548/16/7436 44/16/7436 534/16/7436
f 3834/16/7437 792/16/7437 791/16/7437
f 3850/16/7438 3849/16/7438 3854/16/7438
f 795/16/7439 3845/16/7439 3311/16/7439
f 971/16/7440 58/16/7440 1048/16/7440
f 3851/16/7441 3835/16/7441 3854/16/7441
f 971/16/7442 1080/16/7442 3312/16/7442
f 3834/16/7443 3835/16/7443 3840/16/7443
f 3834/16/7444 3841/16/7444 792/16/7444
f 971/16/7445 1048/16/7445 1080/16/7445
f 2666/16/7446 695/16/7446 2620/16/7446
f 81/16/7447 1068/16/7447 1073/16/7447
f 3821/16/7448 563/16/7448 3819/16/7448
f 3848/16/7449 972/16/7449 1049/16/7449
f 3844/16/7450 3849/16/7450 3843/16/7450
f 795/16/7451 3848/16/7451 3847/16/7451
f 970/16/7452 3846/16/7452 3315/16/7452
f 3843/16/7453 794/16/7453 3844/16/7453
f 1647/16/7454 1669/16/7454 1674/16/7454
o cabeca.001
v 0.012998 0.447031 -0.231040
v 0.056728 0.446999 -0.226714
v 0.098777 0.446954 -0.213931
v 0.137526 0.446909 -0.193187
v 0.171485 0.446871 -0.165282
v 0.199369 0.446841 -0.131301
v 0.220085 0.446819 -0.092536
v 0.232841 0.446804 -0.050476
v 0.237148 0.446793 -0.006739
v 0.232840 0.446786 0.036997
v 0.220084 0.446781 0.079050
v 0.199370 0.446777 0.117806
v 0.171493 0.446774 0.151775
v 0.137525 0.446773 0.179653
v 0.098772 0.446772 0.200368
v 0.056721 0.446771 0.213124
v 0.012991 0.446772 0.217431
v -0.030740 0.446772 0.213124
v -0.072790 0.446774 0.200367
v -0.111544 0.446776 0.179651
v -0.145512 0.446779 0.151773
v -0.173388 0.446783 0.117802
v -0.194103 0.446790 0.079045
v -0.206858 0.446799 0.036989
v -0.211165 0.446812 -0.006750
v -0.206857 0.446830 -0.050492
v -0.194101 0.446856 -0.092558
v -0.173386 0.446891 -0.131333
v -0.145508 0.446933 -0.165327
v -0.111538 0.446979 -0.193232
v -0.072784 0.447018 -0.213970
v -0.030733 0.447038 -0.226738
v 0.093791 0.426177 -0.106311
v 0.040482 0.028937 -0.034210
v 0.110079 0.425570 0.087246
v 0.040482 0.028936 0.020774
v -0.071260 0.426292 -0.094554
v -0.014501 0.028937 -0.034210
v -0.051775 0.425681 0.100802
v -0.014501 0.028936 0.020773
v 0.136101 0.216437 -0.129841
v -0.110120 0.216427 0.116386
v 0.136101 0.216425 0.116387
v -0.110119 0.216441 -0.129843
v -0.119899 0.362697 0.139627
v 0.150157 0.362905 -0.150970
v 0.155052 0.362652 0.134813
v -0.126926 0.362963 -0.147362
v 0.151529 0.288711 -0.145288
v 0.151528 0.288677 0.131808
v -0.125546 0.288723 -0.145295
v -0.125547 0.288682 0.131805
v 0.104419 0.128459 -0.098151
v 0.104419 0.128455 0.084709
v -0.078439 0.128459 -0.098151
v -0.078439 0.128456 0.084709
v 0.023995 0.447024 -0.230743
v 0.034966 0.447017 -0.229929
v 0.045884 0.447008 -0.228578
v 0.067456 0.446988 -0.224274
v 0.078059 0.446977 -0.221333
v 0.088504 0.446966 -0.217876
v 0.108825 0.446943 -0.209444
v 0.118650 0.446931 -0.204490
v 0.128221 0.446920 -0.199061
v 0.146505 0.446899 -0.186826
v 0.155174 0.446889 -0.180049
v 0.163502 0.446880 -0.172857
v 0.179055 0.446863 -0.157293
v 0.186242 0.446855 -0.148960
v 0.193013 0.446848 -0.140285
v 0.205237 0.446835 -0.121991
v 0.210660 0.446829 -0.112416
v 0.215606 0.446824 -0.102587
v 0.224023 0.446815 -0.082260
v 0.227474 0.446811 -0.071812
v 0.230408 0.446807 -0.061207
v 0.234699 0.446801 -0.039631
v 0.236045 0.446798 -0.028711
v 0.236855 0.446796 -0.017738
v 0.236855 0.446791 0.004260
v 0.236045 0.446789 0.015233
v 0.234699 0.446788 0.026152
v 0.230407 0.446784 0.047727
v 0.227473 0.446783 0.058330
v 0.224022 0.446782 0.068777
v 0.215605 0.446780 0.089099
v 0.210658 0.446779 0.098926
v 0.205236 0.446778 0.108499
v 0.193016 0.446776 0.126788
v 0.186248 0.446776 0.135461
v 0.179063 0.446775 0.143791
v 0.163509 0.446774 0.159345
v 0.155179 0.446774 0.166531
v 0.146507 0.446773 0.173299
v 0.128218 0.446773 0.185520
v 0.118646 0.446772 0.190942
v 0.108820 0.446772 0.195889
v 0.088499 0.446772 0.204306
v 0.078053 0.446772 0.207757
v 0.067450 0.446772 0.210691
v 0.045878 0.446771 0.214982
v 0.034959 0.446771 0.216329
v 0.023988 0.446772 0.217138
v 0.001993 0.446772 0.217138
v -0.008978 0.446772 0.216328
v -0.019897 0.446772 0.214982
v -0.041469 0.446773 0.210691
v -0.052072 0.446773 0.207756
v -0.062518 0.446773 0.204305
v -0.082839 0.446774 0.195887
v -0.092665 0.446775 0.190941
v -0.102237 0.446775 0.185518
v -0.120525 0.446776 0.173297
v -0.129198 0.446777 0.166529
v -0.137528 0.446778 0.159343
v -0.153081 0.446780 0.143789
v -0.160266 0.446781 0.135458
v -0.167035 0.446782 0.126784
v -0.179255 0.446785 0.108494
v -0.184677 0.446786 0.098921
v -0.189623 0.446788 0.089094
v -0.198040 0.446792 0.068771
v -0.201491 0.446794 0.058324
v -0.204425 0.446796 0.047720
v -0.208716 0.446802 0.026144
v -0.210062 0.446805 0.015223
v -0.210872 0.446808 0.004250
v -0.210872 0.446816 -0.017750
v -0.210062 0.446820 -0.028724
v -0.208716 0.446825 -0.039645
v -0.204424 0.446836 -0.061225
v -0.201489 0.446842 -0.071831
v -0.198039 0.446849 -0.082281
v -0.189621 0.446864 -0.102611
v -0.184674 0.446872 -0.112442
v -0.179252 0.446881 -0.122020
v -0.167032 0.446901 -0.140320
v -0.160263 0.446911 -0.148999
v -0.153077 0.446922 -0.157336
v -0.137524 0.446945 -0.172903
v -0.129193 0.446956 -0.180095
v -0.120520 0.446968 -0.186871
v -0.102231 0.446990 -0.199105
v -0.092659 0.447000 -0.204533
v -0.082832 0.447010 -0.209485
v -0.062511 0.447026 -0.217912
v -0.052065 0.447031 -0.221366
v -0.041462 0.447036 -0.224303
v -0.019889 0.447039 -0.228596
v -0.008971 0.447038 -0.229942
v 0.002000 0.447035 -0.230750
v -0.015146 0.023518 -0.022365
v -0.015205 0.020795 -0.006718
v -0.015146 0.023517 0.008929
v 0.028637 0.023518 -0.034855
v 0.012990 0.020796 -0.034913
v -0.002657 0.023518 -0.034855
v 0.087211 0.098795 -0.080941
v 0.068464 0.069299 -0.062193
v 0.051760 0.044448 -0.045488
v -0.106775 0.382655 0.138208
v -0.089067 0.401307 0.131673
v -0.068943 0.416439 0.117526
v 0.087211 0.098792 0.067501
v 0.068464 0.069298 0.048755
v 0.051760 0.044447 0.032051
v -0.061230 0.098795 -0.080941
v -0.042483 0.069300 -0.062193
v -0.025779 0.044449 -0.045488
v 0.078967 0.428733 0.103260
v 0.032557 0.430342 0.114018
v -0.016191 0.428800 0.111511
v 0.107302 0.429248 -0.067893
v 0.117210 0.430668 -0.011309
v 0.117113 0.428882 0.046506
v -0.002657 0.023517 0.021419
v 0.012990 0.020795 0.021478
v 0.028637 0.023517 0.021419
v -0.065152 0.429016 0.062411
v -0.075738 0.430815 0.005421
v -0.077024 0.429385 -0.053148
v -0.038878 0.429534 -0.109901
v 0.008915 0.431140 -0.119906
v 0.058340 0.429464 -0.116992
v 0.041127 0.023517 0.008929
v 0.041185 0.020795 -0.006718
v 0.041127 0.023518 -0.022365
v 0.148031 0.270860 -0.141784
v 0.144252 0.252924 -0.137999
v 0.140254 0.234813 -0.133997
v -0.091126 0.154588 0.097395
v -0.099753 0.177273 0.106022
v -0.105644 0.197543 0.111911
v 0.148031 0.270834 0.128312
v 0.144251 0.252904 0.124535
v 0.140254 0.234797 0.120538
v -0.122048 0.270868 -0.141789
v -0.118269 0.252930 -0.138003
v -0.114272 0.234817 -0.134000
v -0.054335 0.216442 -0.164468
v 0.012991 0.216442 -0.176010
v 0.080317 0.216440 -0.164467
v 0.170726 0.216434 -0.074055
v 0.182267 0.216431 -0.006727
v 0.170725 0.216428 0.060601
v -0.144744 0.216431 0.060599
v -0.156286 0.216434 -0.006729
v -0.144744 0.216438 -0.074057
v 0.080316 0.216424 0.151012
v 0.012990 0.216424 0.162554
v -0.054335 0.216425 0.151012
v -0.128456 0.306557 0.134922
v -0.129499 0.324685 0.137436
v -0.127154 0.343315 0.139090
v 0.109612 0.416950 -0.123657
v 0.126968 0.401767 -0.139152
v 0.140792 0.382995 -0.147640
v 0.125578 0.416325 0.103392
v 0.140386 0.401205 0.119004
v 0.149966 0.382580 0.129250
v -0.089377 0.417070 -0.112038
v -0.107489 0.401877 -0.129300
v -0.119838 0.383081 -0.140875
v -0.065062 0.362987 -0.188495
v 0.010498 0.362983 -0.202864
v 0.086617 0.362954 -0.190383
v 0.190156 0.362840 -0.086772
v 0.204357 0.362769 -0.008868
v 0.192683 0.362703 0.069431
v -0.160231 0.362764 0.075240
v -0.175165 0.362839 -0.003078
v -0.164223 0.362910 -0.081792
v 0.093522 0.362626 0.176135
v 0.018694 0.362626 0.190917
v -0.056692 0.362650 0.178852
v 0.154941 0.343431 -0.151686
v 0.156017 0.324748 -0.150669
v 0.154506 0.306596 -0.148382
v 0.157005 0.343291 0.137063
v 0.156627 0.324672 0.136838
v 0.154581 0.306550 0.134850
v -0.130117 0.343467 -0.150172
v -0.130376 0.324772 -0.150228
v -0.128564 0.306612 -0.148335
v -0.114272 0.234799 0.120537
v -0.118270 0.252906 0.124533
v -0.122049 0.270838 0.128310
v 0.088753 0.288673 0.170774
v 0.012991 0.288673 0.183762
v -0.062772 0.288676 0.170772
v -0.164510 0.288692 0.069024
v -0.177498 0.288704 -0.006746
v -0.164509 0.288715 -0.082515
v 0.190493 0.288702 -0.082508
v 0.203480 0.288693 -0.006739
v 0.190492 0.288684 0.069029
v -0.062771 0.288725 -0.184260
v 0.012992 0.288724 -0.197247
v 0.088755 0.288719 -0.184256
v 0.131625 0.197551 -0.125362
v 0.125734 0.177279 -0.119469
v 0.117107 0.154592 -0.110840
v 0.131625 0.197542 0.111912
v 0.125734 0.177272 0.106022
v 0.117107 0.154587 0.097396
v -0.105643 0.197553 -0.125364
v -0.099753 0.177281 -0.119470
v -0.091126 0.154593 -0.110840
v -0.025779 0.044447 0.032051
v -0.042483 0.069298 0.048755
v -0.061230 0.098793 0.067501
v 0.062990 0.128455 0.110424
v 0.012990 0.128455 0.118995
v -0.037010 0.128455 0.110424
v -0.104153 0.128456 0.043280
v -0.112724 0.128457 -0.006721
v -0.104153 0.128459 -0.056722
v 0.130134 0.128458 -0.056722
v 0.138705 0.128457 -0.006721
v 0.130134 0.128456 0.043280
v -0.037010 0.128460 -0.123866
v 0.012990 0.128460 -0.132437
v 0.062991 0.128459 -0.123866
v 0.012992 0.446845 -0.006770
v 0.012996 0.446988 -0.180722
v 0.027124 0.446955 -0.150282
v 0.046915 0.446964 -0.177366
v 0.054836 0.446930 -0.144755
v 0.079530 0.446930 -0.167451
v 0.080940 0.446901 -0.133923
v 0.109585 0.446895 -0.151362
v 0.104430 0.446874 -0.118206
v 0.135926 0.446866 -0.129719
v 0.124409 0.446852 -0.098213
v 0.157552 0.446842 -0.103361
v 0.140111 0.446836 -0.074711
v 0.173621 0.446826 -0.073293
v 0.150924 0.446824 -0.048598
v 0.183515 0.446814 -0.040670
v 0.156437 0.446815 -0.020880
v 0.186855 0.446805 -0.006746
v 0.156437 0.446809 0.007380
v 0.183514 0.446799 0.027177
v 0.150924 0.446805 0.035096
v 0.173620 0.446795 0.059795
v 0.140111 0.446802 0.061203
v 0.157554 0.446792 0.089856
v 0.124412 0.446800 0.084698
v 0.135931 0.446790 0.116204
v 0.104432 0.446799 0.104679
v 0.109585 0.446789 0.137827
v 0.080938 0.446798 0.120378
v 0.079526 0.446788 0.153894
v 0.054833 0.446798 0.131191
v 0.046910 0.446788 0.163788
v 0.027119 0.446798 0.136704
v 0.012991 0.446788 0.167129
v -0.001137 0.446798 0.136704
v -0.020928 0.446789 0.163788
v -0.028850 0.446799 0.131191
v -0.053544 0.446790 0.153893
v -0.054956 0.446800 0.120377
v -0.083603 0.446791 0.137825
v -0.078450 0.446801 0.104678
v -0.109949 0.446794 0.116202
v -0.098430 0.446804 0.084696
v -0.131571 0.446797 0.089853
v -0.114128 0.446807 0.061200
v -0.147638 0.446802 0.059791
v -0.124941 0.446812 0.035091
v -0.157532 0.446809 0.027171
v -0.130453 0.446819 0.007374
v -0.160872 0.446820 -0.006755
v -0.130453 0.446830 -0.020889
v -0.157531 0.446834 -0.040683
v -0.124940 0.446844 -0.048611
v -0.147637 0.446854 -0.073311
v -0.114127 0.446863 -0.074728
v -0.131569 0.446881 -0.103386
v -0.098428 0.446888 -0.098238
v -0.109946 0.446914 -0.129753
v -0.078447 0.446917 -0.118235
v -0.083598 0.446949 -0.151396
v -0.054952 0.446945 -0.133950
v -0.053539 0.446979 -0.167481
v -0.028846 0.446964 -0.144775
v -0.020923 0.446994 -0.177384
v -0.001132 0.446968 -0.150290
v 0.064289 0.436160 -0.067244
v 0.014590 0.438539 -0.065576
v -0.034467 0.436240 -0.058484
v 0.072520 0.438263 -0.007469
v 0.021842 0.440838 -0.002397
v -0.029391 0.438348 0.002401
v 0.076559 0.435731 0.052867
v 0.028539 0.438072 0.060508
v -0.021140 0.435809 0.062221
v 0.093256 0.382567 0.170283
v 0.090706 0.401382 0.158189
v 0.084959 0.417142 0.137074
v 0.023713 0.382597 0.185829
v 0.028904 0.401618 0.173828
v 0.032379 0.417912 0.151196
v -0.046899 0.382607 0.175330
v -0.034606 0.401437 0.165268
v -0.022496 0.417203 0.144958
v -0.145933 0.382792 0.076178
v -0.125348 0.401689 0.074365
v -0.098961 0.417486 0.068312
v -0.161733 0.382943 0.000162
v -0.141152 0.402087 0.003471
v -0.112900 0.418441 0.005579
v -0.153343 0.383026 -0.076608
v -0.135707 0.402000 -0.068619
v -0.110417 0.417831 -0.058742
v -0.000080 0.011922 -0.019788
v 0.012990 0.007995 -0.019149
v 0.026060 0.011922 -0.019788
v 0.000559 0.007995 -0.006718
v 0.012990 0.003709 -0.006718
v 0.025422 0.007995 -0.006718
v -0.000080 0.011921 0.006352
v 0.012990 0.007995 0.005714
v 0.026060 0.011921 0.006352
v 0.179350 0.382919 -0.085949
v 0.162518 0.401860 -0.082258
v 0.139124 0.417677 -0.074741
v 0.193819 0.382832 -0.010684
v 0.176655 0.401939 -0.012308
v 0.151699 0.418275 -0.012788
v 0.184085 0.382693 0.065329
v 0.169438 0.401555 0.058789
v 0.147512 0.417336 0.050586
v -0.062513 0.383152 -0.181562
v -0.056976 0.402173 -0.168019
v -0.047864 0.418025 -0.145230
v 0.008373 0.383177 -0.196351
v 0.006598 0.402409 -0.182664
v 0.006420 0.418804 -0.158405
v 0.080315 0.383104 -0.185102
v 0.071776 0.402112 -0.173162
v 0.062659 0.417959 -0.151386
v -0.043948 0.154593 -0.140123
v -0.048666 0.177281 -0.151180
v -0.051887 0.197554 -0.158730
v 0.012991 0.154593 -0.149884
v 0.012991 0.177281 -0.161750
v 0.012991 0.197554 -0.169852
v 0.069929 0.154593 -0.140123
v 0.074647 0.177280 -0.151179
v 0.077869 0.197553 -0.158729
v 0.146389 0.154591 -0.063661
v 0.157443 0.177277 -0.068381
v 0.164991 0.197548 -0.071605
v 0.156150 0.154589 -0.006722
v 0.168013 0.177275 -0.006723
v 0.176113 0.197546 -0.006725
v 0.146389 0.154588 0.050217
v 0.157443 0.177274 0.054934
v 0.164991 0.197543 0.058155
v -0.120408 0.154589 0.050217
v -0.131462 0.177275 0.054934
v -0.139010 0.197545 0.058153
v -0.130169 0.154590 -0.006723
v -0.142032 0.177277 -0.006724
v -0.150131 0.197548 -0.006727
v -0.120408 0.154592 -0.063662
v -0.131462 0.177279 -0.068382
v -0.139009 0.197551 -0.071606
v 0.069929 0.154586 0.126679
v 0.074647 0.177271 0.137732
v 0.077868 0.197541 0.145278
v 0.012990 0.154586 0.136440
v 0.012990 0.177271 0.148302
v 0.012990 0.197540 0.156400
v -0.043948 0.154587 0.126679
v -0.048666 0.177272 0.137732
v -0.051888 0.197541 0.145278
v -0.064445 0.306616 -0.188178
v -0.065604 0.324778 -0.190775
v -0.065919 0.343480 -0.191175
v 0.012953 0.306613 -0.201467
v 0.012681 0.324775 -0.204371
v 0.011941 0.343476 -0.205118
v 0.090361 0.306606 -0.188202
v 0.091036 0.324765 -0.191006
v 0.090035 0.343459 -0.191967
v 0.194329 0.306584 -0.084220
v 0.196420 0.324728 -0.085598
v 0.195463 0.343394 -0.086498
v 0.207616 0.306571 -0.006777
v 0.209996 0.324707 -0.007013
v 0.209337 0.343355 -0.007644
v 0.194367 0.306559 0.070671
v 0.196735 0.324687 0.071621
v 0.196529 0.343319 0.071376
v -0.168284 0.306571 0.070756
v -0.169943 0.324707 0.072341
v -0.167817 0.343353 0.073821
v -0.181583 0.306587 -0.006695
v -0.183611 0.324732 -0.006299
v -0.181999 0.343397 -0.005209
v -0.168345 0.306601 -0.084152
v -0.170442 0.324755 -0.084987
v -0.169500 0.343437 -0.084405
v 0.090467 0.306545 0.174697
v 0.091897 0.324664 0.177410
v 0.092947 0.343276 0.178145
v 0.013080 0.306544 0.187994
v 0.013704 0.324663 0.191060
v 0.015397 0.343275 0.192265
v -0.064316 0.306548 0.174738
v -0.064560 0.324670 0.177748
v -0.062389 0.343288 0.179290
v 0.082587 0.234796 0.156332
v 0.084774 0.252901 0.161453
v 0.086841 0.270831 0.166294
v 0.012990 0.234795 0.168263
v 0.012991 0.252901 0.173759
v 0.012991 0.270830 0.178954
v -0.056606 0.234797 0.156331
v -0.058793 0.252903 0.161452
v -0.060859 0.270833 0.166293
v -0.150065 0.234804 0.062868
v -0.155187 0.252912 0.065052
v -0.160029 0.270845 0.067115
v -0.161996 0.234809 -0.006732
v -0.167493 0.252919 -0.006736
v -0.172689 0.270854 -0.006740
v -0.150065 0.234814 -0.076332
v -0.155187 0.252925 -0.078523
v -0.160029 0.270862 -0.080595
v 0.176047 0.234809 -0.076329
v 0.181169 0.252919 -0.078518
v 0.186011 0.270853 -0.080589
v 0.187977 0.234804 -0.006729
v 0.193474 0.252913 -0.006732
v 0.198671 0.270846 -0.006735
v 0.176046 0.234800 0.062870
v 0.181169 0.252908 0.065055
v 0.186011 0.270839 0.067119
v -0.056606 0.234819 -0.169794
v -0.058792 0.252932 -0.174921
v -0.060858 0.270871 -0.179770
v 0.012991 0.234818 -0.181724
v 0.012991 0.252931 -0.187226
v 0.012992 0.270870 -0.192430
v 0.082588 0.234816 -0.169792
v 0.084774 0.252928 -0.174919
v 0.086842 0.270866 -0.179767
v 0.034734 0.042948 0.040647
v 0.043504 0.068896 0.063689
v 0.053602 0.098742 0.088293
v 0.012990 0.041635 0.042922
v 0.012990 0.068495 0.068457
v 0.012990 0.098692 0.095197
v -0.008753 0.042948 0.040647
v -0.017524 0.068896 0.063689
v -0.027621 0.098742 0.088293
v -0.034374 0.042948 0.015025
v -0.057417 0.068897 0.023795
v -0.082021 0.098743 0.033892
v -0.036649 0.041636 -0.006718
v -0.062185 0.068496 -0.006719
v -0.088925 0.098694 -0.006720
v -0.034374 0.042949 -0.028462
v -0.057417 0.068898 -0.037233
v -0.082021 0.098745 -0.047332
v 0.060355 0.042948 -0.028462
v 0.083397 0.068898 -0.037233
v 0.108002 0.098744 -0.047332
v 0.062630 0.041636 -0.006718
v 0.088166 0.068496 -0.006719
v 0.114906 0.098693 -0.006720
v 0.060355 0.042948 0.015025
v 0.083397 0.068897 0.023795
v 0.108002 0.098743 0.033892
v -0.008753 0.042949 -0.054083
v -0.017524 0.068898 -0.077127
v -0.027621 0.098745 -0.101732
v 0.012990 0.041637 -0.056358
v 0.012990 0.068497 -0.081895
v 0.012990 0.098695 -0.108637
v 0.034734 0.042949 -0.054083
v 0.043504 0.068898 -0.077127
v 0.053602 0.098745 -0.101732
vn -0.0005 -1.0000 -0.0008
vn -0.0007 -1.0000 -0.0008
vn -0.0008 -1.0000 -0.0008
vn -0.0006 -1.0000 -0.0008
vn -0.0005 -1.0000 -0.0006
vn -0.0003 -1.0000 -0.0005
vn -0.0003 -1.0000 -0.0003
vn -0.0002 -1.0000 -0.0003
vn -0.0002 -1.0000 -0.0002
vn -0.0001 -1.0000 -0.0003
vn -0.0000 -1.0000 -0.0003
vn 0.0001 -1.0000 -0.0003
vn 0.0002 -1.0000 -0.0003
vn 0.0001 -1.0000 -0.0004
vn 0.0002 -1.0000 -0.0005
vn 0.0002 -1.0000 -0.0007
vn 0.0003 -1.0000 -0.0008
vn 0.0004 -1.0000 -0.0010
vn 0.0005 -1.0000 -0.0010
vn 0.0003 -1.0000 -0.0010
vn -0.0000 -1.0000 -0.0009
vn -0.0004 -1.0000 -0.0008
vn -0.0008 -1.0000 -0.0009
vn -0.0007 -1.0000 -0.0009
vn -0.0006 -1.0000 -0.0007
vn -0.0004 -1.0000 -0.0006
vn -0.0005 -1.0000 -0.0007
vn -0.0003 -1.0000 -0.0004
vn -0.0004 -1.0000 -0.0005
vn 0.0002 -1.0000 -0.0004
vn 0.0002 -1.0000 -0.0006
vn 0.0003 -1.0000 -0.0007
vn 0.0004 -1.0000 -0.0009
vn 0.0005 -1.0000 -0.0011
vn -0.0002 -1.0000 -0.0009
vn 0.0001 -1.0000 -0.0009
vn 0.0465 0.9981 -0.0416
vn -0.0513 0.9982 -0.0304
vn 0.0546 0.9978 0.0381
vn -0.0439 0.9979 0.0485
vn 0.1453 0.9794 -0.1406
vn 0.0422 0.9894 -0.1387
vn -0.0622 0.9901 -0.1261
vn -0.1614 0.9812 -0.1059
vn -0.1616 0.9866 -0.0206
vn -0.1542 0.9861 0.0615
vn -0.1411 0.9793 0.1450
vn -0.0394 0.9886 0.1452
vn 0.0678 0.9884 0.1359
vn 0.1738 0.9775 0.1194
vn 0.1705 0.9849 0.0303
vn 0.1602 0.9856 -0.0548
vn 0.1988 0.5165 0.8329
vn 0.1575 0.8004 0.5783
vn -0.1190 0.5405 0.8329
vn -0.0784 0.8123 0.5780
vn 0.5456 0.2975 0.7835
vn 0.5004 0.5574 0.6625
vn 0.3808 0.8016 0.4609
vn 0.2461 0.9276 0.2810
vn 0.1010 0.9449 0.3114
vn -0.0474 0.9470 0.3178
vn -0.1847 0.9352 0.3020
vn -0.2928 0.8316 0.4719
vn -0.4115 0.6237 0.6646
vn -0.4879 0.3775 0.7870
vn -0.1474 0.2604 0.9542
vn 0.1998 0.2368 0.9508
vn -0.6741 0.7237 0.1477
vn -0.4971 0.8595 0.1193
vn -0.6951 0.7160 -0.0646
vn -0.5093 0.8599 -0.0340
vn -0.7298 0.5060 0.4597
vn -0.6025 0.6998 0.3839
vn -0.4413 0.8505 0.2861
vn -0.2955 0.9356 0.1932
vn -0.3115 0.9464 0.0856
vn -0.3198 0.9473 -0.0188
vn -0.3207 0.9384 -0.1290
vn -0.4767 0.8529 -0.2126
vn -0.6527 0.6854 -0.3228
vn -0.7756 0.4689 -0.4226
vn -0.8413 0.5304 -0.1041
vn -0.8195 0.5492 0.1640
vn -0.2871 -0.9139 -0.2871
vn 0.2871 -0.9139 -0.2871
vn -0.2871 -0.9139 0.2871
vn 0.2871 -0.9139 0.2871
vn -0.4530 -0.7679 -0.4530
vn -0.1684 -0.7798 -0.6030
vn 0.1684 -0.7798 -0.6030
vn 0.4530 -0.7679 -0.4530
vn 0.6030 -0.7798 -0.1684
vn 0.6030 -0.7798 0.1683
vn 0.4530 -0.7679 0.4530
vn 0.1684 -0.7798 0.6030
vn -0.1684 -0.7798 0.6030
vn -0.4530 -0.7679 0.4530
vn -0.6030 -0.7798 0.1683
vn -0.6030 -0.7798 -0.1684
vn 0.7340 0.6636 -0.1445
vn 0.5387 0.8348 -0.1134
vn 0.7540 0.6508 0.0892
vn 0.5573 0.8285 0.0554
vn 0.7648 0.4333 -0.4768
vn 0.6428 0.6523 -0.4018
vn 0.4679 0.8334 -0.2942
vn 0.3088 0.9314 -0.1926
vn 0.3301 0.9407 -0.0786
vn 0.3447 0.9381 0.0333
vn 0.3517 0.9238 0.1516
vn 0.5252 0.8144 0.2467
vn 0.7020 0.6147 0.3595
vn 0.8068 0.3851 0.4482
vn 0.8881 0.4426 0.1238
vn 0.8728 0.4601 -0.1629
vn -0.1749 0.5823 -0.7939
vn -0.1352 0.8291 -0.5426
vn 0.1239 0.5753 -0.8085
vn 0.0840 0.8241 -0.5602
vn -0.5238 0.3794 -0.7627
vn -0.4610 0.6319 -0.6231
vn -0.3402 0.8410 -0.4207
vn -0.2214 0.9410 -0.2557
vn -0.0889 0.9518 -0.2936
vn 0.0517 0.9496 -0.3093
vn 0.1890 0.9347 -0.3010
vn 0.2988 0.8270 -0.4763
vn 0.4179 0.6109 -0.6724
vn 0.4917 0.3610 -0.7924
vn 0.1508 0.3063 -0.9399
vn -0.1855 0.3123 -0.9317
vn -0.1502 -0.4582 -0.8761
vn -0.1572 -0.3665 -0.9170
vn 0.1502 -0.4582 -0.8761
vn 0.1572 -0.3665 -0.9170
vn -0.4384 -0.5558 -0.7063
vn -0.4672 -0.4639 -0.7527
vn -0.4896 -0.3716 -0.7888
vn -0.5013 -0.3103 -0.8077
vn -0.1609 -0.3059 -0.9384
vn 0.1609 -0.3059 -0.9384
vn 0.5013 -0.3103 -0.8077
vn 0.4896 -0.3716 -0.7888
vn 0.4672 -0.4640 -0.7527
vn 0.4384 -0.5558 -0.7063
vn 0.1411 -0.5497 -0.8234
vn -0.1411 -0.5497 -0.8234
vn 0.8761 -0.4581 -0.1502
vn 0.9171 -0.3664 -0.1572
vn 0.8761 -0.4581 0.1502
vn 0.9171 -0.3664 0.1572
vn 0.7063 -0.5558 -0.4384
vn 0.7527 -0.4639 -0.4672
vn 0.7888 -0.3715 -0.4896
vn 0.8077 -0.3103 -0.5013
vn 0.9384 -0.3058 -0.1609
vn 0.9384 -0.3058 0.1609
vn 0.8077 -0.3102 0.5013
vn 0.7888 -0.3715 0.4896
vn 0.7527 -0.4639 0.4672
vn 0.7063 -0.5558 0.4384
vn 0.8234 -0.5497 0.1411
vn 0.8234 -0.5497 -0.1412
vn -0.8761 -0.4581 0.1502
vn -0.9171 -0.3664 0.1572
vn -0.8761 -0.4581 -0.1502
vn -0.9171 -0.3664 -0.1572
vn -0.7063 -0.5558 0.4384
vn -0.7527 -0.4639 0.4672
vn -0.7889 -0.3715 0.4896
vn -0.8077 -0.3102 0.5013
vn -0.9384 -0.3058 0.1608
vn -0.9384 -0.3058 -0.1609
vn -0.8077 -0.3103 -0.5013
vn -0.7888 -0.3715 -0.4896
vn -0.7527 -0.4639 -0.4672
vn -0.7063 -0.5558 -0.4384
vn -0.8234 -0.5496 -0.1412
vn -0.8234 -0.5496 0.1411
vn 0.1502 -0.4581 0.8761
vn 0.1572 -0.3664 0.9171
vn -0.1502 -0.4581 0.8761
vn -0.1572 -0.3664 0.9171
vn 0.4384 -0.5558 0.7063
vn 0.4672 -0.4639 0.7527
vn 0.4896 -0.3715 0.7888
vn 0.5014 -0.3102 0.8077
vn 0.1609 -0.3058 0.9384
vn -0.1609 -0.3058 0.9384
vn -0.5014 -0.3102 0.8077
vn -0.4896 -0.3715 0.7888
vn -0.4672 -0.4639 0.7527
vn -0.4384 -0.5558 0.7063
vn -0.1412 -0.5497 0.8234
vn 0.1412 -0.5497 0.8234
vn -0.1681 -0.1541 -0.9736
vn -0.1736 -0.0350 -0.9842
vn 0.1665 -0.1549 -0.9738
vn 0.1670 -0.0372 -0.9853
vn -0.5137 -0.2282 -0.8271
vn -0.5235 -0.1466 -0.8393
vn -0.5344 -0.0085 -0.8452
vn -0.5378 0.1720 -0.8253
vn -0.1801 0.1207 -0.9762
vn 0.1629 0.1167 -0.9797
vn 0.5206 0.1591 -0.8389
vn 0.5273 -0.0157 -0.8495
vn 0.5215 -0.1492 -0.8401
vn 0.5134 -0.2285 -0.8271
vn 0.1646 -0.2263 -0.9601
vn -0.1647 -0.2262 -0.9601
vn 0.9774 -0.1279 -0.1683
vn 0.9845 0.0356 -0.1716
vn 0.9774 -0.1312 0.1660
vn 0.9862 0.0267 0.1631
vn 0.8275 -0.2266 -0.5136
vn 0.8417 -0.1363 -0.5225
vn 0.8493 0.0191 -0.5276
vn 0.8282 0.2206 -0.5152
vn 0.9541 0.2460 -0.1707
vn 0.9614 0.2309 0.1498
vn 0.8475 0.1809 0.4990
vn 0.8543 -0.0036 0.5197
vn 0.8419 -0.1446 0.5198
vn 0.8275 -0.2276 0.5133
vn 0.9609 -0.2227 0.1645
vn 0.9609 -0.2223 -0.1648
vn -0.9796 -0.1088 0.1692
vn -0.9811 0.0864 0.1733
vn -0.9796 -0.1133 -0.1657
vn -0.9843 0.0744 -0.1600
vn -0.8280 -0.2245 0.5139
vn -0.8432 -0.1220 0.5236
vn -0.8477 0.0573 0.5274
vn -0.8128 0.2853 0.5080
vn -0.9286 0.3289 0.1721
vn -0.9406 0.3097 -0.1394
vn -0.8363 0.2497 -0.4881
vn -0.8545 0.0363 -0.5182
vn -0.8438 -0.1299 -0.5206
vn -0.8279 -0.2257 -0.5135
vn -0.9615 -0.2202 -0.1646
vn -0.9616 -0.2195 0.1649
vn 0.1683 -0.1645 0.9719
vn 0.1752 -0.0641 0.9824
vn -0.1661 -0.1613 0.9728
vn -0.1659 -0.0554 0.9846
vn 0.5135 -0.2296 0.8268
vn 0.5228 -0.1588 0.8376
vn 0.5350 -0.0423 0.8438
vn 0.5452 0.1109 0.8310
vn 0.1859 0.0665 0.9803
vn -0.1608 0.0827 0.9835
vn -0.5195 0.1715 0.8371
vn -0.5274 -0.0090 0.8496
vn -0.5217 -0.1466 0.8404
vn -0.5136 -0.2279 0.8272
vn -0.1645 -0.2269 0.9599
vn 0.1647 -0.2273 0.9598
vn 0.1619 -0.2866 0.9443
vn 0.1625 -0.2746 0.9477
vn -0.1619 -0.2866 0.9443
vn -0.1625 -0.2746 0.9477
vn 0.5036 -0.2972 0.8112
vn 0.5046 -0.2908 0.8129
vn 0.5065 -0.2787 0.8160
vn 0.5092 -0.2605 0.8203
vn 0.1633 -0.2567 0.9526
vn -0.1633 -0.2567 0.9526
vn -0.5092 -0.2605 0.8203
vn -0.5065 -0.2787 0.8160
vn -0.5046 -0.2908 0.8129
vn -0.5036 -0.2971 0.8112
vn -0.1616 -0.2929 0.9424
vn 0.1616 -0.2929 0.9424
vn -0.9443 -0.2866 0.1618
vn -0.9477 -0.2746 0.1624
vn -0.9443 -0.2866 -0.1619
vn -0.9477 -0.2746 -0.1625
vn -0.8113 -0.2971 0.5035
vn -0.8129 -0.2908 0.5045
vn -0.8160 -0.2786 0.5064
vn -0.8204 -0.2605 0.5091
vn -0.9526 -0.2566 0.1633
vn -0.9526 -0.2567 -0.1633
vn -0.8203 -0.2606 -0.5091
vn -0.8160 -0.2788 -0.5065
vn -0.8129 -0.2909 -0.5046
vn -0.8112 -0.2972 -0.5035
vn -0.9424 -0.2929 -0.1616
vn -0.9424 -0.2929 0.1615
vn 0.9443 -0.2867 -0.1619
vn 0.9477 -0.2747 -0.1625
vn 0.9443 -0.2866 0.1619
vn 0.9477 -0.2746 0.1624
vn 0.8112 -0.2972 -0.5035
vn 0.8129 -0.2909 -0.5045
vn 0.8160 -0.2788 -0.5064
vn 0.8203 -0.2607 -0.5091
vn 0.9526 -0.2567 -0.1633
vn 0.9526 -0.2567 0.1633
vn 0.8203 -0.2605 0.5091
vn 0.8160 -0.2787 0.5064
vn 0.8129 -0.2908 0.5045
vn 0.8113 -0.2972 0.5035
vn 0.9424 -0.2929 0.1615
vn 0.9424 -0.2929 -0.1616
vn -0.1619 -0.2868 -0.9442
vn -0.1625 -0.2749 -0.9477
vn 0.1619 -0.2868 -0.9442
vn 0.1625 -0.2749 -0.9477
vn -0.5035 -0.2973 -0.8112
vn -0.5045 -0.2910 -0.8129
vn -0.5064 -0.2789 -0.8159
vn -0.5091 -0.2608 -0.8202
vn -0.1633 -0.2570 -0.9525
vn 0.1633 -0.2570 -0.9525
vn 0.5091 -0.2608 -0.8202
vn 0.5065 -0.2789 -0.8159
vn 0.5046 -0.2910 -0.8129
vn 0.5035 -0.2973 -0.8112
vn 0.1616 -0.2930 -0.9424
vn -0.1615 -0.2930 -0.9424
vn 0.1195 -0.6828 0.7207
vn 0.1262 -0.6569 0.7434
vn -0.1195 -0.6828 0.7207
vn -0.1262 -0.6569 0.7434
vn 0.3634 -0.7087 0.6047
vn 0.3814 -0.6807 0.6255
vn 0.3952 -0.6594 0.6396
vn 0.4118 -0.6243 0.6638
vn 0.1326 -0.6188 0.7743
vn -0.1326 -0.6188 0.7742
vn -0.4118 -0.6243 0.6638
vn -0.3952 -0.6593 0.6396
vn -0.3814 -0.6807 0.6255
vn -0.3634 -0.7087 0.6047
vn -0.1201 -0.7144 0.6894
vn 0.1201 -0.7144 0.6894
vn -0.7207 -0.6828 0.1195
vn -0.7434 -0.6569 0.1262
vn -0.7207 -0.6828 -0.1195
vn -0.7434 -0.6569 -0.1262
vn -0.6048 -0.7087 0.3634
vn -0.6255 -0.6807 0.3814
vn -0.6396 -0.6593 0.3952
vn -0.6638 -0.6243 0.4118
vn -0.7743 -0.6188 0.1326
vn -0.7742 -0.6188 -0.1326
vn -0.6638 -0.6243 -0.4118
vn -0.6396 -0.6594 -0.3952
vn -0.6255 -0.6807 -0.3814
vn -0.6047 -0.7087 -0.3634
vn -0.6894 -0.7144 -0.1201
vn -0.6894 -0.7144 0.1201
vn 0.7207 -0.6828 -0.1195
vn 0.7434 -0.6569 -0.1262
vn 0.7207 -0.6828 0.1195
vn 0.7434 -0.6569 0.1262
vn 0.6047 -0.7087 -0.3634
vn 0.6255 -0.6807 -0.3814
vn 0.6396 -0.6594 -0.3952
vn 0.6638 -0.6243 -0.4118
vn 0.7742 -0.6188 -0.1326
vn 0.7743 -0.6188 0.1326
vn 0.6638 -0.6243 0.4118
vn 0.6396 -0.6593 0.3952
vn 0.6255 -0.6807 0.3814
vn 0.6048 -0.7087 0.3634
vn 0.6894 -0.7144 0.1201
vn 0.6894 -0.7144 -0.1201
vn -0.1195 -0.6828 -0.7207
vn -0.1262 -0.6569 -0.7434
vn 0.1195 -0.6828 -0.7207
vn 0.1262 -0.6569 -0.7434
vn -0.3634 -0.7087 -0.6048
vn -0.3814 -0.6807 -0.6255
vn -0.3952 -0.6594 -0.6396
vn -0.4118 -0.6243 -0.6638
vn -0.1326 -0.6189 -0.7742
vn 0.1326 -0.6189 -0.7742
vn 0.4118 -0.6243 -0.6638
vn 0.3952 -0.6594 -0.6396
vn 0.3814 -0.6807 -0.6255
vn 0.3634 -0.7087 -0.6048
vn 0.1201 -0.7144 -0.6894
vn -0.1201 -0.7144 -0.6894
vt 0.750000 0.435323
vt 0.765051 0.402814
vt 0.750000 0.250000
vt 0.734949 0.402814
vt 0.786155 0.431762
vt 0.794574 0.396941
vt 0.820920 0.421216
vt 0.822385 0.385422
vt 0.852960 0.404090
vt 0.847413 0.368698
vt 0.881043 0.381043
vt 0.868698 0.347413
vt 0.904090 0.352960
vt 0.885422 0.322384
vt 0.921216 0.320920
vt 0.896941 0.294574
vt 0.931762 0.286155
vt 0.902814 0.265051
vt 0.935323 0.250000
vt 0.902814 0.234949
vt 0.931762 0.213845
vt 0.896941 0.205426
vt 0.921216 0.179080
vt 0.885422 0.177616
vt 0.904090 0.147040
vt 0.868698 0.152587
vt 0.881043 0.118957
vt 0.847413 0.131302
vt 0.852960 0.095910
vt 0.822384 0.114578
vt 0.820920 0.078784
vt 0.794574 0.103059
vt 0.786155 0.068238
vt 0.765051 0.097186
vt 0.750000 0.064677
vt 0.734949 0.097186
vt 0.713845 0.068238
vt 0.705426 0.103059
vt 0.679080 0.078784
vt 0.677616 0.114578
vt 0.647040 0.095910
vt 0.652587 0.131302
vt 0.618957 0.118957
vt 0.631302 0.152587
vt 0.595910 0.147040
vt 0.614578 0.177616
vt 0.578784 0.179080
vt 0.603059 0.205426
vt 0.568238 0.213845
vt 0.597186 0.234949
vt 0.564677 0.250000
vt 0.597186 0.265051
vt 0.568238 0.286155
vt 0.603059 0.294574
vt 0.578784 0.320920
vt 0.614578 0.322384
vt 0.595910 0.352960
vt 0.631302 0.347413
vt 0.618957 0.381043
vt 0.652587 0.368698
vt 0.647040 0.404090
vt 0.677616 0.385422
vt 0.679080 0.421216
vt 0.705426 0.396941
vt 0.713845 0.431762
vt 0.750000 0.490000
vt 0.761706 0.488847
vt 0.738295 0.488847
vt 0.773411 0.487694
vt 0.726589 0.487694
vt 0.796822 0.485389
vt 0.808077 0.481974
vt 0.785116 0.486541
vt 0.819333 0.478560
vt 0.841844 0.471731
vt 0.852217 0.466187
vt 0.830589 0.475145
vt 0.862591 0.460642
vt 0.883337 0.449553
vt 0.892429 0.442091
vt 0.872964 0.455097
vt 0.901521 0.434629
vt 0.919706 0.419706
vt 0.927168 0.410613
vt 0.910614 0.427167
vt 0.934629 0.401521
vt 0.949553 0.383337
vt 0.955097 0.372964
vt 0.942091 0.392429
vt 0.960642 0.362590
vt 0.971731 0.341844
vt 0.975146 0.330588
vt 0.966187 0.352217
vt 0.978560 0.319333
vt 0.985389 0.296822
vt 0.986541 0.285116
vt 0.981974 0.308077
vt 0.987694 0.273411
vt 0.990000 0.250000
vt 0.988847 0.238295
vt 0.988847 0.261705
vt 0.987694 0.226589
vt 0.985389 0.203178
vt 0.981974 0.191923
vt 0.986541 0.214884
vt 0.978560 0.180667
vt 0.971731 0.158156
vt 0.966187 0.147783
vt 0.975146 0.169412
vt 0.960642 0.137410
vt 0.949553 0.116663
vt 0.942091 0.107571
vt 0.955097 0.127036
vt 0.934629 0.098479
vt 0.919706 0.080294
vt 0.910614 0.072833
vt 0.927168 0.089387
vt 0.901521 0.065371
vt 0.883337 0.050447
vt 0.872964 0.044903
vt 0.892429 0.057909
vt 0.862591 0.039358
vt 0.841844 0.028269
vt 0.830589 0.024855
vt 0.852217 0.033814
vt 0.819333 0.021440
vt 0.796822 0.014612
vt 0.785116 0.013459
vt 0.808077 0.018026
vt 0.773411 0.012306
vt 0.750000 0.010000
vt 0.738295 0.011153
vt 0.761706 0.011153
vt 0.726589 0.012306
vt 0.703178 0.014612
vt 0.691923 0.018026
vt 0.714884 0.013459
vt 0.680667 0.021440
vt 0.658156 0.028269
vt 0.647783 0.033814
vt 0.669412 0.024855
vt 0.637410 0.039358
vt 0.616663 0.050447
vt 0.607571 0.057909
vt 0.627036 0.044903
vt 0.598479 0.065371
vt 0.580294 0.080294
vt 0.572833 0.089387
vt 0.589387 0.072833
vt 0.565371 0.098479
vt 0.550447 0.116663
vt 0.544903 0.127036
vt 0.557909 0.107571
vt 0.539358 0.137410
vt 0.528269 0.158156
vt 0.524855 0.169412
vt 0.533814 0.147783
vt 0.521440 0.180667
vt 0.514612 0.203178
vt 0.513459 0.214884
vt 0.518026 0.191923
vt 0.512306 0.226589
vt 0.510000 0.250000
vt 0.511153 0.261705
vt 0.511153 0.238295
vt 0.512306 0.273411
vt 0.514612 0.296822
vt 0.518026 0.308077
vt 0.513459 0.285116
vt 0.521440 0.319333
vt 0.528269 0.341844
vt 0.533814 0.352217
vt 0.524855 0.330588
vt 0.539358 0.362590
vt 0.550447 0.383337
vt 0.557909 0.392429
vt 0.544903 0.372964
vt 0.565371 0.401521
vt 0.580294 0.419706
vt 0.589387 0.427167
vt 0.572833 0.410613
vt 0.598479 0.434629
vt 0.616663 0.449553
vt 0.627036 0.455097
vt 0.607571 0.442091
vt 0.637410 0.460642
vt 0.658156 0.471731
vt 0.669412 0.475145
vt 0.647783 0.466187
vt 0.680667 0.478560
vt 0.703178 0.485389
vt 0.714884 0.486541
vt 0.691923 0.481974
vt 0.694872 0.562500
vt 0.751948 0.562500
vt 0.752834 0.625000
vt 0.697772 0.625000
vt 0.812744 0.562500
vt 0.812854 0.625000
vt 0.751948 0.687500
vt 0.694872 0.687500
vt 0.812744 0.687500
vt 0.625000 0.500000
vt 0.687500 0.500000
vt 0.648422 0.562500
vt 0.750000 0.500000
vt 0.812500 0.500000
vt 0.875000 0.500000
vt 0.875000 0.562500
vt 0.875000 0.625000
vt 0.875000 0.687500
vt 0.875000 0.750000
vt 0.812500 0.750000
vt 0.750000 0.750000
vt 0.687500 0.750000
vt 0.648422 0.687500
vt 0.625000 0.750000
vt 0.653337 0.625000
vt 0.590976 0.812500
vt 0.602233 0.812500
vt 0.602125 0.875000
vt 0.590909 0.875000
vt 0.613711 0.812500
vt 0.613521 0.875000
vt 0.602078 0.937500
vt 0.590761 0.937500
vt 0.613515 0.937500
vt 0.580101 0.750000
vt 0.591062 0.750000
vt 0.580090 0.812500
vt 0.602856 0.750000
vt 0.615649 0.750000
vt 0.625000 0.812500
vt 0.625000 0.875000
vt 0.625000 0.937500
vt 0.625000 1.000000
vt 0.613507 1.000000
vt 0.602013 1.000000
vt 0.590520 1.000000
vt 0.579777 0.937500
vt 0.579026 1.000000
vt 0.580012 0.875000
vt 0.590761 0.062500
vt 0.602078 0.062500
vt 0.602125 0.125000
vt 0.590909 0.125000
vt 0.613515 0.062500
vt 0.613521 0.125000
vt 0.602145 0.187500
vt 0.590965 0.187500
vt 0.613523 0.187500
vt 0.579026 0.000000
vt 0.590520 0.000000
vt 0.579777 0.062500
vt 0.602013 0.000000
vt 0.613507 0.000000
vt 0.625000 0.000000
vt 0.625000 0.062500
vt 0.625000 0.125000
vt 0.625000 0.187500
vt 0.625000 0.250000
vt 0.613523 0.250000
vt 0.602148 0.250000
vt 0.590973 0.250000
vt 0.580090 0.187500
vt 0.580101 0.250000
vt 0.580012 0.125000
vt 0.187300 0.562500
vt 0.248399 0.562500
vt 0.247671 0.625000
vt 0.187209 0.625000
vt 0.306442 0.562500
vt 0.304059 0.625000
vt 0.248399 0.687500
vt 0.187300 0.687500
vt 0.306442 0.687500
vt 0.125000 0.500000
vt 0.187500 0.500000
vt 0.125000 0.562500
vt 0.250000 0.500000
vt 0.312500 0.500000
vt 0.375000 0.500000
vt 0.355753 0.562500
vt 0.351715 0.625000
vt 0.355753 0.687500
vt 0.375000 0.750000
vt 0.312500 0.750000
vt 0.250000 0.750000
vt 0.187500 0.750000
vt 0.125000 0.687500
vt 0.125000 0.750000
vt 0.125000 0.625000
vt 0.591228 0.562500
vt 0.604184 0.562500
vt 0.604981 0.625000
vt 0.591328 0.625000
vt 0.621084 0.562500
vt 0.623796 0.625000
vt 0.604184 0.687500
vt 0.591228 0.687500
vt 0.621084 0.687500
vt 0.580101 0.500000
vt 0.591062 0.500000
vt 0.580101 0.562500
vt 0.602856 0.500000
vt 0.615649 0.500000
vt 0.580101 0.687500
vt 0.580101 0.625000
vt 0.590973 0.312500
vt 0.602148 0.312500
vt 0.602148 0.375000
vt 0.590973 0.375000
vt 0.613523 0.312500
vt 0.613523 0.375000
vt 0.602236 0.437500
vt 0.590984 0.437500
vt 0.613712 0.437500
vt 0.580101 0.312500
vt 0.625000 0.312500
vt 0.625000 0.375000
vt 0.625000 0.437500
vt 0.580101 0.437500
vt 0.580101 0.375000
vt 0.465211 0.312500
vt 0.477781 0.312500
vt 0.477781 0.375000
vt 0.465211 0.375000
vt 0.489012 0.312500
vt 0.489012 0.375000
vt 0.477781 0.437500
vt 0.465211 0.437500
vt 0.489012 0.437500
vt 0.450731 0.250000
vt 0.465211 0.250000
vt 0.450731 0.312500
vt 0.477781 0.250000
vt 0.489012 0.250000
vt 0.499475 0.250000
vt 0.499475 0.312500
vt 0.499475 0.375000
vt 0.499475 0.437500
vt 0.499475 0.500000
vt 0.489012 0.500000
vt 0.477781 0.500000
vt 0.465211 0.500000
vt 0.450731 0.437500
vt 0.450731 0.500000
vt 0.450731 0.375000
vt 0.465211 0.562500
vt 0.477781 0.562500
vt 0.477781 0.625000
vt 0.465211 0.625000
vt 0.489012 0.562500
vt 0.489012 0.625000
vt 0.477781 0.687500
vt 0.465211 0.687500
vt 0.489012 0.687500
vt 0.450731 0.562500
vt 0.499475 0.562500
vt 0.499475 0.625000
vt 0.499475 0.687500
vt 0.499475 0.750000
vt 0.489012 0.750000
vt 0.477781 0.750000
vt 0.465211 0.750000
vt 0.450731 0.687500
vt 0.450731 0.750000
vt 0.450731 0.625000
vt 0.466523 0.062500
vt 0.478246 0.062500
vt 0.477930 0.125000
vt 0.465609 0.125000
vt 0.489170 0.062500
vt 0.489061 0.125000
vt 0.477800 0.187500
vt 0.465261 0.187500
vt 0.489018 0.187500
vt 0.457347 0.000000
vt 0.468010 0.000000
vt 0.452730 0.062500
vt 0.478674 0.000000
vt 0.489337 0.000000
vt 0.500000 0.000000
vt 0.499634 0.062500
vt 0.499519 0.125000
vt 0.499481 0.187500
vt 0.450800 0.187500
vt 0.451283 0.125000
vt 0.465261 0.812500
vt 0.477800 0.812500
vt 0.477930 0.875000
vt 0.465609 0.875000
vt 0.489018 0.812500
vt 0.489061 0.875000
vt 0.478246 0.937500
vt 0.466523 0.937500
vt 0.489170 0.937500
vt 0.450800 0.812500
vt 0.499481 0.812500
vt 0.499519 0.875000
vt 0.499634 0.937500
vt 0.500000 1.000000
vt 0.489337 1.000000
vt 0.478674 1.000000
vt 0.468010 1.000000
vt 0.452730 0.937500
vt 0.457347 1.000000
vt 0.451283 0.875000
vt 0.549402 0.312500
vt 0.559400 0.312500
vt 0.559400 0.375000
vt 0.549402 0.375000
vt 0.569599 0.312500
vt 0.569599 0.375000
vt 0.559400 0.437500
vt 0.549402 0.437500
vt 0.569599 0.437500
vt 0.539507 0.250000
vt 0.549402 0.250000
vt 0.539506 0.312500
vt 0.559400 0.250000
vt 0.569599 0.250000
vt 0.569599 0.500000
vt 0.559400 0.500000
vt 0.549402 0.500000
vt 0.539507 0.437500
vt 0.539507 0.500000
vt 0.539506 0.375000
vt 0.549402 0.562500
vt 0.559400 0.562500
vt 0.559400 0.625000
vt 0.549402 0.625000
vt 0.569599 0.562500
vt 0.569599 0.625000
vt 0.559400 0.687500
vt 0.549402 0.687500
vt 0.569599 0.687500
vt 0.539506 0.562500
vt 0.569599 0.750000
vt 0.559400 0.750000
vt 0.549402 0.750000
vt 0.539507 0.687500
vt 0.539507 0.750000
vt 0.539507 0.625000
vt 0.549393 0.062501
vt 0.559329 0.062500
vt 0.559377 0.125000
vt 0.549399 0.125000
vt 0.569387 0.062500
vt 0.569535 0.125000
vt 0.559397 0.187500
vt 0.549402 0.187500
vt 0.569591 0.187500
vt 0.539503 0.000001
vt 0.549384 0.000001
vt 0.539506 0.062501
vt 0.559265 0.000001
vt 0.569146 0.000000
vt 0.539507 0.187500
vt 0.539506 0.125000
vt 0.549402 0.812500
vt 0.559397 0.812500
vt 0.559377 0.875000
vt 0.549399 0.875000
vt 0.569591 0.812500
vt 0.569535 0.875000
vt 0.559329 0.937500
vt 0.549393 0.937499
vt 0.569387 0.937500
vt 0.539507 0.812500
vt 0.569146 1.000000
vt 0.559265 1.000000
vt 0.549384 0.999999
vt 0.539505 0.937499
vt 0.539503 0.999999
vt 0.539506 0.875000
vt 0.509658 0.812500
vt 0.519688 0.812500
vt 0.519697 0.875000
vt 0.509686 0.875000
vt 0.529621 0.812500
vt 0.529622 0.875000
vt 0.519720 0.937500
vt 0.509758 0.937500
vt 0.529624 0.937500
vt 0.509654 0.750000
vt 0.519686 0.750000
vt 0.529621 0.750000
vt 0.529627 0.999999
vt 0.519752 1.000000
vt 0.509876 1.000000
vt 0.509758 0.062500
vt 0.519720 0.062500
vt 0.519697 0.125000
vt 0.509686 0.125000
vt 0.529624 0.062501
vt 0.529622 0.125000
vt 0.519688 0.187500
vt 0.509658 0.187500
vt 0.529621 0.187500
vt 0.509876 0.000000
vt 0.519752 0.000001
vt 0.529627 0.000001
vt 0.529621 0.250000
vt 0.519686 0.250000
vt 0.509654 0.250000
vt 0.509654 0.562500
vt 0.519686 0.562500
vt 0.519686 0.625000
vt 0.509654 0.625000
vt 0.529621 0.562500
vt 0.529621 0.625000
vt 0.519686 0.687500
vt 0.509654 0.687500
vt 0.529621 0.687500
vt 0.509654 0.500000
vt 0.519686 0.500000
vt 0.529621 0.500000
vt 0.509654 0.312500
vt 0.519686 0.312500
vt 0.519686 0.375000
vt 0.509654 0.375000
vt 0.529621 0.312500
vt 0.529621 0.375000
vt 0.519686 0.437500
vt 0.509654 0.437500
vt 0.529621 0.437500
vt 0.395331 0.812500
vt 0.415291 0.812500
vt 0.415485 0.875000
vt 0.395501 0.875000
vt 0.434010 0.812500
vt 0.434366 0.875000
vt 0.415777 0.937500
vt 0.395537 0.937500
vt 0.435277 0.937500
vt 0.393737 0.750000
vt 0.375000 0.812500
vt 0.414765 0.750000
vt 0.433897 0.750000
vt 0.436760 1.000000
vt 0.416174 1.000000
vt 0.395587 1.000000
vt 0.375000 0.937500
vt 0.375000 1.000000
vt 0.375000 0.875000
vt 0.395537 0.062500
vt 0.415777 0.062500
vt 0.415484 0.125000
vt 0.395501 0.125000
vt 0.435277 0.062500
vt 0.434366 0.125000
vt 0.415364 0.187500
vt 0.395486 0.187500
vt 0.434019 0.187500
vt 0.375000 0.000000
vt 0.395587 0.000000
vt 0.375000 0.062500
vt 0.416174 0.000000
vt 0.436760 0.000000
vt 0.433969 0.250000
vt 0.415347 0.250000
vt 0.395483 0.250000
vt 0.375000 0.187500
vt 0.375000 0.250000
vt 0.375000 0.125000
vt 0.389271 0.562500
vt 0.413673 0.562500
vt 0.413018 0.625000
vt 0.387043 0.625000
vt 0.433760 0.562500
vt 0.433678 0.625000
vt 0.413673 0.687500
vt 0.389271 0.687500
vt 0.433760 0.687500
vt 0.393737 0.500000
vt 0.414765 0.500000
vt 0.433897 0.500000
vt 0.395483 0.312500
vt 0.415347 0.312500
vt 0.415347 0.375000
vt 0.395483 0.375000
vt 0.433969 0.312500
vt 0.433969 0.375000
vt 0.415274 0.437500
vt 0.395329 0.437500
vt 0.433960 0.437500
vt 0.375000 0.312500
vt 0.375000 0.437500
vt 0.375000 0.375000
s 0
usemtl Material.002
f 4141/3293/7455 4142/3294/7455 4140/3295/7455 4204/3296/7455
f 4143/3297/7456 4144/3298/7456 4140/3295/7456 4142/3294/7456
f 4145/3299/7457 4146/3300/7457 4140/3295/7457 4144/3298/7457
f 4147/3301/7458 4148/3302/7458 4140/3295/7458 4146/3300/7458
f 4149/3303/7459 4150/3304/7459 4140/3295/7459 4148/3302/7459
f 4151/3305/7460 4152/3306/7460 4140/3295/7460 4150/3304/7460
f 4153/3307/7461 4154/3308/7461 4140/3295/7461 4152/3306/7461
f 4155/3309/7462 4156/3310/7462 4140/3295/7462 4154/3308/7462
f 4157/3311/7463 4158/3312/7463 4140/3295/7463 4156/3310/7463
f 4159/3313/7463 4160/3314/7463 4140/3295/7463 4158/3312/7463
f 4161/3315/7463 4162/3316/7463 4140/3295/7463 4160/3314/7463
f 4163/3317/7463 4164/3318/7463 4140/3295/7463 4162/3316/7463
f 4165/3319/7462 4166/3320/7462 4140/3295/7462 4164/3318/7462
f 4167/3321/7462 4168/3322/7462 4140/3295/7462 4166/3320/7462
f 4169/3323/7464 4170/3324/7464 4140/3295/7464 4168/3322/7464
f 4171/3325/7464 4172/3326/7464 4140/3295/7464 4170/3324/7464
f 4173/3327/7465 4174/3328/7465 4140/3295/7465 4172/3326/7465
f 4175/3329/7465 4176/3330/7465 4140/3295/7465 4174/3328/7465
f 4177/3331/7466 4178/3332/7466 4140/3295/7466 4176/3330/7466
f 4179/3333/7466 4180/3334/7466 4140/3295/7466 4178/3332/7466
f 4181/3335/7466 4182/3336/7466 4140/3295/7466 4180/3334/7466
f 4183/3337/7467 4184/3338/7467 4140/3295/7467 4182/3336/7467
f 4185/3339/7467 4186/3340/7467 4140/3295/7467 4184/3338/7467
f 4187/3341/7467 4188/3342/7467 4140/3295/7467 4186/3340/7467
f 4189/3343/7468 4190/3344/7468 4140/3295/7468 4188/3342/7468
f 4191/3345/7469 4192/3346/7469 4140/3295/7469 4190/3344/7469
f 4193/3347/7470 4194/3348/7470 4140/3295/7470 4192/3346/7470
f 4195/3349/7471 4196/3350/7471 4140/3295/7471 4194/3348/7471
f 4197/3351/7472 4198/3352/7472 4140/3295/7472 4196/3350/7472
f 4199/3353/7473 4200/3354/7473 4140/3295/7473 4198/3352/7473
f 4201/3355/7474 4202/3356/7474 4140/3295/7474 4200/3354/7474
f 4203/3357/7475 4204/3296/7475 4140/3295/7475 4202/3356/7475
f 3856/3358/7455 3912/3359/7455 4141/3293/7455 4007/3360/7455
f 3912/3359/7458 3913/3361/7458 4142/3294/7458 4141/3293/7458
f 4007/3360/7476 4141/3293/7476 4204/3296/7476 4006/3362/7476
f 3857/3363/7477 3915/3364/7477 4143/3297/7477 3914/3365/7477
f 3915/3364/7477 3916/3366/7477 4144/3298/7477 4143/3297/7477
f 3914/3365/7478 4143/3297/7478 4142/3294/7478 3913/3361/7478
f 3858/3367/7457 3918/3368/7457 4145/3299/7457 3917/3369/7457
f 3918/3368/7457 3919/3370/7457 4146/3300/7457 4145/3299/7457
f 3917/3369/7477 4145/3299/7477 4144/3298/7477 3916/3366/7477
f 3859/3371/7458 3921/3372/7458 4147/3301/7458 3920/3373/7458
f 3921/3372/7479 3922/3374/7479 4148/3302/7479 4147/3301/7479
f 3920/3373/7456 4147/3301/7456 4146/3300/7456 3919/3370/7456
f 3860/3375/7459 3924/3376/7459 4149/3303/7459 3923/3377/7459
f 3924/3376/7480 3925/3378/7480 4150/3304/7480 4149/3303/7480
f 3923/3377/7481 4149/3303/7481 4148/3302/7481 3922/3374/7481
f 3861/3379/7460 3927/3380/7460 4151/3305/7460 3926/3381/7460
f 3927/3380/7482 3928/3382/7482 4152/3306/7482 4151/3305/7482
f 3926/3381/7483 4151/3305/7483 4150/3304/7483 3925/3378/7483
f 3862/3383/7461 3930/3384/7461 4153/3307/7461 3929/3385/7461
f 3930/3384/7461 3931/3386/7461 4154/3308/7461 4153/3307/7461
f 3929/3385/7482 4153/3307/7482 4152/3306/7482 3928/3382/7482
f 3863/3387/7463 3933/3388/7463 4155/3309/7463 3932/3389/7463
f 3933/3388/7463 3934/3390/7463 4156/3310/7463 4155/3309/7463
f 3932/3389/7462 4155/3309/7462 4154/3308/7462 3931/3386/7462
f 3864/3391/7463 3936/3392/7463 4157/3311/7463 3935/3393/7463
f 3936/3392/7463 3937/3394/7463 4158/3312/7463 4157/3311/7463
f 3935/3393/7463 4157/3311/7463 4156/3310/7463 3934/3390/7463
f 3865/3395/7463 3939/3396/7463 4159/3313/7463 3938/3397/7463
f 3939/3396/7463 3940/3398/7463 4160/3314/7463 4159/3313/7463
f 3938/3397/7463 4159/3313/7463 4158/3312/7463 3937/3394/7463
f 3866/3399/7463 3942/3400/7463 4161/3315/7463 3941/3401/7463
f 3942/3400/7463 3943/3402/7463 4162/3316/7463 4161/3315/7463
f 3941/3401/7463 4161/3315/7463 4160/3314/7463 3940/3398/7463
f 3867/3403/7463 3945/3404/7463 4163/3317/7463 3944/3405/7463
f 3945/3404/7463 3946/3406/7463 4164/3318/7463 4163/3317/7463
f 3944/3405/7463 4163/3317/7463 4162/3316/7463 3943/3402/7463
f 3868/3407/7462 3948/3408/7462 4165/3319/7462 3947/3409/7462
f 3948/3408/7462 3949/3410/7462 4166/3320/7462 4165/3319/7462
f 3947/3409/7463 4165/3319/7463 4164/3318/7463 3946/3406/7463
f 3869/3411/7462 3951/3412/7462 4167/3321/7462 3950/3413/7462
f 3951/3412/7464 3952/3414/7464 4168/3322/7464 4167/3321/7464
f 3950/3413/7462 4167/3321/7462 4166/3320/7462 3949/3410/7462
f 3870/3415/7464 3954/3416/7464 4169/3323/7464 3953/3417/7464
f 3954/3416/7464 3955/3418/7464 4170/3324/7464 4169/3323/7464
f 3953/3417/7464 4169/3323/7464 4168/3322/7464 3952/3414/7464
f 3871/3419/7464 3957/3420/7464 4171/3325/7464 3956/3421/7464
f 3957/3420/7465 3958/3422/7465 4172/3326/7465 4171/3325/7465
f 3956/3421/7464 4171/3325/7464 4170/3324/7464 3955/3418/7464
f 3872/3423/7465 3960/3424/7465 4173/3327/7465 3959/3425/7465
f 3960/3424/7465 3961/3426/7465 4174/3328/7465 4173/3327/7465
f 3959/3425/7465 4173/3327/7465 4172/3326/7465 3958/3422/7465
f 3873/3427/7465 3963/3428/7465 4175/3329/7465 3962/3429/7465
f 3963/3428/7466 3964/3430/7466 4176/3330/7466 4175/3329/7466
f 3962/3429/7465 4175/3329/7465 4174/3328/7465 3961/3426/7465
f 3874/3431/7466 3966/3432/7466 4177/3331/7466 3965/3433/7466
f 3966/3432/7466 3967/3434/7466 4178/3332/7466 4177/3331/7466
f 3965/3433/7466 4177/3331/7466 4176/3330/7466 3964/3430/7466
f 3875/3435/7466 3969/3436/7466 4179/3333/7466 3968/3437/7466
f 3969/3436/7466 3970/3438/7466 4180/3334/7466 4179/3333/7466
f 3968/3437/7466 4179/3333/7466 4178/3332/7466 3967/3434/7466
f 3876/3439/7467 3972/3440/7467 4181/3335/7467 3971/3441/7467
f 3972/3440/7467 3973/3442/7467 4182/3336/7467 4181/3335/7467
f 3971/3441/7466 4181/3335/7466 4180/3334/7466 3970/3438/7466
f 3877/3443/7467 3975/3444/7467 4183/3337/7467 3974/3445/7467
f 3975/3444/7467 3976/3446/7467 4184/3338/7467 4183/3337/7467
f 3974/3445/7467 4183/3337/7467 4182/3336/7467 3973/3442/7467
f 3878/3447/7467 3978/3448/7467 4185/3339/7467 3977/3449/7467
f 3978/3448/7467 3979/3450/7467 4186/3340/7467 4185/3339/7467
f 3977/3449/7467 4185/3339/7467 4184/3338/7467 3976/3446/7467
f 3879/3451/7467 3981/3452/7467 4187/3341/7467 3980/3453/7467
f 3981/3452/7467 3982/3454/7467 4188/3342/7467 4187/3341/7467
f 3980/3453/7467 4187/3341/7467 4186/3340/7467 3979/3450/7467
f 3880/3455/7484 3984/3456/7484 4189/3343/7484 3983/3457/7484
f 3984/3456/7484 3985/3458/7484 4190/3344/7484 4189/3343/7484
f 3983/3457/7467 4189/3343/7467 4188/3342/7467 3982/3454/7467
f 3881/3459/7469 3987/3460/7469 4191/3345/7469 3986/3461/7469
f 3987/3460/7469 3988/3462/7469 4192/3346/7469 4191/3345/7469
f 3986/3461/7484 4191/3345/7484 4190/3344/7484 3985/3458/7484
f 3882/3463/7485 3990/3464/7485 4193/3347/7485 3989/3465/7485
f 3990/3464/7486 3991/3466/7486 4194/3348/7486 4193/3347/7486
f 3989/3465/7485 4193/3347/7485 4192/3346/7485 3988/3462/7485
f 3883/3467/7471 3993/3468/7471 4195/3349/7471 3992/3469/7471
f 3993/3468/7487 3994/3470/7487 4196/3350/7487 4195/3349/7487
f 3992/3469/7471 4195/3349/7471 4194/3348/7471 3991/3466/7471
f 3884/3471/7473 3996/3472/7473 4197/3351/7473 3995/3473/7473
f 3996/3472/7473 3997/3474/7473 4198/3352/7473 4197/3351/7473
f 3995/3473/7472 4197/3351/7472 4196/3350/7472 3994/3470/7472
f 3885/3475/7488 3999/3476/7488 4199/3353/7488 3998/3477/7488
f 3999/3476/7473 4000/3478/7473 4200/3354/7473 4199/3353/7473
f 3998/3477/7488 4199/3353/7488 4198/3352/7488 3997/3474/7488
f 3886/3479/7472 4002/3480/7472 4201/3355/7472 4001/3481/7472
f 4002/3480/7474 4003/3482/7474 4202/3356/7474 4201/3355/7474
f 4001/3481/7472 4201/3355/7472 4200/3354/7472 4000/3478/7472
f 3887/3483/7475 4005/3484/7475 4203/3357/7475 4004/3485/7475
f 4005/3484/7489 4006/3362/7489 4204/3296/7489 4203/3357/7489
f 4004/3485/7490 4203/3357/7490 4202/3356/7490 4003/3482/7490
f 4205/3486/7491 4206/3487/7491 4209/3488/7491 4208/3489/7491
f 4206/3487/7492 4207/3490/7492 4210/3491/7492 4209/3488/7492
f 4208/3489/7493 4209/3488/7493 4212/3492/7493 4211/3493/7493
f 4209/3488/7494 4210/3491/7494 4213/3494/7494 4212/3492/7494
f 3888/3495/7495 4040/3496/7495 4205/3486/7495 4029/3497/7495
f 4040/3496/7496 4039/3498/7496 4206/3487/7496 4205/3486/7496
f 4039/3498/7497 4038/3499/7497 4207/3490/7497 4206/3487/7497
f 4038/3499/7498 3892/3500/7498 4037/3501/7498 4207/3490/7498
f 4207/3490/7499 4037/3501/7499 4036/3502/7499 4210/3491/7499
f 4210/3491/7500 4036/3502/7500 4035/3503/7500 4213/3494/7500
f 4213/3494/7501 4035/3503/7501 3894/3504/7501 4028/3505/7501
f 4212/3492/7502 4213/3494/7502 4028/3505/7502 4027/3506/7502
f 4211/3493/7503 4212/3492/7503 4027/3506/7503 4026/3507/7503
f 4031/3508/7504 4211/3493/7504 4026/3507/7504 3890/3509/7504
f 4030/3510/7505 4208/3489/7505 4211/3493/7505 4031/3508/7505
f 4029/3497/7506 4205/3486/7506 4208/3489/7506 4030/3510/7506
f 4214/3511/7507 4215/3512/7507 4218/3513/7507 4217/3514/7507
f 4215/3512/7508 4216/3515/7508 4219/3516/7508 4218/3513/7508
f 4217/3514/7509 4218/3513/7509 4221/3517/7509 4220/3518/7509
f 4218/3513/7510 4219/3516/7510 4222/3519/7510 4221/3517/7510
f 3902/3520/7511 4076/3521/7511 4214/3511/7511 4089/3522/7511
f 4076/3521/7512 4075/3523/7512 4215/3512/7512 4214/3511/7512
f 4075/3523/7513 4074/3524/7513 4216/3515/7513 4215/3512/7513
f 4074/3524/7514 3890/3509/7514 4026/3525/7514 4216/3515/7514
f 4216/3515/7515 4026/3525/7515 4027/3526/7515 4219/3516/7515
f 4219/3516/7516 4027/3526/7516 4028/3527/7516 4222/3519/7516
f 4222/3519/7517 4028/3527/7517 3894/3528/7517 4019/3529/7517
f 4221/3517/7518 4222/3519/7518 4019/3529/7518 4018/3530/7518
f 4220/3518/7519 4221/3517/7519 4018/3530/7519 4017/3531/7519
f 4091/3532/7520 4220/3518/7520 4017/3531/7520 3900/3533/7520
f 4090/3534/7521 4217/3514/7521 4220/3518/7521 4091/3532/7521
f 4089/3522/7522 4214/3511/7522 4217/3514/7522 4090/3534/7522
f 4223/3535/7523 4224/3536/7523 4227/3537/7523 4226/3538/7523
f 4224/3536/7524 4225/3539/7524 4228/3540/7524 4227/3537/7524
f 4226/3538/7525 4227/3537/7525 4230/3541/7525 4229/3542/7525
f 4227/3537/7526 4228/3540/7526 4231/3543/7526 4230/3541/7526
f 3900/3544/7527 4017/3545/7527 4223/3535/7527 4086/3546/7527
f 4017/3545/7528 4018/3547/7528 4224/3536/7528 4223/3535/7528
f 4018/3547/7529 4019/3548/7529 4225/3539/7529 4224/3536/7529
f 4019/3548/7530 3894/3549/7530 4035/3550/7530 4225/3539/7530
f 4225/3539/7531 4035/3550/7531 4036/3551/7531 4228/3540/7531
f 4228/3540/7532 4036/3551/7532 4037/3552/7532 4231/3543/7532
f 4231/3543/7533 4037/3552/7533 3892/3553/7533 4077/3554/7533
f 4230/3541/7534 4231/3543/7534 4077/3554/7534 4078/3555/7534
f 4229/3542/7535 4230/3541/7535 4078/3555/7535 4079/3556/7535
f 4088/3557/7536 4229/3542/7536 4079/3556/7536 3903/3558/7536
f 4087/3559/7537 4226/3538/7537 4229/3542/7537 4088/3557/7537
f 4086/3546/7538 4223/3535/7538 4226/3538/7538 4087/3559/7538
f 4232/3560/7539 4233/3561/7539 4236/3562/7539 4235/3563/7539
f 4233/3561/7540 4234/3564/7540 4237/3565/7540 4236/3562/7540
f 4235/3563/7541 4236/3562/7541 4239/3566/7541 4238/3567/7541
f 4236/3562/7542 4237/3565/7542 4240/3568/7542 4239/3566/7542
f 3893/3569/7543 4013/3570/7543 4232/3560/7543 4008/3571/7543
f 4013/3570/7544 4012/3572/7544 4233/3561/7544 4232/3560/7544
f 4012/3572/7545 4011/3573/7545 4234/3564/7545 4233/3561/7545
f 4011/3573/7546 3889/3574/7546 4043/3575/7546 4234/3564/7546
f 4234/3564/7547 4043/3575/7547 4042/3576/7547 4237/3565/7547
f 4237/3565/7548 4042/3576/7548 4041/3577/7548 4240/3568/7548
f 4240/3568/7549 4041/3577/7549 3891/3578/7549 4034/3579/7549
f 4239/3566/7550 4240/3568/7550 4034/3579/7550 4033/3580/7550
f 4238/3567/7551 4239/3566/7551 4033/3580/7551 4032/3581/7551
f 4010/3582/7552 4238/3567/7552 4032/3581/7552 3895/3583/7552
f 4009/3584/7553 4235/3563/7553 4238/3567/7553 4010/3582/7553
f 4008/3571/7554 4232/3560/7554 4235/3563/7554 4009/3584/7554
f 4241/3585/7555 4242/3586/7555 4245/3587/7555 4244/3588/7555
f 4242/3586/7556 4243/3589/7556 4246/3590/7556 4245/3587/7556
f 4244/3588/7557 4245/3587/7557 4248/3591/7557 4247/3592/7557
f 4245/3587/7558 4246/3590/7558 4249/3593/7558 4248/3591/7558
f 3901/3594/7559 4073/3595/7559 4241/3585/7559 4083/3596/7559
f 4073/3595/7560 4072/3597/7560 4242/3586/7560 4241/3585/7560
f 4072/3597/7561 4071/3598/7561 4243/3589/7561 4242/3586/7561
f 4071/3598/7562 3888/3495/7562 4029/3497/7562 4243/3589/7562
f 4243/3589/7563 4029/3497/7563 4030/3510/7563 4246/3590/7563
f 4246/3590/7564 4030/3510/7564 4031/3508/7564 4249/3593/7564
f 4249/3593/7565 4031/3508/7565 3890/3509/7565 4074/3524/7565
f 4248/3591/7566 4249/3593/7566 4074/3524/7566 4075/3523/7566
f 4247/3592/7567 4248/3591/7567 4075/3523/7567 4076/3521/7567
f 4085/3599/7568 4247/3592/7568 4076/3521/7568 3902/3520/7568
f 4084/3600/7569 4244/3588/7569 4247/3592/7569 4085/3599/7569
f 4083/3596/7570 4241/3585/7570 4244/3588/7570 4084/3600/7570
f 4250/3601/7571 4251/3602/7571 4254/3603/7571 4253/3604/7571
f 4251/3602/7572 4252/3605/7572 4255/3606/7572 4254/3603/7572
f 4253/3604/7573 4254/3603/7573 4257/3607/7573 4256/3608/7573
f 4254/3603/7574 4255/3606/7574 4258/3609/7574 4257/3607/7574
f 3903/3558/7575 4079/3556/7575 4250/3601/7575 4080/3610/7575
f 4079/3556/7576 4078/3555/7576 4251/3602/7576 4250/3601/7576
f 4078/3555/7577 4077/3554/7577 4252/3605/7577 4251/3602/7577
f 4077/3554/7578 3892/3553/7578 4038/3611/7578 4252/3605/7578
f 4252/3605/7579 4038/3611/7579 4039/3612/7579 4255/3606/7579
f 4255/3606/7580 4039/3612/7580 4040/3613/7580 4258/3609/7580
f 4258/3609/7581 4040/3613/7581 3888/3495/7581 4071/3598/7581
f 4257/3607/7582 4258/3609/7582 4071/3598/7582 4072/3597/7582
f 4256/3608/7583 4257/3607/7583 4072/3597/7583 4073/3595/7583
f 4082/3614/7584 4256/3608/7584 4073/3595/7584 3901/3594/7584
f 4081/3615/7585 4253/3604/7585 4256/3608/7585 4082/3614/7585
f 4080/3610/7586 4250/3601/7586 4253/3604/7586 4081/3615/7586
f 4259/3616/7587 4260/3617/7587 4263/3618/7587 4262/3619/7587
f 4260/3617/7588 4261/3620/7588 4264/3621/7588 4263/3618/7588
f 4262/3619/7589 4263/3618/7589 4266/3622/7589 4265/3623/7589
f 4263/3618/7590 4264/3621/7590 4267/3624/7590 4266/3622/7590
f 3910/3625/7591 4124/3626/7591 4259/3616/7591 4137/3627/7591
f 4124/3626/7592 4123/3628/7592 4260/3617/7592 4259/3616/7592
f 4123/3628/7593 4122/3629/7593 4261/3620/7593 4260/3617/7593
f 4122/3629/7594 3899/3630/7594 4056/3631/7594 4261/3620/7594
f 4261/3620/7595 4056/3631/7595 4057/3632/7595 4264/3621/7595
f 4264/3621/7596 4057/3632/7596 4058/3633/7596 4267/3624/7596
f 4267/3624/7597 4058/3633/7597 3896/3634/7597 4116/3635/7597
f 4266/3622/7598 4267/3624/7598 4116/3635/7598 4117/3636/7598
f 4265/3623/7599 4266/3622/7599 4117/3636/7599 4118/3637/7599
f 4139/3638/7600 4265/3623/7600 4118/3637/7600 3908/3639/7600
f 4138/3640/7601 4262/3619/7601 4265/3623/7601 4139/3638/7601
f 4137/3627/7602 4259/3616/7602 4262/3619/7602 4138/3640/7602
f 4268/3641/7603 4269/3642/7603 4272/3643/7603 4271/3644/7603
f 4269/3642/7604 4270/3645/7604 4273/3646/7604 4272/3643/7604
f 4271/3644/7605 4272/3643/7605 4275/3647/7605 4274/3648/7605
f 4272/3643/7606 4273/3646/7606 4276/3649/7606 4275/3647/7606
f 3908/3639/7607 4118/3637/7607 4268/3641/7607 4134/3650/7607
f 4118/3637/7608 4117/3636/7608 4269/3642/7608 4268/3641/7608
f 4117/3636/7609 4116/3635/7609 4270/3645/7609 4269/3642/7609
f 4116/3635/7610 3896/3634/7610 4059/3651/7610 4270/3645/7610
f 4270/3645/7611 4059/3651/7611 4060/3652/7611 4273/3646/7611
f 4273/3646/7612 4060/3652/7612 4061/3653/7612 4276/3649/7612
f 4276/3649/7613 4061/3653/7613 3898/3654/7613 4119/3655/7613
f 4275/3647/7614 4276/3649/7614 4119/3655/7614 4120/3656/7614
f 4274/3648/7615 4275/3647/7615 4120/3656/7615 4121/3657/7615
f 4136/3658/7616 4274/3648/7616 4121/3657/7616 3909/3659/7616
f 4135/3660/7617 4271/3644/7617 4274/3648/7617 4136/3658/7617
f 4134/3650/7618 4268/3641/7618 4271/3644/7618 4135/3660/7618
f 4277/3661/7619 4278/3662/7619 4281/3663/7619 4280/3664/7619
f 4278/3662/7620 4279/3665/7620 4282/3666/7620 4281/3663/7620
f 4280/3664/7621 4281/3663/7621 4284/3667/7621 4283/3668/7621
f 4281/3663/7622 4282/3666/7622 4285/3669/7622 4284/3667/7622
f 3911/3670/7623 4047/3671/7623 4277/3661/7623 4131/3672/7623
f 4047/3671/7624 4048/3673/7624 4278/3662/7624 4277/3661/7624
f 4048/3673/7625 4049/3674/7625 4279/3665/7625 4278/3662/7625
f 4049/3674/7626 3897/3675/7626 4062/3676/7626 4279/3665/7626
f 4279/3665/7627 4062/3676/7627 4063/3677/7627 4282/3666/7627
f 4282/3666/7628 4063/3677/7628 4064/3678/7628 4285/3669/7628
f 4285/3669/7629 4064/3678/7629 3899/3630/7629 4122/3629/7629
f 4284/3667/7630 4285/3669/7630 4122/3629/7630 4123/3628/7630
f 4283/3668/7631 4284/3667/7631 4123/3628/7631 4124/3626/7631
f 4133/3679/7632 4283/3668/7632 4124/3626/7632 3910/3625/7632
f 4132/3680/7633 4280/3664/7633 4283/3668/7633 4133/3679/7633
f 4131/3672/7634 4277/3661/7634 4280/3664/7634 4132/3680/7634
f 4286/3681/7635 4287/3682/7635 4290/3683/7635 4289/3684/7635
f 4287/3682/7636 4288/3685/7636 4291/3686/7636 4290/3683/7636
f 4289/3684/7637 4290/3683/7637 4293/3687/7637 4292/3688/7637
f 4290/3683/7638 4291/3686/7638 4294/3689/7638 4293/3687/7638
f 3909/3659/7639 4121/3657/7639 4286/3681/7639 4128/3690/7639
f 4121/3657/7640 4120/3656/7640 4287/3682/7640 4286/3681/7640
f 4120/3656/7641 4119/3655/7641 4288/3685/7641 4287/3682/7641
f 4119/3655/7642 3898/3654/7642 4065/3691/7642 4288/3685/7642
f 4288/3685/7643 4065/3691/7643 4066/3692/7643 4291/3686/7643
f 4291/3686/7644 4066/3692/7644 4067/3693/7644 4294/3689/7644
f 4294/3689/7645 4067/3693/7645 3897/3694/7645 4049/3695/7645
f 4293/3687/7646 4294/3689/7646 4049/3695/7646 4048/3696/7646
f 4292/3688/7647 4293/3687/7647 4048/3696/7647 4047/3697/7647
f 4130/3698/7648 4292/3688/7648 4047/3697/7648 3911/3699/7648
f 4129/3700/7649 4289/3684/7649 4292/3688/7649 4130/3698/7649
f 4128/3690/7650 4286/3681/7650 4289/3684/7650 4129/3700/7650
f 4295/3701/7651 4296/3702/7651 4299/3703/7651 4298/3704/7651
f 4296/3702/7652 4297/3705/7652 4300/3706/7652 4299/3703/7652
f 4298/3704/7653 4299/3703/7653 4302/3707/7653 4301/3708/7653
f 4299/3703/7654 4300/3706/7654 4303/3709/7654 4302/3707/7654
f 3906/3710/7655 4100/3711/7655 4295/3701/7655 4113/3712/7655
f 4100/3711/7656 4099/3713/7656 4296/3702/7656 4295/3701/7656
f 4099/3713/7657 4098/3714/7657 4297/3705/7657 4296/3702/7657
f 4098/3714/7658 3903/3558/7658 4080/3610/7658 4297/3705/7658
f 4297/3705/7659 4080/3610/7659 4081/3615/7659 4300/3706/7659
f 4300/3706/7660 4081/3615/7660 4082/3614/7660 4303/3709/7660
f 4303/3709/7661 4082/3614/7661 3901/3594/7661 4092/3715/7661
f 4302/3707/7662 4303/3709/7662 4092/3715/7662 4093/3716/7662
f 4301/3708/7663 4302/3707/7663 4093/3716/7663 4094/3717/7663
f 4115/3718/7664 4301/3708/7664 4094/3717/7664 3904/3719/7664
f 4114/3720/7665 4298/3704/7665 4301/3708/7665 4115/3718/7665
f 4113/3712/7666 4295/3701/7666 4298/3704/7666 4114/3720/7666
f 4304/3721/7667 4305/3722/7667 4308/3723/7667 4307/3724/7667
f 4305/3722/7668 4306/3725/7668 4309/3726/7668 4308/3723/7668
f 4307/3724/7669 4308/3723/7669 4311/3727/7669 4310/3728/7669
f 4308/3723/7670 4309/3726/7670 4312/3729/7670 4311/3727/7670
f 3904/3719/7671 4094/3717/7671 4304/3721/7671 4110/3730/7671
f 4094/3717/7672 4093/3716/7672 4305/3722/7672 4304/3721/7672
f 4093/3716/7673 4092/3715/7673 4306/3725/7673 4305/3722/7673
f 4092/3715/7674 3901/3594/7674 4083/3596/7674 4306/3725/7674
f 4306/3725/7675 4083/3596/7675 4084/3600/7675 4309/3726/7675
f 4309/3726/7676 4084/3600/7676 4085/3599/7676 4312/3729/7676
f 4312/3729/7677 4085/3599/7677 3902/3520/7677 4095/3731/7677
f 4311/3727/7678 4312/3729/7678 4095/3731/7678 4096/3732/7678
f 4310/3728/7679 4311/3727/7679 4096/3732/7679 4097/3733/7679
f 4112/3734/7680 4310/3728/7680 4097/3733/7680 3905/3735/7680
f 4111/3736/7681 4307/3724/7681 4310/3728/7681 4112/3734/7681
f 4110/3730/7682 4304/3721/7682 4307/3724/7682 4111/3736/7682
f 4313/3737/7683 4314/3738/7683 4317/3739/7683 4316/3740/7683
f 4314/3738/7684 4315/3741/7684 4318/3742/7684 4317/3739/7684
f 4316/3740/7685 4317/3739/7685 4320/3743/7685 4319/3744/7685
f 4317/3739/7686 4318/3742/7686 4321/3745/7686 4320/3743/7686
f 3907/3746/7687 4068/3747/7687 4313/3737/7687 4107/3748/7687
f 4068/3747/7688 4069/3749/7688 4314/3738/7688 4313/3737/7688
f 4069/3749/7689 4070/3750/7689 4315/3741/7689 4314/3738/7689
f 4070/3750/7690 3900/3544/7690 4086/3546/7690 4315/3741/7690
f 4315/3741/7691 4086/3546/7691 4087/3559/7691 4318/3742/7691
f 4318/3742/7692 4087/3559/7692 4088/3557/7692 4321/3745/7692
f 4321/3745/7693 4088/3557/7693 3903/3558/7693 4098/3714/7693
f 4320/3743/7694 4321/3745/7694 4098/3714/7694 4099/3713/7694
f 4319/3744/7695 4320/3743/7695 4099/3713/7695 4100/3711/7695
f 4109/3751/7696 4319/3744/7696 4100/3711/7696 3906/3710/7696
f 4108/3752/7697 4316/3740/7697 4319/3744/7697 4109/3751/7697
f 4107/3748/7698 4313/3737/7698 4316/3740/7698 4108/3752/7698
f 4322/3753/7699 4323/3754/7699 4326/3755/7699 4325/3756/7699
f 4323/3754/7700 4324/3757/7700 4327/3758/7700 4326/3755/7700
f 4325/3756/7701 4326/3755/7701 4329/3759/7701 4328/3760/7701
f 4326/3755/7702 4327/3758/7702 4330/3761/7702 4329/3759/7702
f 3905/3735/7703 4097/3733/7703 4322/3753/7703 4104/3762/7703
f 4097/3733/7704 4096/3732/7704 4323/3754/7704 4322/3753/7704
f 4096/3732/7705 4095/3731/7705 4324/3757/7705 4323/3754/7705
f 4095/3731/7706 3902/3520/7706 4089/3522/7706 4324/3757/7706
f 4324/3757/7707 4089/3522/7707 4090/3534/7707 4327/3758/7707
f 4327/3758/7708 4090/3534/7708 4091/3532/7708 4330/3761/7708
f 4330/3761/7709 4091/3532/7709 3900/3533/7709 4070/3763/7709
f 4329/3759/7710 4330/3761/7710 4070/3763/7710 4069/3764/7710
f 4328/3760/7711 4329/3759/7711 4069/3764/7711 4068/3765/7711
f 4106/3766/7712 4328/3760/7712 4068/3765/7712 3907/3767/7712
f 4105/3768/7713 4325/3756/7713 4328/3760/7713 4106/3766/7713
f 4104/3762/7714 4322/3753/7714 4325/3756/7714 4105/3768/7714
f 4331/3769/7715 4332/3770/7715 4335/3771/7715 4334/3772/7715
f 4332/3770/7716 4333/3773/7716 4336/3774/7716 4335/3771/7716
f 4334/3772/7717 4335/3771/7717 4338/3775/7717 4337/3776/7717
f 4335/3771/7718 4336/3774/7718 4339/3777/7718 4338/3775/7718
f 3898/3654/7719 4052/3778/7719 4331/3769/7719 4065/3691/7719
f 4052/3778/7720 4051/3779/7720 4332/3770/7720 4331/3769/7720
f 4051/3779/7721 4050/3780/7721 4333/3773/7721 4332/3770/7721
f 4050/3780/7722 3905/3735/7722 4104/3762/7722 4333/3773/7722
f 4333/3773/7723 4104/3762/7723 4105/3768/7723 4336/3774/7723
f 4336/3774/7724 4105/3768/7724 4106/3766/7724 4339/3777/7724
f 4339/3777/7725 4106/3766/7725 3907/3767/7725 4103/3781/7725
f 4338/3775/7726 4339/3777/7726 4103/3781/7726 4102/3782/7726
f 4337/3776/7727 4338/3775/7727 4102/3782/7727 4101/3783/7727
f 4067/3693/7728 4337/3776/7728 4101/3783/7728 3897/3694/7728
f 4066/3692/7729 4334/3772/7729 4337/3776/7729 4067/3693/7729
f 4065/3691/7730 4331/3769/7730 4334/3772/7730 4066/3692/7730
f 4340/3784/7731 4341/3785/7731 4344/3786/7731 4343/3787/7731
f 4341/3785/7732 4342/3788/7732 4345/3789/7732 4344/3786/7732
f 4343/3787/7733 4344/3786/7733 4347/3790/7733 4346/3791/7733
f 4344/3786/7734 4345/3789/7734 4348/3792/7734 4347/3790/7734
f 3897/3675/7735 4101/3793/7735 4340/3784/7735 4062/3676/7735
f 4101/3793/7736 4102/3794/7736 4341/3785/7736 4340/3784/7736
f 4102/3794/7737 4103/3795/7737 4342/3788/7737 4341/3785/7737
f 4103/3795/7738 3907/3746/7738 4107/3748/7738 4342/3788/7738
f 4342/3788/7739 4107/3748/7739 4108/3752/7739 4345/3789/7739
f 4345/3789/7740 4108/3752/7740 4109/3751/7740 4348/3792/7740
f 4348/3792/7741 4109/3751/7741 3906/3710/7741 4053/3796/7741
f 4347/3790/7742 4348/3792/7742 4053/3796/7742 4054/3797/7742
f 4346/3791/7743 4347/3790/7743 4054/3797/7743 4055/3798/7743
f 4064/3678/7744 4346/3791/7744 4055/3798/7744 3899/3630/7744
f 4063/3677/7745 4343/3787/7745 4346/3791/7745 4064/3678/7745
f 4062/3676/7746 4340/3784/7746 4343/3787/7746 4063/3677/7746
f 4349/3799/7747 4350/3800/7747 4353/3801/7747 4352/3802/7747
f 4350/3800/7748 4351/3803/7748 4354/3804/7748 4353/3801/7748
f 4352/3802/7749 4353/3801/7749 4356/3805/7749 4355/3806/7749
f 4353/3801/7750 4354/3804/7750 4357/3807/7750 4356/3805/7750
f 3896/3634/7751 4046/3808/7751 4349/3799/7751 4059/3651/7751
f 4046/3808/7752 4045/3809/7752 4350/3800/7752 4349/3799/7752
f 4045/3809/7753 4044/3810/7753 4351/3803/7753 4350/3800/7753
f 4044/3810/7754 3904/3719/7754 4110/3730/7754 4351/3803/7754
f 4351/3803/7755 4110/3730/7755 4111/3736/7755 4354/3804/7755
f 4354/3804/7756 4111/3736/7756 4112/3734/7756 4357/3807/7756
f 4357/3807/7757 4112/3734/7757 3905/3735/7757 4050/3780/7757
f 4356/3805/7758 4357/3807/7758 4050/3780/7758 4051/3779/7758
f 4355/3806/7759 4356/3805/7759 4051/3779/7759 4052/3778/7759
f 4061/3653/7760 4355/3806/7760 4052/3778/7760 3898/3654/7760
f 4060/3652/7761 4352/3802/7761 4355/3806/7761 4061/3653/7761
f 4059/3651/7762 4349/3799/7762 4352/3802/7762 4060/3652/7762
f 4358/3811/7763 4359/3812/7763 4362/3813/7763 4361/3814/7763
f 4359/3812/7764 4360/3815/7764 4363/3816/7764 4362/3813/7764
f 4361/3814/7765 4362/3813/7765 4365/3817/7765 4364/3818/7765
f 4362/3813/7766 4363/3816/7766 4366/3819/7766 4365/3817/7766
f 3899/3630/7767 4055/3798/7767 4358/3811/7767 4056/3631/7767
f 4055/3798/7768 4054/3797/7768 4359/3812/7768 4358/3811/7768
f 4054/3797/7769 4053/3796/7769 4360/3815/7769 4359/3812/7769
f 4053/3796/7770 3906/3710/7770 4113/3712/7770 4360/3815/7770
f 4360/3815/7771 4113/3712/7771 4114/3720/7771 4363/3816/7771
f 4363/3816/7772 4114/3720/7772 4115/3718/7772 4366/3819/7772
f 4366/3819/7773 4115/3718/7773 3904/3719/7773 4044/3810/7773
f 4365/3817/7774 4366/3819/7774 4044/3810/7774 4045/3809/7774
f 4364/3818/7775 4365/3817/7775 4045/3809/7775 4046/3808/7775
f 4058/3633/7776 4364/3818/7776 4046/3808/7776 3896/3634/7776
f 4057/3632/7777 4361/3814/7777 4364/3818/7777 4058/3633/7777
f 4056/3631/7778 4358/3811/7778 4361/3814/7778 4057/3632/7778
f 4367/3820/7779 4368/3821/7779 4371/3822/7779 4370/3823/7779
f 4368/3821/7780 4369/3824/7780 4372/3825/7780 4371/3822/7780
f 4370/3823/7781 4371/3822/7781 4374/3826/7781 4373/3827/7781
f 4371/3822/7782 4372/3825/7782 4375/3828/7782 4374/3826/7782
f 3891/3578/7783 4022/3829/7783 4367/3820/7783 4034/3830/7783
f 4022/3829/7784 4021/3831/7784 4368/3821/7784 4367/3820/7784
f 4021/3831/7785 4020/3832/7785 4369/3824/7785 4368/3821/7785
f 4020/3832/7786 3909/3659/7786 4128/3690/7786 4369/3824/7786
f 4369/3824/7787 4128/3690/7787 4129/3700/7787 4372/3825/7787
f 4372/3825/7788 4129/3700/7788 4130/3698/7788 4375/3828/7788
f 4375/3828/7789 4130/3698/7789 3911/3699/7789 4127/3833/7789
f 4374/3826/7790 4375/3828/7790 4127/3833/7790 4126/3834/7790
f 4373/3827/7791 4374/3826/7791 4126/3834/7791 4125/3835/7791
f 4032/3836/7792 4373/3827/7792 4125/3835/7792 3895/3837/7792
f 4033/3838/7793 4370/3823/7793 4373/3827/7793 4032/3836/7793
f 4034/3830/7794 4367/3820/7794 4370/3823/7794 4033/3838/7794
f 4376/3839/7795 4377/3840/7795 4380/3841/7795 4379/3842/7795
f 4377/3840/7796 4378/3843/7796 4381/3844/7796 4380/3841/7796
f 4379/3842/7797 4380/3841/7797 4383/3845/7797 4382/3846/7797
f 4380/3841/7798 4381/3844/7798 4384/3847/7798 4383/3845/7798
f 3895/3848/7799 4125/3849/7799 4376/3839/7799 4010/3850/7799
f 4125/3849/7800 4126/3851/7800 4377/3840/7800 4376/3839/7800
f 4126/3851/7801 4127/3852/7801 4378/3843/7801 4377/3840/7801
f 4127/3852/7802 3911/3670/7802 4131/3672/7802 4378/3843/7802
f 4378/3843/7803 4131/3672/7803 4132/3680/7803 4381/3844/7803
f 4381/3844/7804 4132/3680/7804 4133/3679/7804 4384/3847/7804
f 4384/3847/7805 4133/3679/7805 3910/3625/7805 4023/3853/7805
f 4383/3845/7806 4384/3847/7806 4023/3853/7806 4024/3854/7806
f 4382/3846/7807 4383/3845/7807 4024/3854/7807 4025/3855/7807
f 4008/3856/7808 4382/3846/7808 4025/3855/7808 3893/3857/7808
f 4009/3858/7809 4379/3842/7809 4382/3846/7809 4008/3856/7809
f 4010/3850/7810 4376/3839/7810 4379/3842/7810 4009/3858/7810
f 4385/3859/7811 4386/3860/7811 4389/3861/7811 4388/3862/7811
f 4386/3860/7812 4387/3863/7812 4390/3864/7812 4389/3861/7812
f 4388/3862/7813 4389/3861/7813 4392/3865/7813 4391/3866/7813
f 4389/3861/7814 4390/3864/7814 4393/3867/7814 4392/3865/7814
f 3889/3574/7815 4016/3868/7815 4385/3859/7815 4043/3575/7815
f 4016/3868/7816 4015/3869/7816 4386/3860/7816 4385/3859/7816
f 4015/3869/7817 4014/3870/7817 4387/3863/7817 4386/3860/7817
f 4014/3870/7818 3908/3639/7818 4134/3650/7818 4387/3863/7818
f 4387/3863/7819 4134/3650/7819 4135/3660/7819 4390/3864/7819
f 4390/3864/7820 4135/3660/7820 4136/3658/7820 4393/3867/7820
f 4393/3867/7821 4136/3658/7821 3909/3659/7821 4020/3832/7821
f 4392/3865/7822 4393/3867/7822 4020/3832/7822 4021/3831/7822
f 4391/3866/7823 4392/3865/7823 4021/3831/7823 4022/3829/7823
f 4041/3577/7824 4391/3866/7824 4022/3829/7824 3891/3578/7824
f 4042/3576/7825 4388/3862/7825 4391/3866/7825 4041/3577/7825
f 4043/3575/7826 4385/3859/7826 4388/3862/7826 4042/3576/7826
f 4394/3871/7827 4395/3872/7827 4398/3873/7827 4397/3874/7827
f 4395/3872/7828 4396/3875/7828 4399/3876/7828 4398/3873/7828
f 4397/3874/7829 4398/3873/7829 4401/3877/7829 4400/3878/7829
f 4398/3873/7830 4399/3876/7830 4402/3879/7830 4401/3877/7830
f 3893/3857/7831 4025/3855/7831 4394/3871/7831 4013/3880/7831
f 4025/3855/7832 4024/3854/7832 4395/3872/7832 4394/3871/7832
f 4024/3854/7833 4023/3853/7833 4396/3875/7833 4395/3872/7833
f 4023/3853/7834 3910/3625/7834 4137/3627/7834 4396/3875/7834
f 4396/3875/7835 4137/3627/7835 4138/3640/7835 4399/3876/7835
f 4399/3876/7836 4138/3640/7836 4139/3638/7836 4402/3879/7836
f 4402/3879/7837 4139/3638/7837 3908/3639/7837 4014/3870/7837
f 4401/3877/7838 4402/3879/7838 4014/3870/7838 4015/3869/7838
f 4400/3878/7839 4401/3877/7839 4015/3869/7839 4016/3868/7839
f 4011/3881/7840 4400/3878/7840 4016/3868/7840 3889/3574/7840
f 4012/3882/7841 4397/3874/7841 4400/3878/7841 4011/3881/7841
f 4013/3880/7842 4394/3871/7842 4397/3874/7842 4012/3882/7842
